numero_ao,acheteur_public,date_publication,objet_ao,dernier_delai,categorie,jours_restants
20261000565,Office du Thermalisme,07/10/2026,TRAVAUX DE CONCEPTION ET D'AMENAGEMENT D'UN STAND D'EXPOSITION EN LOCATION POUR LA PARTICIPATION DE L'ONTH AU SALON THERMALIES PARIS -FRANCE DU 21 AU 24 JANVIER 2027,09/11/2026 10:00,avis_ao,33
20261000756,Conseil régional du gouvernorat du Kef,07/10/2026,تهيئة وتعبيد الطرقات والمسالك الريفية وتصريف المياه ضمن العناصر التكميلية للقسطين الأول والثاني من برنامج التنمية المندمجة بولاية الكاف موزعة في خمسة أقساط:,22/10/2026 10:00,avis_ao,15
20261000755,Commissariat régional des affaires de la jeunesse et des sports Gafsa,06/10/2026,طلب عروض عدد 01/2026 صفقة بإجراءات مبسطة لاقتناء معدات وتجهيزات رياضية لفائدة المندوبية الجهوية للشباب والرياضة بقفصة لسنة 2026,26/10/2026 10:00,avis_ao,19
20261000754,Commune Beni Khiar,06/10/2026,collecte des déchets ménagères d'une zonne de la commune de beni khiar,27/10/2026 10:00,avis_ao,20
20261000752,Conseil regional de beja,06/10/2026,برنامج التنمية المندمجة القسط الثالث: انجاز أشغال بناء قاعة للرياضات الفردية بقبلاط,10/11/2026 10:00,avis_ao,34
20261000749,Commune Rafraf,06/10/2026,travaux d'assinissement et de voirie,09/11/2026 10:00,avis_ao,33
20261000750,Commune de Sousse,06/10/2026,Marché de location de camion pour le nettoiement de la ville de Sousse,22/10/2026 14:00,avis_ao,15
20261000748,Institut National de Neurologie Tunis,06/10/2026,ACQUISITION DES ACCESSOIRES PHARMACEUTIQUES,05/11/2026 10:00,avis_ao,29
20261000744,Direction régionale de l'équipement Kasserine,06/10/2026,"Amenagemnet et revetement de la piste rurale Torbkhana 5,1 km Délégation de Sbitela dans le gouvernerat de Kasserine Programme Speciale.",11/11/2026 09:30,avis_ao,35
20261000747,Commissariat Régional au Développement Agricole de Kairouan,06/10/2026,تهيئة المدخل الرئيسي لماوى السيارات بالمندوبية,06/11/2026 10:00,avis_ao,30
20261000745,"Direction Régionale de l'Equipement, de l'Habitat et de l'Aménagement du Territoire de Zaghouan",06/10/2026,Achèvement des travaux d'Entretien périodique du réseau des pistes rurales dans le Gouvernorat de Zaghouan (Programme 2021de renforcement des pistes rurales) Piste : BHIRA-ECHERAGUA A MRAYEH délégation Zaghouan,04/11/2026 10:00,avis_ao,28
20261000743,Commune Sidi Jedidi,06/10/2026,تهيئة الملعب حي بسيدي الجديدي,05/11/2026 10:00,avis_ao,29
20261000667,Agence Nationale pour la Maîtrise de l'Energie,06/10/2026,اقتناء سيارات إدارية لفائدة الوكالة الوطنية للتحكم في الطاقة,09/11/2026 10:00,avis_ao,33
20261000737,Institut des Régions Arides,06/10/2026,APPEL D'OFFRE 05/2026 Fourniture d'un Chromatographe en phase gazeuse,06/11/2026 09:00,avis_ao,30
20261000736,Institut Mohamed Kassab d'Orthopédie à Ksar Saïd,06/10/2026,"""Acquisition d'un véhicule utilitaire ( camion) """,27/10/2026 10:00,avis_ao,20
20261000726,Commissariat Régional au Développement Agricole de Kasserine,06/10/2026,"FOURNITURE, INSTALLATION, ESSAI ET MISE EN SERVICE DES EQUIPEMENTS HYDROMECANIQUES ET ELECTRIQUES DE LA STATION DE POMPAGE RELATIF AU PROJET DE : Boussafa-3, SF29-2, Loubira-2, Mzara-2",05/11/2026 09:30,avis_ao,29
20261000727,Hôpital régional de kébili,06/10/2026,MISE A DISPOSITION D'UNAUTOMATE DE LABORATOIRE AVEC ACHAT DE REACTIFS ET CONSOMMABLES LIES - Un automate d'hématologie,07/11/2026 10:00,avis_ao,31
20261000692,Société Régionale de Transport de Gafsa El Gawafel,06/10/2026,SOUSCRIPTION DES CONTRATS D'ASSURANCES POUR LES ANNÉES 2027-2028-2029,13/11/2026 10:00,avis_ao,37
20261000704,Société Tunisienne d'Electricité et de Gaz,06/10/2026,Acquisition des RTU de rechanges,12/11/2026 09:00,avis_ao,36
20261000695,Société des Services Nationaux et des Résidences,06/10/2026,FOURNITRURE MATERIELS INFORMATIQUE,16/10/2026 10:00,avis_ao,9
20261000636,Société Tunisienne de Sidérurgie ELFOULADH,06/10/2026,Audit énergétique thermique et électrique,12/11/2026 11:00,avis_ao,36
20261000687,Centre National de Formation de Formateurs et d'Ingénierie de Formation,06/10/2026,ACQUISITION DE MEUBLES AU PROFIT DU CENAFFIF,28/10/2026 10:00,avis_ao,21
20261000689,Société des Services Nationaux et des Résidences,06/10/2026,Fourniture de matériels informatique,31/12/2026 12:03,avis_ao,85
20261000688,Groupe Chimique Tunisien,06/10/2026,GFI2620128 Fourniture de dix lots de matériels électriques pour les usines du GCT à Gabès,24/11/2026 08:30,avis_ao,48
20261000686,Conseil regional de beja,06/10/2026,برنامج التنمية المندمجة القسط الثالث: بناء قاعة للرياضات الفردية بباجة الجنوبية-المعقولة,09/11/2026 10:00,avis_ao,33
20261000671,Compagnie des Phosphates de Gafsa,06/10/2026,TUYAUX FLEXIBLES ET ACCESSOIRES,12/11/2026 09:30,avis_ao,36
20261000668,Groupe Chimique Tunisien,06/10/2026,GFI2620127 Fourniture de trois lots de flexibles et produits de calorifugeage pour les usines du GCT à Gabès,24/11/2026 08:30,avis_ao,48
20261000666,Groupe Chimique Tunisien,06/10/2026,GFI2610068 Fourniture de trois lots de pièces de rechange pour les compresseurs d'air INGERSOLL RAND pour les usines du GCT à Gabès,24/11/2026 08:30,avis_ao,48
20261000663,Assemblée des représentants du peuple,06/10/2026,"Acquisition et installation d'un système numérique de gestion des discussions, de vote, de sonorisation et d'affichage dans la salle plénière de l'Assemblée des Représentants du peuple (Lot Électricité Courant Fort/ Lot Infrastructure Réseau Informatique Voix Donnée Image (Vdi) / Lot Audiovisuel)",20/11/2026 10:00,avis_ao,44
20261000659,Commissariat Régional au Développement Agricole de Gafsa,06/10/2026,اقتناء و نقل كوابل و معدات كهربائية لصيانة محطات الضخ,05/11/2026 09:00,avis_ao,29
20261000658,Société Tunisienne d'Electricité et de Gaz,06/10/2026,GROUPES ELECTROGENES,06/11/2026 09:00,avis_ao,30
20261000657,commune Dar Allouch,06/10/2026,acquisition materiel de proprete,10/11/2026 09:30,avis_ao,34
20261000654,Société Nationale d'Exploitation et de Distribution des Eaux,06/10/2026,"AO 64-2026 fourniture et livraison de la chaux hydratée à la station de traitement des eaux à Fernana et à la station de dessalement d'eau de mer à Djerba, de dioxyde de carbone aux stations de dessalement d'eau de mer à Djerba et Zarat et de soude caustique sous forme liquide aux stations de dessalement d'eau de mer à Djerba et Zarat et aux stations de dessalement d'eau saumâtre à Guellala, Gabes et Zarzis",10/11/2026 09:00,avis_ao,34
20261000656,Conseil regional de ben arous,06/10/2026,انجاز مشروع بناء مقر سرية الخيالة للحرس الوطني ببرج السدرية القسط الثاني,17/11/2026 10:00,avis_ao,41
20261000655,Hôpital Aziza Othmana de Tunis,06/10/2026,A.O POUR L'APPROVISIONNEMENT EN FOURNITURES DE BUREAU ET CONSOMMABLES INFORMATIQUES 2026,06/11/2026 10:00,avis_ao,30
20261000627,Société Nationale d'Exploitation et de Distribution des Eaux,06/10/2026,"AO 78-2026 Fourniture et livraison d'Hypochlorite de Sodium à 48° aux districts Marsa, Ariana, EL Omrane Sup, El Manar, Manouba, Tunis Ville, Tunis Sud, Bardo, Ben Arous et Ezzahra",10/11/2026 09:00,avis_ao,34
20260800023,Ministère de la Défense Nationale,06/10/2026,Travaux de réaménagement de porte des Hangars des unités aérienne de l'armée de l'air,06/11/2026 10:00,avis_ao,30
20261000653,Office des Céréales,06/10/2026,Fourniture de matériels pour la conservation des échantillons de céréales,09/11/2026 12:00,avis_ao,33
20261000652,Imprimerie officielle de la république tunisienne,06/10/2026,Machine pour collage couvertures des livrets,17/11/2026 10:00,avis_ao,41
20261000651,Imprimerie officielle de la république tunisienne,06/10/2026,papier pour visa,10/11/2026 10:00,avis_ao,34
20261000404,Conseil régional de Mahdia,06/10/2026,Construction d'une unité de dialyse à la Chebba,09/11/2026 10:00,avis_ao,33
20261000622,Centre de vacance et loisirs pour enfants Hamamet,06/10/2026,تعشيب و تسييج ملعب كرة قدم 6 اشخاص بمركز اصطياف و ترفيه الاطفال بالحمامات,05/11/2026 09:00,avis_ao,29
20261000650,ACADEMIE MILITAIRE,06/10/2026,Acquisition de chariot élévateur Diesel et une mini chargeuse sur pneus,06/11/2026 10:00,avis_ao,30
20261000649,Hôpital Abderrahmane Mami de Pneumophistiologie,06/10/2026,PROJET DE CONSTRUCTION D'UN MUR DE SOUTENEMENT ET TRAVAUX DE VOIRIE ET RESEAUX DIVERS A L'HOPITAL ABDERAHMANE MAMI DE L'ARIANA PROJET DE CONSTRUCTION D'UN MUR DE SOUTENEMENT ET TRAVAUX DE VOIRIE ET RESEAUX DIVERS A L'HOPITAL ABDERAHMANE MAMI DE L'ARIANA (composé d'un (01) lot unique),07/11/2026 09:00,avis_ao,31
20261000648,Commune de Tozeur,05/10/2026,لأشغال بناء سياج لسوق الجملة للخضر والغلال و التمور ببلدية بتوزر,25/10/2026 10:00,avis_ao,18
20261000647,"Ministère de l'Equipement, l'habitat et l'aménagement du territoire",05/10/2026,Travaux de protection contre les inondations de la ville de Maamoura,06/11/2026 09:00,avis_ao,30
20261000646,Manufacture des Tabacs de Kairouan,05/10/2026,Prestations de Transport Terrestre,05/11/2026 10:00,avis_ao,29
20261000645,"Direction Régionale de l'Equipement, de l'Habitat et de l'Aménagement du Territoire de Tataouine",05/10/2026,"mission d'assistance technique, de contrôle et de suivi des Travaux d'entretien et de réhabilitation des deux ouvrages d'art sur la RN19 (oued tataouine PK47+700 et oued maztouria PK50+700) dans le gouvernorat de Tataouine",27/10/2026 10:00,avis_ao,20
20261000644,Commissariat régional de l'éducation de Zaghouan,05/10/2026,Projet d'entretien et d'extension des établissements scolaires à Zaghouan Programme 2025/2026 APPEL D'OFFRE 16/2026 lot n° 06 entretien de l'ecole primaire ain batria zaghouan,05/11/2026 10:00,avis_ao,29
20261000643,Gouvernorat de sousse,05/10/2026,concours National d'Architecture DÉMOLITION ET RECONSTRUCTION DES ESPACES DE L'ECOLE NATIONALE DE FORMATION DES INSPECTEURS A SOUSSE.(Démolition du foyer et construction d'une administration),06/11/2026 09:00,avis_ao,30
20261000642,Commune fouchena,05/10/2026,Travaux d'aménagement extérieur du stade municipal de Fouchana,06/11/2026 10:00,avis_ao,30
20261000641,Agence de Réhabilitation et de Rénovation Urbaine,05/10/2026,APPEL D'OFFRES N°84 /2026 Travaux de Réhabilitation du qurtier El Rassed ElJaoui dans la commune de Remada - Gouvernorat Tataouine. Programme de Réhabilitation et d'Intégration des Quartiers d'Habitation - 2ème génération,05/11/2026 12:00,avis_ao,29
20261000638,Agence de Réhabilitation et de Rénovation Urbaine,05/10/2026,APPEL D'OFFRES N°83 /2026 Travaux de Réhabilitation de quartier El Medou-Commune de TBOULBOU-Gouvernorat de GABES Programme de Réhabilitation et d'Intégration des Quartiers d'Habitation - 2ème génération,05/11/2026 12:00,avis_ao,29
20261000621,école nationale des prisons et de réeducation,05/10/2026,Traiteur à l'école nationale des prisons et de la rééducation,05/11/2026 11:00,avis_ao,29
20261000639,Assemblée des représentants du peuple,05/10/2026,"Acquisition d'équipements, matériels informatiques et logiciels y afférents",02/11/2026 10:00,avis_ao,26
20261000640,Commune d'Ariana,05/10/2026,"Acquisition de DE FOURNITURES , EQUIPEMENTS ET MATERIELS ELECTRIQUES pour l'année 2026",06/11/2026 10:00,avis_ao,30
20261000631,Ministère de l'Agriculture,05/10/2026,Fourniture des quatre électropompes submersibles pour la station de sidi Ismail,12/11/2026 10:30,avis_ao,36
20261000612,Conseil regional de beja,05/10/2026,تهيئة قسم النهوض الاجتماعي والوحدات التابعة لها (وحدتي قبلاط و نفزة),05/11/2026 10:00,avis_ao,29
20261000637,Commune de Jammel,05/10/2026,Travaux d'embellissement urbain : pavage de certaines ruelles de la médina de Jemmal en pierres polies (programme 2025).,04/11/2026 10:00,avis_ao,28
20261000630,Agence de Réhabilitation et de Rénovation Urbaine,05/10/2026,APPEL D'OFFRES N° 82/2026 TRAVAUX D'ECLAIRAGE PUBLIC AUX QUARTIERS HACHAAD KABOUDIA A CHEBBA ET LAHKAIMA A LAHKAIMA GOUVERNORAT MAHDIA EN DEUX LOTS (EN 02 LOTS),04/11/2026 12:00,avis_ao,28
20261000635,Office de la Marine Marchande et des Ports,05/10/2026,ACHEVEMENT DES TRAVAUX D'AMENAGEMENT DES BOX DE CONTROLE POLICE ET DOUANE A LA GARE MARITIME AU PORT DE LA GOULETTE,13/11/2026 10:00,avis_ao,37
20261000634,"Direction Régionale de l'Equipement, de l'Habitat et de l'Aménagement du Territoire de la Manouba",05/10/2026,ENTRETIEN DE PISTES RURALES SITUEES AU GOUVERNORAT DE MANOUBA PROGRAMME 2026 - LOT N°2,09/11/2026 10:00,avis_ao,33
20261000632,Commune d'El krib,05/10/2026,صفقة بالإجراءات المبسطة لتهيئة شبكة الصرف الصحي ببلدية الكريب (على مستوى الطريق الجهوية 47 وشارع الحبيب بورقيبة),06/11/2026 10:00,avis_ao,30
20261000616,Centre Informatique du Ministère des Finances,05/10/2026,PRESTATION DE TRANSPORT DU PERSONNEL DU CENTRE INFORMATIQUE DU MINISTERE DES FINANCES,04/11/2026 10:00,avis_ao,28
20261000629,Hôpital Régional de Menzel Bourguiba,05/10/2026,ACQUISITION ACC. MED. ET PT CHIMIQUES POUR SCE DIALYSE,05/11/2026 10:00,avis_ao,29
20261000626,Société Tunisienne des Marchés de Gros,05/10/2026,Désignation d'un cabinet de consultants pour l'élaboration d'une cartographie des risques de la SOTUMAG et du marché d'intérêt national de bir- Kassaa,16/11/2026 10:00,avis_ao,40
20261000604,Gouvernorat de Kébili,05/10/2026,بناء مركز الفنون الركحية والدرامية بقبلي,04/11/2026 10:30,avis_ao,28
20261000628,Centre d'Etudes et de Recherche des Télécommunications,05/10/2026,"Exécution du projet d'aménagement et décoration des espaces au Centre d'Études, de Recherche des Communications",10/11/2026 10:00,avis_ao,34
20261000607,Conseil Régional de Tunis,05/10/2026,متابعة ومراقبة أشغال توسعة كلية العلوم الاقتصادية والتصرف بتونس,05/11/2026 09:00,avis_ao,29
20261000625,Agence Tunisienne de Solidarité,05/10/2026,APPEL D'OFFRES NATIONAL CADRE N005/2026 POUR LA SOUSCRIPTION AUX CONTRATS D'ASSURANCES (DU 01 JANVIER 2027AU 3 IDECEMBRE 2029),06/11/2026 10:00,avis_ao,30
20261000624,Caisse Nationale de l'Assurance Maladie,05/10/2026,Acquisition de moyens de transport,05/11/2026 08:30,avis_ao,29
20261000606,Office du Commerce de Tunisie,05/10/2026,"pour le Transport de sucre blanc, entre la Société Tunisienne de Sucre à Béja et/ou centre de Béja et les Centres de Stockage et de Distribution et S/Traitants de l'OCT",04/11/2026 10:00,avis_ao,28
20261000620,Centre de Promotion des Exportations,05/10/2026,Réalisation du pavillon tunisien au Salon International Médica 2026,20/10/2026 10:00,avis_ao,13
20261000619,Société Régionale de Transport Gouvernorat de Kairouan,05/10/2026,TRAVAUX D'ASSAINISSEMENT EN EAUX USEES DU PARC DE LA SORETRAK,11/11/2026 10:00,avis_ao,35
20261000618,Conseil régional de Gabès,05/10/2026,"إحداث بئر عميقة للماء الصالح للشرب : بئر ""زمرتن 2"" على عمق 250 متر (معتمدية دخيلة توجان).",04/11/2026 09:00,avis_ao,28
20261000617,Hôpital de circonscription d'Enfidha,05/10/2026,Appel d'offres n° 1/2027 pour la restauration des patients et du personnel de garde à l'hôpital local d'Enfidha.,04/11/2026 09:37,avis_ao,28
20261000609,le théâtre de l'opéra,05/10/2026,Hébergement pour les participants aux festivals internationaux et à divers événements culturels organisés par Théatre de l'Opéra (pour la 2 ème fois),05/11/2026 12:00,avis_ao,29
20261000611,Centre de Calcul El-Khawarizmi,05/10/2026,Renouvellement des licences et maintenance des équipements de sécurité du WAF DATA CENTER,04/11/2026 10:00,avis_ao,28
20261000613,Groupe Chimique Tunisien,05/10/2026,aff 4 /2026,07/10/2026 08:45,avis_ao,0
20261000610,Conseil régional de Gabès,05/10/2026,اقتناء تجهيزات هيدروميكانيكية وكهربائية احتياطية لمحطات الضخ للماء الصالح للشرب لفائدة الشركة الوطنية لاستغلال وتوزيع المياه بولاية قابس,03/11/2026 09:00,avis_ao,27
20261000603,Gouvernorat de Kébili,05/10/2026,احداث فضاء الرماية بجمنة- قبلي,04/11/2026 10:00,avis_ao,28
20261000602,بلدية قلعة الأندلس,05/10/2026,اشغال تهيئة طريق حوال الواد ببلدية قلعة الاندلس,06/11/2026 11:00,avis_ao,30
20261000601,Ministère de la Défense Nationale,05/10/2026,Acquisition de pièces de rechange pour la maintenance du matériel médical,06/11/2026 10:00,avis_ao,30
20261000598,Agence Foncière Industrielle,05/10/2026,Travaux d'aménagement de la zone industrielle Ras El Marj Gouvernorat de Monastir,11/11/2026 09:00,avis_ao,35
20261000590,Hôpital Régional de Tataouine,05/10/2026,اقتناء حاجيات مطبخ المستشفى الجهوي بتطاوين خلال سنة 2027,09/11/2026 10:00,avis_ao,33
20261000599,Hôpital Mongi Slim à la Marsa,05/10/2026,"collecte, transport, traitement et l'élimination finale des déchets d'activités de soins ainsi que l'acquisition de consommables (sacs jaune en plastique+ collecteurs) pour le conditionnement des déchets dangereux",06/11/2026 10:00,avis_ao,30
20261000597,Commune de redeyef,04/10/2026,Travaux de réhabilitation du quartier Maghreb Arabe à Redeyef,05/11/2026 11:00,avis_ao,29
20261000596,Office des œuvres scolaires,03/10/2026,Approvisionnement en viande de volaille et en œufs pour les cantines des collèges et des lycées.,04/11/2026 10:00,avis_ao,28
20261000595,Conseil Régional du Gouvernorat de Nabeul,03/10/2026,مشروع تهيئة مركز رعاية المسنين بقرمبالية,10/11/2026 10:00,avis_ao,34
20261000397,Hôpital militaire universitaire sfax,03/10/2026,أشغال إنجاز وحدة قسطرة وإقتناء وتركيز وربط محول ومولد كهربائي بالمستشفى العسكري الجامعي بصفاقس,20/10/2026 12:00,avis_ao,13
20261000594,Conseil Régional du Gouvernorat de Nabeul,03/10/2026,تهيئة مربض للسيارات وتبليط الساحة الخارجية و تجديد الشبكة الخارجية لتصريف المياه المستعملة بالمستشفى المحلي بمنزل بوزلفة,09/11/2026 10:00,avis_ao,33
20261000593,Compagnie des Transports par Pipe- lines au Sahara,03/10/2026,Travaux de réparation des moteurs principaux du remorqueur DOULEB de la TRAPSA à la SKHIRA.,02/11/2026 10:00,avis_ao,26
20261000589,Commune Meknassy,03/10/2026,construction de parc municipal,03/11/2026 10:00,avis_ao,27
20260902297,Hôpital militaire universitaire sfax,03/10/2026,اقتناء معدات و لوازم اعلامية و برمجيات و طابعات و الات نسخ لفائدة المستشفى العسكري الجامعي بصفاقس,04/11/2026 12:00,avis_ao,28
20261000592,Hôpital Charles Nicolle de Tunis,03/10/2026,APPROVISIONNEMENT EN DISPOSITIFS MEDICAUX AU PROFIT DU SERVICE MAXILLO-FACIALE,09/11/2026 10:00,avis_ao,33
20260902256,Hôpital militaire universitaire sfax,03/10/2026,إقتناء وتركيز منظومة معلومات إستشفائية HIS بالمستشفى العسكري الجامعي بصفاقس,03/11/2026 12:00,avis_ao,27
20261000591,Compagnie des Transports par Pipe- lines au Sahara,03/10/2026,Carénage et réparation à sec de la pilotine de La TRAPSA,03/11/2026 10:00,avis_ao,27
20261000588,Restaurant universitaire les roses Monastir,02/10/2026,طلب عروض وطني لاقتناء مواد غذائية لتسديد حاجياته خلال سنة 2027,05/11/2026 13:00,avis_ao,29
20261000587,Société Tunisienne d'Electricité et de Gaz,02/10/2026,Réalisation clés en main des Centrales à Moteurs à Gaz Multi-sites d'une puissance cumulée totale de 200 MW.,06/11/2026 09:00,avis_ao,30
20261000586,Commissariat régional de l'éducation de Ben Arous,02/10/2026,Appel d'offres numéro 12-2024 ( pour la troisième fois) relatif aux travaux d'entretien des établissements scolaires à Ben Arous,04/11/2026 09:00,avis_ao,28
20261000585,Commissariat régional de l'éducation de Médnine,02/10/2026,"Travaux d'Entretien et Aménagement des blocs techniques, technologiques et scientifiques au lycée Benguerdeine.",03/11/2026 09:00,avis_ao,27
20261000584,Ecole Nationale d'Administration,02/10/2026,préparation et fourniture de repas au restaurant de l'ENA,03/11/2026 10:00,avis_ao,27
20261000583,Commune de Denden,02/10/2026,اشغال تعصير شبكة الطرقات بالدندان,05/11/2026 10:00,avis_ao,29
20261000582,Hopital Circonscription EL Jem Tunisie,02/10/2026,خدمات مناولة تغذية المرضى المقيمين ورضى قسم تصفية الدم وأطباء و أعوان الاستمرار,27/10/2026 10:00,avis_ao,20
20261000580,Société Tunisienne d'Aviculture,02/10/2026,souscription des contrats d'assurances pour les années 2027/2028/2029,03/11/2026 10:00,avis_ao,27
20261000395,Commissariat régional de l'éducation de Gafsa,02/10/2026,Travaux de Construction d'un laboratoire technique au Lycée Secondaire Route de Tozeur à Gafsa,03/11/2026 09:30,avis_ao,27
20261000577,Commissariat régional des affaires culturelles de Tataouine,02/10/2026,Acquisition d'équipements au profit des établissements culturels du gouvernorat de Tataouine au titre de l'année 2026,03/11/2026 10:00,avis_ao,27
20261000579,Office de Développement Sylvo Pastoral du Nord-Ouest,02/10/2026,"Hôtellerie (agence d'organisation d'événement, équipement de salle …) 2027-2029",05/11/2026 14:00,avis_ao,29
20261000578,Compagnie des Transports par Pipe- lines au Sahara,02/10/2026,Travaux de réparation des moteurs principaux du remorqueur DOULEB de la TRAPSA à la SKHIRA.,02/11/2026 10:00,avis_ao,26
20260901878,Ministère de la Défense Nationale,02/10/2026,أشغال إنجاز مبنى بثكنة بمنزل جميل,02/11/2026 11:00,avis_ao,26
20261000345,Commune de Ben Arous,02/10/2026,Appel à la candidature pour le choix d'un architecte ou groupement d'architectes pour élaborer des études architecturales et le suivi des travaux relatifs aux projets de réaménagement du stade municipal de Ben Arous,04/11/2026 11:00,avis_ao,28
20261000576,Société Nationale Immobilière de Tunisie,02/10/2026,"la réalisation des études et travaux de construction de 217 logements semi collectifs et collectifs sociaux clé en main des résidences **NOUR** et **BOUDOUR** et la viabilisation du lotissement AL Ichrak sis à Fouchena, Gouvernorat de Ben Arous",06/11/2026 09:00,avis_ao,30
20261000575,Institut de Traduction de Tunis,02/10/2026,"Location et installation d'une tente, des stands d'exposition et leurs accessoires à la Cité de la Culture pour la foire nationale du livre",12/10/2026 10:00,avis_ao,5
20261000572,Institut Mohamed Kassab d'Orthopédie à Ksar Saïd,02/10/2026,"Contrôle technique (Conception et Exécution) de projets de Construction, d'aménagement et de rénovation à l'Institut M. Kassab (Objet des 9 Lots)",02/11/2026 10:00,avis_ao,26
20261000574,Centre de Promotion des Exportations,02/10/2026,REALISATION DU PAVILLON TUNISIEN AU SALON INTERNATIONAL FOOD INGREDIENTS EUROPE 2026,16/10/2026 10:00,avis_ao,9
20261000573,"Direction Régionale de l'Equipement, de l'Habitat et de l'Aménagement du Territoire de Gafsa",02/10/2026,"Fourniture et Pose de la Signalisation Verticale, Horizontale et Glissière de Sécurité Programme 2025",27/10/2026 09:30,avis_ao,20
20261000570,Conseil Régional De Bizerte,02/10/2026,PARACHEVEMENT CONSTRUCTION DE QUATRE MIRADORS A LA BRIGADE D'INTERVENTION DE LA GARDE NATIONAL DE BIZERTE,03/11/2026 10:00,avis_ao,27
20261000569,"Direction Régionale de l'Equipement, de l'Habitat et de l'Aménagement du Territoire de Mahdia",02/10/2026,"MISSION DE CONTROLE, DE SUIVI ET D'ASSISTANCE TECHNIQUE DES TRAVAUX DE REHABILITATION DE LA RL868 ( DU PK 0 AU PK 8) DANS LE GOUVERNORAT DE MAHDIA",03/11/2026 10:00,avis_ao,27
20261000568,Commune Khelidia,02/10/2026,دراسة مراجعة مثال التهيئة العمرانية لبلدية الخليديّة,02/11/2026 10:00,avis_ao,26
20261000567,Commissariat Régional au Développement Agricole de Zaghouan,02/10/2026,Acquisition d'une bulldozer sur chenilles,02/11/2026 10:00,avis_ao,26
20261000566,Office de la Topographie et du Cadastre,02/10/2026,Acquisition et installation du matériel de conservation des archives,22/10/2026 10:00,avis_ao,15
20261000410,Centre de Traumatologie et des Grands Brûles,02/10/2026,Acquisition de matériel informatique,02/11/2026 10:00,avis_ao,26
20261000563,Commune fouchena,02/10/2026,Travaux de réfection de chausses et de trottoirs dans la ville de fouchana,04/11/2026 10:00,avis_ao,28
20261000561,le théâtre de l'opéra,02/10/2026,Location des voitures pour Théâtre de l'Opéra,30/10/2026 12:00,avis_ao,23
20261000422,Commissariat Régional au Développement Agricole d'El Kef,02/10/2026,Appel d'offres n° : 18/2026 Projet : Travaux d'aménagement et de revêtement de 2 km de pistes agricoles dans le périmètre d'irrigation public de Sidi Khiar (délégation de Nabeul),02/11/2026 09:00,avis_ao,26
20261000398,La Presse de Tunisie SNIPE,02/10/2026,طلب عروض وطني عدد 04/2025 الخاص باختيار شركة تأمين للسنوات 2027-2028-2029,03/11/2026 10:00,avis_ao,27
20261000396,Commissariat régional de l'éducation de Kébili,02/10/2026,بناء قاعتين عاديتين بمعهد ابن منظور قبلي و صيانة عامة للمدرسة الابتدائية بني امحمد,05/11/2026 10:00,avis_ao,29
20261000394,Commissariat régional de l'éducation de Kairouan,02/10/2026,CONSTRUCTION D'UNE CLASSE PREPARATOIRE A L'ECOLE PRIMAIRE RMADHNEYA BOUHAJLA,03/11/2026 11:00,avis_ao,27
20261000380,Conseil régional de Mahdia,02/10/2026,CONSTRUCTION D 'UN DEPOT DES MEDICAMENTS À L'HOPITAL DE KSOUR ESSEF,06/11/2026 10:00,avis_ao,30
20261000346,Ministère de la Défense Nationale,02/10/2026,travaux de réaménagement station gazoil au port de kélibia,02/11/2026 09:00,avis_ao,26
20261000340,Ministère de la Défense Nationale,02/10/2026,travaux de rénovation réseau électrique à la Base Navale Baie Carrière à Menzel Abderrahmen,02/11/2026 09:00,avis_ao,26
20261000393,Commissariat régional de l'éducation de Kairouan,02/10/2026,PROJET D'ENTRETIEN ET DE CONSTRUCTION D'UNE SALLE PREPARATOIRE A L'ECOLE PRIMAIRE EL MENASSA DELEGATION EL HADJE,03/11/2026 11:00,avis_ao,27
20261000392,Commune de redeyef,01/10/2026,Acquisition de materiaux de propreté et de voirie,30/10/2026 10:30,avis_ao,23
20261000391,"Commissariat régional de la femme, de la famille et de l'enfance et des personnes âgées de Kairouan",01/10/2026,ACQUISITION PRODUIT D'ANIMATION AVEC LA PROCEDURE SIMPLIFIEE POUR LA DEUXIEME FOI,02/11/2026 10:00,avis_ao,26
20261000390,"Direction Régionale de l'Equipement, de l'Habitat et de l'Aménagement du Territoire de Gafsa",01/10/2026,"Travaux de Fourniture et Pose de la Signalisation Verticale, Horizontale et Glissière de Sécurité Programme 2026",27/10/2026 09:30,avis_ao,20
20261000388,Conseil Régional du gouvernorat de Mednine,01/10/2026,اشغال استكمال تعبيد مسالك وطرقات ضمن البرنامج الجهوي للتنمية لسنة 2021 قسط عدد 04-01,04/11/2026 10:30,avis_ao,28
20261000387,Commissariat Régional au Développement Agricole de Siliana,01/10/2026,انجاز أشغال تهيئة معبر على مستوى وادي جبارة طريق سليانة القابل بمعتمدية سليانة الجنوبية,02/11/2026 10:00,avis_ao,26
20261000386,Régie des Sondages Hydrauliques (RSH),01/10/2026,Acquisition pieces de rechanges soudeuse et ces accessoires,12/11/2026 10:00,avis_ao,36
20261000385,"Ministère de l'Equipement, l'habitat et l'aménagement du territoire",01/10/2026,PARACHEVEMENT DU PROJET DE CONSTRUCTION DU SIEGE DES SERVICES DE LA FORMATION PROFESSIONNELLE A TUNIS en lot Unique,03/11/2026 09:00,avis_ao,27
20261000384,"Direction Régionale de l'Equipement, de l'Habitat et de l'Aménagement du Territoire de Zaghouan",01/10/2026,Travaux d'entretien périodique du réseau des pistes rurales dans le Gouvernorat de Zaghouan Programme 2026,30/10/2026 10:00,avis_ao,23
20261000383,Régie des Sondages Hydrauliques (RSH),01/10/2026,reparation moteur detroit diezel,05/11/2026 10:00,avis_ao,29
20261000382,Régie des Sondages Hydrauliques (RSH),01/10/2026,Regie des sondages hydraulique,10/11/2026 10:00,avis_ao,34
20261000381,Régie des Sondages Hydrauliques (RSH),01/10/2026,Acquisition produit de boue,03/11/2026 10:00,avis_ao,27
20261000379,Conseil Régional De Bizerte,01/10/2026,REAMENAGEMENT DE LA MAISON DES JEUNES SIDI SALEM BIZERTE,26/10/2026 10:00,avis_ao,19
20261000378,Commissariat régional de l'éducation de Kébili,01/10/2026,صيانة المجموعات الصحية بالمدرسة الابتدائية الفردوس رجيم معتوق,03/11/2026 09:00,avis_ao,27
20261000377,Agence de Réhabilitation et de Rénovation Urbaine,01/10/2026,APPEL D'OFFRES N° 81 /2026 Travaux de Réhabilitation de quartier Abaa El Ksour-Commune de Dahmani-Gouvernorat de Kef Programme de Réhabilitation et d'Intégration des Quartiers d'Habitation - 2ème génération,04/11/2026 12:00,avis_ao,28
20261000374,Agence de Réhabilitation et de Rénovation Urbaine,01/10/2026,APPEL D'OFFRES N° 80/2026 Travaux d'achèvement de construction 72 de 128 Logements Sociaux Individuels en 2 lots suite à la résiliation du marché initial N°39/2018 à Bouarada Siliana Programme Spécifique pour le logement Social,04/11/2026 12:00,avis_ao,28
20261000353,Agence Nationale de Gestion des Déchets,01/10/2026,Acquisition d'une solution de reprise après sinistre pour les serveurs Windows du parc informatique de l'ANGed,02/11/2026 10:00,avis_ao,26
20261000352,Centre National de Recherches en Sciences des Matériaux,01/10/2026,"Acquisition de produits chimiques, de consommables et de petits équipements destinés aux laboratoires du Centre National de Recherches en Sciences des Matériaux",16/11/2026 09:30,avis_ao,40
20261000351,Direction régionale de l'équipement Sidi bouzid,01/10/2026,"RENFORCEMENT DES PISTES RURALES DANS LE GOUVERNORAT DE SIDI BOUZID PROGRAMME 2025 SUR UNE LONGUEUR DE 21.6Km LOT 02 2éme FOIS LOT2:- DELEGATION :SIDI BOUZID OUEST + OULED HAFFOUZ + MAKNESSY • Piste echaaibia sur une longueur de 4 km (SIDI BOUZID OUEST ) • Piste m'barkia sur une longueur de 4,6 km (OULED HAFFOUZ ) • Piste ain oum henda sur une longueur de 1,5 km (MAKNESSY)",02/11/2026 10:00,avis_ao,26
20261000350,Commune de Douar Hicher,01/10/2026,Acquisition d'équipements de nettoyage et de voirie (mini-chargeuse),22/10/2026 10:00,avis_ao,15
20261000335,Hôpital La Rabta de Tunis,01/10/2026,Projet DE REAMENAGEMENT ET MISE A NIVEAU DU SERVICE O.R.L AU C.H.U LA RABTA,04/11/2026 09:00,avis_ao,28
20261000349,Gouvernorat de sousse,01/10/2026,مشروع بناء مقر المندوبية الجهوية لشؤون المرأة و الأسرة بسوسة,03/11/2026 10:00,avis_ao,27
20261000347,Hôpital Universitaire Med Taher Maamouri de Nabeul,01/10/2026,Les instruments médicaux,31/10/2026 10:30,avis_ao,24
20261000344,Commune de Mahdia,01/10/2026,service de collecte des dechets de la zone d'ezzahra et zaouila,03/11/2026 10:00,avis_ao,27
20261000343,Office de la Marine Marchande et des Ports,01/10/2026,FOURNITURE DE MATERIEL POUR LES SALLES DE SPORT AU PORT DE BIZERTE ET AU PORT DE ZARZIS (Pour la troisième fois),10/11/2026 10:00,avis_ao,34
20261000341,Office de la Marine Marchande et des Ports,01/10/2026,TRAVAUX D'AMENAGEMENT DU BATIMENT DE LA POLICE FRONTIERE AU PORT DE LA GOULETTE,06/11/2026 10:00,avis_ao,30
20261000337,المستشفى الجهوي محمد التلاتلي بنابل,01/10/2026,تصميم، تصنيع، وتركيب الأبواب الخارجية والداخلية باستخدام مقاطع الألمنيوم والزجاج بالمستشفى الجهوي محمد التلاتلي,02/11/2026 08:00,avis_ao,25
20261000339,Office de la Marine Marchande et des Ports,01/10/2026,TRAVAUX D'AMENAGEMENT ET DE RENFORCEMENT DE L'ECLAIRAGE DU PARKING DE LA RIVE NORD DU PORT DE SOUSSE,04/11/2026 10:00,avis_ao,28
20261000342,Société Tunisienne d'Electricité et de Gaz,01/10/2026,Acquisition des modules d'osmose inverse pour le poste de dessalement d'eau de mer pour la centrale à Cycle Combiné de Ghannouch.,11/11/2026 09:00,avis_ao,35
20261000338,Gouvernorat de sousse,01/10/2026,مشروع تهيئة مقر إقليم الحرس الوطني بسوسة – قسط 2,02/11/2026 10:00,avis_ao,26
20261000336,السجن المدني ببرج العامري,01/10/2026,fourniture de nourriture,02/11/2026 10:00,avis_ao,26
20261000210,Direction régionale des affaires sociales kairouan,01/10/2026,اقتناء رؤوس أغنام وأعلاف في اطار برنامج التمكين الاقتصادي 2026,01/11/2026 17:00,avis_ao,25
20260902115,Caisse Nationale de la Sécurité Sociale,01/10/2026,Hébergement des serveurs virtuels,02/11/2026 12:00,avis_ao,26
20261000334,Commissariat Régional au Développement Agricole de Nabeul,01/10/2026,التزود بقطع غيار لأسطول المعدّات المتحرّكة التابعة للمندوبية الجهوية للتنمية الفلاحية بنابل في 04 أقساط,03/11/2026 14:00,avis_ao,27
20261000138,Gouvernorat de Ariana,01/10/2026,صيانة وإصلاح وسائل النقل والسيارات الإدارية الموضوعة على ذمة ولاية أريانة والمعتمديات الراجعة لها بالنظر (2027-2028-2029),06/11/2026 10:00,avis_ao,30
20261000181,Gouvernorat de sousse,01/10/2026,المراقبة والمتابعة و المساندة الفنية لإنجاز مشروع توسعة أكاديمية الشرطة للعلوم الأمنية بالنفيضة: بناء مشروع انجاز مغسلة، مشربة، محل تمريض ومستودعات,21/10/2026 10:00,avis_ao,14
20261000011,المدرسة الوطنية للحرس الوطني ببئر بورقبة,01/10/2026,achat matériels informatique,02/11/2026 09:00,avis_ao,26
20261000080,Conseil Régional De Bizerte,01/10/2026,PROJET DE CONSTRUCTION DE POSTE DE LA GARDE NATIONALE A MENZEL BOURGUIBA/BIZERTE,02/11/2026 10:00,avis_ao,26
20261000012,Cité universitaire ibn jazzar,01/10/2026,Appel d'offre de nourriture,02/11/2026 09:00,avis_ao,26
20261000009,Direction régionale de l'équipement Sidi bouzid,01/10/2026,ACHEVEMENT DES TRAVAUX DE RENFORCEMENT DES PISTES DANS LE GOUVERNORAT DE SIDI BOUZID PROGRAMME 2020 2éme FOIS PISTE OUM LAADAM - GTAIFIA DELEGATION SIDI BOUZID OUEST Long = 12 km PISTE EL HOJAJ BEN MRADE DELEGATION JELMA Long = 8 KM,02/11/2026 09:00,avis_ao,26
20261000007,Office National de la Télédiffusion,01/10/2026,rénovation des systèmes d'antennes réparti en 02 lots,17/11/2026 10:00,avis_ao,41
20261000006,Centre Sectoriel de Formation Professionnelle en Mécanique Navale de Kelibia,01/10/2026,تزويد المركز القطاعي للتكوين المهني في الميكنة البحرية بقليبية بالمواد الغذائية للفترة الممتدة بين 01 جانفي 2027 إلى 31 ديسمبر 2027 َ,30/10/2026 09:30,avis_ao,23
20260902161,Commune de Sakiet Ezzit,01/10/2026,Révision du plan d'aménagement du commune Sakiet Ezzit (pour la troisième fois),02/11/2026 10:00,avis_ao,26
20261000005,المطعم الجامعي الرياض بسوسة,01/10/2026,تزويد المطعم الجامعي الرياض بسوسة بالمواد الغذائية لسنة 2027,31/10/2026 10:00,avis_ao,24
20261000004,Commune de Chihia,01/10/2026,travaux d'aménagement du marché hebdomadaire de la commune de chihia –programme 2026 (revêtement en béton bitumineux).,23/10/2026 10:00,avis_ao,16
20261000003,Office de Développement Sylvo Pastoral du Nord-Ouest,01/10/2026,Acquisition Equipements Et Audio Visuels,02/11/2026 14:00,avis_ao,26
20260902299,Office des Terres Domaniales,01/10/2026,Acquisition d'herbicides,02/11/2026 09:00,avis_ao,26
20261000002,Manufacture des Tabacs de Kairouan,01/10/2026,Travaux de Réparation du Réseau de Distribution électrique MT/BT de la MTK,03/11/2026 10:00,avis_ao,27
20261000001,Commissariat régional de l'éducation de Kairouan,01/10/2026,PROJET DE CONSTRUCTION D'UNE CLASSE PREPARATOIRE A L'ECOLE PRIMAIRE CITE ESSAADA DELEGATION EL HAJEB,22/10/2026 10:00,avis_ao,15
20260902519,Commune Monastir,30/09/2026,Service de nettoyage de la ville de Monastir,29/10/2026 10:00,avis_ao,22
20260902518,Université de Gabès,30/09/2026,Acquisition de mobilier pédagogique et administratif au profit de l'Université de Gabès,30/10/2026 14:30,avis_ao,23
20260902516,Commissariat régional de l'éducation de Sidi Bouzid,30/09/2026,Travaux de réhabilitation et entretien de l'école primaire CITE EL KHADHRA Délégation SIDI BOUZID OUEST.,16/10/2026 09:30,avis_ao,9
20260902517,Ministère de la Défense Nationale,30/09/2026,Travaux de construction d'un service technique à TOUZEUR,30/10/2026 10:00,avis_ao,23
20260902515,Société Nationale d'Exploitation et de Distribution des Eaux,30/09/2026,AO 121/2026 pour la conclusion d'un marché cadre ayant pour objet l'exécution de la réfection de chaussées et trottoirs dans le district de Sfax ville -Gouvernorat de Sfax.,04/11/2026 09:00,avis_ao,28
20260902514,Société Nationale d'Exploitation et de Distribution des Eaux,30/09/2026,"AO 119/2026 pour la Fournitures prévus dans le cadre du projet d'alimentation en eau potable des localités des délégations de Médenine Nord, Médenine Sud, Sidi Makhlouf, Béni Khedache, Ben Guerdane et Zarzis Gouvernorat de Médenine (Projet Régional de Développement (PRD) 2024).",04/11/2026 09:00,avis_ao,28
20260902513,Ministère de l'Agriculture,30/09/2026,Travaux de curage et de dévasement du barrage Lakhmess,05/11/2026 10:30,avis_ao,29
20260902512,Société Nationale d'Exploitation et de Distribution des Eaux,30/09/2026,"AO 125/2026 pour la conclusion d'un marché cadre ayant pour objet l'exécution de l'ensemble des travaux d'Extension de réseaux, de Réalisation des branchements neufs et reports de prise & la Réparation des casses et fuites dans les différentes localités du District du Grombalia- Gouvernorat du Nabeul",04/11/2026 09:00,avis_ao,28
20260902511,Société Nationale d'Exploitation et de Distribution des Eaux,30/09/2026,AO 117/2026 pour la conclusion du marché cadre ayant pour l'exécution et la rénovation de branchements neufs et des prises communes dans des différentes localités du District de Kairouan.,04/11/2026 09:00,avis_ao,28
20260902510,Prison de Belli,30/09/2026,AO pour l'acquisition des produits alimentaires pour prison Belli durant 2027,30/10/2026 11:00,avis_ao,23
20260902495,Commune de Sfax,30/09/2026,ACQUISITION DE MATERIELS ROULANTS,30/10/2026 10:00,avis_ao,23
20260902509,"Direction Régionale de l'Equipement, de l'Habitat et de l'Aménagement du Territoire de Jendouba",30/09/2026,أشغــال إصلاح أضرار الفيضانات بالطرقات المرقمة والمســالك الريفيـة بولايـــــــة جندوبــــــة - – برنامج 2025,30/10/2026 10:00,avis_ao,23
20260902508,بلدية قرطاج,30/09/2026,Amenagement salle de sport à Carhage Byrssa,02/11/2026 10:30,avis_ao,26
20260902507,Société Nationale d'Exploitation et de Distribution des Eaux,30/09/2026,"AO 123/2026 pour la conclusion d'un marché cadre ayant pour objet l'exécution de l'ensemble des travaux de réparation des casses et des fuites et entretien de réseau pour les unités de travaux de Gabes Ville, Gabes Nord, Mareth et Matmata - District de Gabes",04/11/2026 09:00,avis_ao,28
20260902506,Commissariat Régional de Développement Agricole de Bizerte,30/09/2026,TRAVAUX DE RESTAURATION : TRAVAUX DE CONDUITE DE PEUPLEMENT ET TRAVAUX DE REBOISEMENT FORESTIERE.,02/11/2026 10:00,avis_ao,26
20260902505,Société Nationale d'Exploitation et de Distribution des Eaux,30/09/2026,"AO 115/2026 pour la conclusion d'un marché cadre ayant pour objet l'exécution de l'ensemble des travaux de réalisation de branchements au district de Monastir et les travaux de réparation des casses et des fuites dans les délégations de Monastir, Ouardenine, Sahline, Bembla et Jemmel relevant du district de Monastir",04/11/2026 09:00,avis_ao,28
20260902504,Commune la Goulette,30/09/2026,اقتناء أثاث مكاتب,02/11/2026 11:00,avis_ao,26
20260901860,Ministère de la Défense Nationale,30/09/2026,أشغال تهيئة مباني بمدرسة ضباط الصف بسيدي أحمد ببنزرت,30/10/2026 11:00,avis_ao,23
20260902503,Commissariat Régional de Développement Agricole de Bizerte,30/09/2026,ENTRETIEN ET ELARGISSEMENT DES TRANCHES PARE FEU,30/10/2026 10:00,avis_ao,23
20260902502,Télévision Tunisienne,30/09/2026,acquisition d'une solution de sauvegarde,04/11/2026 13:00,avis_ao,28
20260902501,Société Nationale d'Exploitation et de Distribution des Eaux,30/09/2026,AO 127/2026 pour la fourniture et la livraison de sulfate d'alumine sous forme liquide en rendu aux différentes stations de traitement des eaux.,04/11/2026 09:00,avis_ao,28
20260902500,Commissariat Régional de Développement Agricole de Bizerte,30/09/2026,اقتناء معدات ثقيلة بعنوان سنة 2026,02/11/2026 10:00,avis_ao,26
20260902496,Office des Logements Militaires,30/09/2026,دراسات التقسيم والتهيئة لتقسيمات تابعة لديوان المساكن العسكرية,02/11/2026 10:00,avis_ao,26
20260901786,Ministère de la Défense Nationale,30/09/2026,أشغال إنجاز مبيت للقاعدة البحرية الرئيسية بحلق الوادي,30/10/2026 11:00,avis_ao,23
20260902499,Commune El Mida,30/09/2026,VOIRIES FICOL II,29/10/2026 11:00,avis_ao,22
20260902498,Commissariat régional de l'éducation de Kébili,30/09/2026,صيانة و تةسغات المدارس الابتدتئية لسنة 2025 و صيانة المدارس الاعدادية لستة 2025,03/11/2026 10:00,avis_ao,27
20260902497,Commune Ain Draham,30/09/2026,إقتناء معدات نظافة شاحنة ضاغطة سعة 07 متر,21/10/2026 10:00,avis_ao,14
20260902306,Présidence du Gouvernement,30/09/2026,"Acquisition, montage et remplacement de pneumatiques pour les véhicules administratifs relevant de la Présidence du Gouvernement",26/10/2026 10:00,avis_ao,19
20260902305,Commissariat régional des affaires de la femme et de la famille de Sidi Bouzid,30/09/2026,Acquisition de matériel et d'équipements dans le cadre de la mise en œuvre du programme d'inclusion économique des familles en situation particulière à Sidi Bouzid pour l'année 2025.,30/10/2026 10:00,avis_ao,23
20260902304,المستشفى العسكري بقابس,30/09/2026,إقتـنـاء وتركيز وتشغيل منظومة مراقبة بالكاميرا بالمستشفى العسكري بقابس,30/10/2026 09:59,avis_ao,23
20260902302,Ecole Polytechnique de Tunisie,30/09/2026,اسداء خدمات الاعاشة لفائدة طلبة المدرسة التونسية للتقنيات,29/10/2026 10:00,avis_ao,22
20260902298,Commune nefta,30/09/2026,طلب عروض للمرة الثالثة لإنجاز أشغال بناء المستودع البلدي بنفطة من ولاية توزر القسط الأول,02/11/2026 10:00,avis_ao,26
20260902300,Commune Dhehiba,30/09/2026,دراسة ومتابعة مشروع أنظمة الطاقة الشمسية للبناءات البلديّة,21/10/2026 12:00,avis_ao,14
20260902285,Société Tunisienne d'Electricité et de Gaz,30/09/2026,Matériel de connexion,24/11/2026 09:00,avis_ao,48
20260902274,Direction Générale de la Douane,30/09/2026,"Appel d'offres N°04/2023 pour la fourniture, l'installation et mise en service d'un système de vidéo surveillance et de contrôle d'accès au nouveau siège de la direction générale des douanes",03/11/2026 10:00,avis_ao,27
20260901486,Hôpital Sahloul de Sousse,30/09/2026,achat de dispositifs medicaux pour divers services,03/11/2026 11:00,avis_ao,27
20260902258,Commisariat régional de l'éducation de Sfax 1,30/09/2026,قسط عدد 1 : تهيئة و صيانة بالمدرسة الابتدائية سيدي الظاهر بئر علي قسط عدد 2 : تهيئة و صيانة بالمدرسة الابتدائية الفلاق عقارب,02/11/2026 10:00,avis_ao,26
20260902257,Commissariat régional de l'éducation de Mahdia,30/09/2026,أشغال هدم و إعادة بناء اسيجة بمعتمدية المهدية ، الشابة ، الجم و ملولش بولاية المهدية,03/11/2026 09:30,avis_ao,27
20260902251,Commissariat Régional au Développement Agricole de Tataouine,30/09/2026,طلب عروض عدد 23/2026 (إجراءات مبسطة): إقتناء و تركيب تجهيزات ضخ بالطاقة الشمسية ببئر عوين من معتمدية رمادة بولاية تطاوين,20/10/2026 10:00,avis_ao,13
20260902250,المستشفى الجامعي الحببب بورقيبة بمدنين,30/09/2026,التزود بالوجبات الجاهزة لفائدة المرضى وأطباء حصص الاستمرار لسنة 2027,31/10/2026 10:00,avis_ao,24
20260902249,Commissariat Régional au Développement Agricole de Sidi Bouzid,30/09/2026,Sélection d'un bureau d'études pour la mise à jour de l'étude de réaménagement des systèmes d'AEP,30/10/2026 09:30,avis_ao,23
20260902248,Commune de Morneguia,30/09/2026,"اقتناء معدات النظافة عدد 1 آلة رافعة "" جرافة "" tractopelle """,28/10/2026 10:00,avis_ao,21
20260902247,Régie Nationale des Tabacs et des Allumettes,30/09/2026,FOURNITURE ET INSTALLATION D'UN SYSTEME DE SECURITE PAR VIDEOSURVEILLANCE A LA RNTA,04/11/2026 10:00,avis_ao,28
20260902246,Gouvernorat Kasserine,30/09/2026,أشغال تركيز محول كهربائي وتجديد الشبكة الكهربائية بالمحكمة الابتدائية بالقصرين,03/11/2026 09:30,avis_ao,27
20260902245,Commissariat régional de l'éducation de Kairouan,30/09/2026,AMENAGEMENT ET ENTRETIEN DU L'ECOLE PRIMAIRE BIR EDAWLA BOUHAJLA,02/11/2026 11:00,avis_ao,26
20260902244,Agence Nationale de Certification Electronique,30/09/2026,APPEL D'OFFRES N°04/2026 portant sur « L'Acquisition des équipements et matériels informatique »,02/11/2026 10:00,avis_ao,26
20260902243,Commissariat régionale de la jeunesse et des sports de Medenine,30/09/2026,صفقة اجراءات مبسطة لاقتناء تجهيزات رياضية لفائدة المندوبية الجهوية للشباب و الرياضة مدنين,30/10/2026 17:30,avis_ao,23
20260902242,"Direction Régionale de l'Equipement, de l'Habitat et de l'Aménagement du Territoire de Tunis",29/09/2026,Entretien des ouvrages hydrauliques(RR24 et RL 452(X3)) Programme 2026,13/10/2026 10:00,avis_ao,6
20260902241,Ministère des Affaires Etrangères,29/09/2026,Achat de consommables pour imprimantes et photocopieurs,30/10/2026 11:00,avis_ao,23
20260902240,Hôpital régional housine bouzeine Gafsa,29/09/2026,إسداء خدمات تغذية المرضى المقيمين وأطباء الاستمرار بالمستشفى الجامعي الحسين بوزيان بقفصة,31/10/2026 10:00,avis_ao,24
20260902224,Commune de Bekalta,29/09/2026,PROJET DE REVETEMENT DES VOIRIES A LA COMMUNE DE BEKALTA,28/10/2026 10:00,avis_ao,21
20260902233,Commune de Mateur,29/09/2026,Acquisition de matériel de nettoyage et d'équipement routier au profit de la municipalité de Mateur.,29/10/2026 10:00,avis_ao,22
20260800285,Ministère de la Défense Nationale,29/09/2026,أشغال بناء مدرسة الأركان ببوقيشة,29/10/2026 11:00,avis_ao,22
20260902232,Commune Dahmani,29/09/2026,amenagement et revetement des voiries a sidi baraket nord et chmeissia,30/10/2026 10:00,avis_ao,23
20260902231,Hôpital Abderrahmane Mami de Pneumophistiologie,29/09/2026,باقتناء أزياء عمل وأغطية أسرّة وأقمشة مختلفة,03/11/2026 09:00,avis_ao,27
20260902229,Tunisie TradeNet,29/09/2026,Acquisition installation configuration mise en service et maintenance d une infrastructure informatique,02/11/2026 10:00,avis_ao,26
20260902230,Commune de Kalaa Kébira,29/09/2026,اقتناء معدات نظافة و طرقات لفائدة بلدية القلعة الكبرى,04/11/2026 10:00,avis_ao,28
20260902228,Commissariat Régional au Développement Agricole de Kébili,29/09/2026,دراسة تصريف مياه النز بواحات سوق الأحد,30/10/2026 09:30,avis_ao,23
20260902227,Institution de la Recherche et de l'Enseignement Supérieur Agricoles,29/09/2026,la sélection d'un bureau de formation pour le développement des compétences des enseignants-chercheurs en Approche Par Compétences (APC) et l'usage de l'intelligence artificielle (IA) en éducation au titre de l'année 2026,26/10/2026 12:00,avis_ao,19
20260902223,Commissariat régional de l'éducation de Jendouba,29/09/2026,réhabilitation de l'école primaire Ben bechir Jendouba Nord,04/11/2026 10:00,avis_ao,28
20260902217,Société Tunisienne d'Electricité et de Gaz,29/09/2026,ISOLATEURS POUR RESEAU HTA,18/11/2026 09:00,avis_ao,42
20260902221,Commune de Kalaa Kébira,29/09/2026,اقتناء وسائل نقل لفائدة بلدية القلعة الكبرى,03/11/2026 10:00,avis_ao,27
20260902213,Société Régionale de Transport Gouvernorat de Kasserine,29/09/2026,إقتناء إطارات مطاطية,30/10/2026 10:00,avis_ao,23
20260902215,Office de Développement Sylvo Pastoral du Nord-Ouest,29/09/2026,Unité mobile de formation,30/10/2026 10:00,avis_ao,23
20260902212,المطعم الجامعي بالمهدية,29/09/2026,Acquisition des denrées Alimentaires au profil du Restaurant Universitaire de Mahdia durant l'année 2027,29/10/2026 12:00,avis_ao,22
20260902211,Commissariat Régional au Développement Agricole d'El Kef,29/09/2026,طلب عروض عـدد.19/2026 المشروع: أشغال المنشأة المائية على وادي فكيرينة,16/10/2026 09:00,avis_ao,9
20260902170,Gouvernorat de Kairouan,29/09/2026,AMENAGEMENT DE LA MAISON DES JEUNES MENZEL M'HIR,30/10/2026 09:30,avis_ao,23
20260902208,Commune de Tajerouine,29/09/2026,Réalisation de travaux d'aménagement et de revêtement de voirie dans la municipalité de Tajerouine.,28/10/2026 10:00,avis_ao,21
20260902210,ولاية منوبة,29/09/2026,الاعلان عن الدعوة للمناظرة المعمارية- احداث قاعة للرياضات الجماعية بالجديدة,02/11/2026 10:00,avis_ao,26
20260902209,Caisse Nationale de Retraite et de Prévoyance Sociale,29/09/2026,إقتناء هدايا بمناسبة تنظيم تظاهرة خمسينية الصندوق الوطني للتقاعد والحيطة الإجتماعية,13/10/2026 09:00,avis_ao,6
20260902207,Le Conseil régional Zaghouan,29/09/2026,Programme Régional de développement Travaux D'aménagement Et Revêtement Du Piste SBAIIA RMADHNIYA Délégation Saouaf,28/10/2026 10:00,avis_ao,21
20260902206,Caisse Nationale de l'Assurance Maladie,29/09/2026,Acquisition de consommables pour imprimantes et photocopieurs,30/10/2026 08:30,avis_ao,23
20260902205,Commune de Kalaa Kébira,29/09/2026,أشغال تهيئة ملعب فرعي و تجديد شبكة الصرف الصحي للملعب البلدي بالقلعة الكبرى,02/11/2026 10:00,avis_ao,26
20260901287,Hôpital Régional du Kef,29/09/2026,acquisition produits pharmaceutiques 2027,28/10/2026 10:00,avis_ao,21
20260902178,Commissariat regional de la jeunesse et des sports de sfax,29/09/2026,صفقة ذات إجراءات مبسطة عــــــدد 07/2026 إقتناء تجهيزات رياضية,10/10/2026 12:30,avis_ao,3
20260902200,La Presse de Tunisie SNIPE,29/09/2026,Appel d'offres selon les procédures Simplifiées N°03/2026 Relatif à l'acquisition des plaques Thermiques et Violets pour l'année 2027,02/11/2026 10:00,avis_ao,26
20260902199,Ecole Nationale d'Ingénieurs de Monastir,29/09/2026,"Acquisition, Transport, Livraison et Installation d'un électrolyseur PEM",13/10/2026 09:00,avis_ao,6
20260902179,Centre National pour la Promotion de la Transplantation,29/09/2026,Machine de conservation hypothermique des greffons hépatique-HMP/HOPE,30/10/2026 10:00,avis_ao,23
20260902177,Prison De Morneg,29/09/2026,Produits agro alimentaire 2027,02/11/2026 11:00,avis_ao,26
20260902176,Commissariat regional de la jeunesse et des sports de sfax,29/09/2026,اشغال تهيئة السور الخارجي دار الشباب القراطن,10/10/2026 12:05,avis_ao,3
20260902174,Commune de Mornag,29/09/2026,صفقة أشغال توسيع شبكة التنوير العمومي ببلدية مرناق,02/11/2026 10:00,avis_ao,26
20260902175,Hôpital Razi de Manouba,29/09/2026,"fourniture, installation, configuration et mise en œuvre des équipements de laboratoire service Neurologie",22/10/2026 12:00,avis_ao,15
20260902173,Gouvernorat de Tataouine,29/09/2026,(اجراءات مبسطة )إحداث خزان سعة 50 م3 على أعمدة 12م بمقر ولاية تطاوين,29/10/2026 10:00,avis_ao,22
20260902172,Commune de Sfax,29/09/2026,Fourniture des équipements pour les terrains de sports et les jardins en 14 lots,29/10/2026 10:00,avis_ao,22
20260902171,Commissariat Régional au Développement Agricole de Monastir,29/09/2026,أشغال صيانة 75000 متر خطي من المصاطب الميكانيكية بمعتمدية المكنين من ولاية المنستير,29/10/2026 10:00,avis_ao,22
20260902169,Commune de Hammam Lif,29/09/2026,دراسة مراجعة مثال التهيئة العمرانية لمدينة حمام الأنف,02/11/2026 11:00,avis_ao,26
20260902168,Ministère du Commerce,29/09/2026,إقتناء أثاث مكاتب,28/10/2026 10:00,avis_ao,21
20260902166,Ministère de la Défense Nationale,29/09/2026,إقتناء ونقل مواد مقاطع لفائدة حضائر الأشغال بتونس الكبرى وفندق الجديد,29/10/2026 10:00,avis_ao,22
20260902165,Commune d'Oued Ellil,29/09/2026,TRAVAUX DE REVETEMENT DES VOIRIES ET EVACUATION DE L'EAU PLUVIAL A LA COMMUNE D'OUED ELLIL– GOUVERNORAT DE MANNOUBA (PROGRAMME 2025-2026),30/10/2026 10:00,avis_ao,23
20260902164,Commune zriba,29/09/2026,Exécution des travaux de voiries,30/10/2026 10:00,avis_ao,23
20260902163,Gouvernorat de Jendouba,29/09/2026,المناظرة الوطنية قسم الهندسة المدنية مبيت محمود المسعدي,30/11/2026 10:00,avis_ao,54
20260902162,Commissariat régional de l'éducation de Kairouan,29/09/2026,Travaux d'extension des établissements scolaires,20/10/2026 10:00,avis_ao,13
20260902160,Gouvernorat de Jendouba,29/09/2026,احداث سوق عصري بنهج الطيب المهيري بمدينة بوسالم الشمالية,30/10/2026 10:00,avis_ao,23
20260902159,Commissariat régional de l'éducation de Sfax 2,29/09/2026,أشغال تهيئة وصيانة وتوسيعات بالمؤسسات التربوية الراجعة بالنظر للمندوبية الجهوية للتربية بصفاقس2,29/10/2026 09:30,avis_ao,22
20260902158,Gouvernorat de Jendouba,29/09/2026,تكملة أشغال بناء مركز الفحص الفني للعربات بجندوبة,29/10/2026 10:00,avis_ao,22
20260902157,Commune d'Ariana,29/09/2026,"Acquisition, installation, MISEEN SERVICE et maintenance D UN système de contrôle DE PRESENCE par empreintes digitales et des équipements de vidéosurveillance",02/11/2026 10:00,avis_ao,26
20260902156,Commune Naassen,29/09/2026,اقتناء سيارات إدارية,02/11/2026 10:00,avis_ao,26
20260902155,Commissariat régional de l'éducation de Jendouba,29/09/2026,réhabilitation des laboratoires techniques au lycée Ain drahem,02/11/2026 10:00,avis_ao,26
20260902154,Commune d'El Ksar,29/09/2026,اقتناء عدد 01 شاحنة ضاغطة سعة 7 م3,28/10/2026 10:00,avis_ao,21
20260902153,Commune Naassen,29/09/2026,إنجاز خدمات الكنس وتنظيف الطرقات والأرصفة الرئيسية ببلدية نعسان,03/11/2026 10:00,avis_ao,27
20260902152,Société Nationale d'Exploitation et de Distribution des Eaux,29/09/2026,"AO 66-2026 Confier à un bureau d'études ou à un groupement de bureaux d'études, les prestations de services relatives à l'étude du plan directeur des réseaux de répartition du Sahel Sud jusqu'à l'échéance 2050.",06/11/2026 09:00,avis_ao,30
20260902029,Société Nationale de Distribution de Pétrole,29/09/2026,"Conclusion d'un marché cadre pour assurer la vérification, le contrôle et l'entretien des matériels de sécurité (extincteurs, RIA) de toutes marques présents sur les sites et les installations de la SNDP.",30/10/2026 09:30,avis_ao,23
20260902151,CENTRE NATIONAL DU CINÉMA ET DE L'IMAGE,29/09/2026,"Appel d'offre n°02/2026 selon les Procédures simplifiées pour l'acquisition d'un VIDEO projecteur, d'un écran et d'équipement audiovisuel au profit du Centre national du cinéma et de l'image.",30/10/2026 12:00,avis_ao,23
20260902030,Société Nationale des Chemins de Fer Tunisiens,29/09/2026,ACQUISITION DE PIECES DE RECHANGE POUR CLIMATISATION DE MATERIEL POUR LE TRANSPORT DE VOYAGEURS,05/11/2026 10:00,avis_ao,29
20260902150,Société d'Exploitation du Canal et des Adductions des Eaux du Nord,28/09/2026,FOURNITURE ET MONTAGE DE DEBITMETRES ELECTROMAGNETIQUE A INSERTION AUX COMPLEXES SEJNENE – JOUMINE ET KALAAT EL ANDALOUS,29/10/2026 10:00,avis_ao,22
20260902149,Commissariat Régional au Développement Agricole de Zaghouan,28/09/2026,"Travaux de maintenance des ouvrages hydrauliques annexes aux barrages et lacs collinaires, Gouvernorat de Zaghouan",28/10/2026 10:00,avis_ao,21
20260902135,Hôpital Abderrahmane Mami de Pneumophistiologie,28/09/2026,fourniture des imprimés,30/10/2026 09:00,avis_ao,23
20260902134,Gouvernorat de Gafsa,28/09/2026,أشغال تنوير الملعب البلدي القديم بالرديف,29/10/2026 10:00,avis_ao,22
20260902133,Société d'études et d'aménagement Sabkhet Ben Ghayadha-Mahdia,28/09/2026,Étude de courantologie et analyse du fonctionnement hydrodynamique au niveau de la passe d'entrée nord du Projet Ben Ghayadha à Mahdia,29/10/2026 10:00,avis_ao,22
20260902131,Centre National de la médecine et des sciences du sport,28/09/2026,Acquisition d'équipements pour le laboratoire de recherche scientifique du Département de suivi scientifique des sportifs au Centre national de médecine et des sciences du sport au titre de l'année 2026.,29/10/2026 10:30,avis_ao,22
20260902132,Commune de Sousse,28/09/2026,Marché Cadre d'entretien des engins municipaux 2027-2029 (Pieces de rechanges et mains d'œuvre),29/10/2026 14:00,avis_ao,22
20260902129,Commune Sisseb-Ed-Dheriaat,28/09/2026,entretien routier,27/10/2026 10:30,avis_ao,20
20260902130,Commune Tina,28/09/2026,Acquisition d'un camion compacteur équipé d'un lève-conteneur,22/10/2026 10:00,avis_ao,15
20260902114,Commissariat Régional au Développement Agricole de Zaghouan,28/09/2026,acquisition des matériels roulants,23/10/2026 10:00,avis_ao,16
20260902113,Gouvernorat de sousse,28/09/2026,مشروع هدم وإعادة بناء مقر قسم النهوض الاجتماعي بسوسة,27/10/2026 10:00,avis_ao,20
20260901936,Le conseil régional de gouvernorat de Ariana,24/09/2026,"Travaux d'assainissement dans certains quartiers appartenant aux délégations de Sukra, Raoued, Mnihla et Kalâat El Andalous dans le gouvernorat d'Ariana, dans le cadre du programme de développement régional pour l'année 2026",27/10/2026 09:30,avis_ao,20
20260901951,Centre de Biotechnologie de Sfax,24/09/2026,APPEL D'OFFRES PROCEDURE SIMPLIFIER N° 04/CBS/2026 Acquisition d'Équipements Scientifiques dans le cadre de projet de recherche au profit du Centre de Biotechnologie de Sfax,22/10/2026 10:00,avis_ao,15
20260901938,Société Tunisienne d'Electricité et de Gaz,24/09/2026,Projet « Réalisation clé en main des Systèmes de Stockage d'Energie par Batteries « BESS » multi-sites (300 MW / 600 MWh) sur le réseau de la STEG en Tunisie »,29/10/2026 09:30,avis_ao,22
20260901950,Conseil régional de siliana,24/09/2026,أشغال تهيئة وتعبيد 03 مسالك ريفيةبطول 3.4 كلم بولاية سليانة ضمن البرنامج الجهوي للتنمية بولاية سليانة لسنة 2024 القسط عدد 01,27/10/2026 10:00,avis_ao,20
20260901949,Ministère de l'emploi et de la formation professionnelle,24/09/2026,Acquisition des cartouches pour les imprimantes,23/10/2026 10:00,avis_ao,16
20260901943,Commune el Alia,24/09/2026,Double cabine رباعية الدفع 4*4 Pick-upإقتناء شاحنة خفيفة,20/10/2026 10:00,avis_ao,13
20260901942,Office des Céréales,24/09/2026,Marché cadre pour l'acquisition de tenue de travail,27/10/2026 12:00,avis_ao,20
20260901874,Hôpital d'Enfants,24/09/2026,« Service de lavage et nettoyage du linge et tenues de travail de l'Hôpital d'enfants Béchir Hamza à l'extérieur de ses locaux » « 4ème avis »,13/10/2026 09:30,avis_ao,6
20260901941,Groupe Chimique Tunisien,24/09/2026,GF26.3.0243 Etude et conception pour la consolidation de la structure de l'immeuble relative à la direction régionale des usines du Groupe Chimique Tunisien à Gabès,27/10/2026 08:30,avis_ao,20
20260901940,Commissariat Régionale de la Jeunesse et des sports de jendouba,24/09/2026,اقتناء أثاث الإدارة لفائدة المندوبية الجهوية للشباب و الرياضة بجندوبة,12/10/2026 10:00,avis_ao,5
20260901935,Régie Nationale des Tabacs et des Allumettes,24/09/2026,Acquisition des Etiquettes et Vignettes,27/10/2026 10:00,avis_ao,20
20260901931,"Direction Régionale de l'Equipement, de l'Habitat et de l'Aménagement du Territoire de Gabès",24/09/2026,Travaux de réparation des dégâts inondations janvier 2026 sur les routes classées et pistes rurales au gouvernorat de Gabès.,27/10/2026 09:30,avis_ao,20
20260901934,Office des Fermes Militaires,24/09/2026,Acquisition des pesticides et engrais chimiques,23/10/2026 11:00,avis_ao,16
20260901925,Commissariat régional de l'éducation de Sidi Bouzid,24/09/2026,Travaux de construction des espaces préparatoires aux écoles primaires à Sidi Bouzid,27/10/2026 09:30,avis_ao,20
20260901933,Ministère de l'Agriculture,24/09/2026,ACQUISITION DES SERVICES DE MISE A JOUR ET D'OPTIMISATION DU SYSTEME D'INFORMATION GEOGRAPHIQUE LA « CRET » POST MISSION AUDIT SECURITE INFORMATIQUE,30/10/2026 10:30,avis_ao,23
20260901932,Gouvernorat de Kairouan,24/09/2026,Travaux d'entretien d'ouvrage hydraulique piste OuledSouissi dans la délégation de Nasrallah,16/10/2026 09:30,avis_ao,9
20260901930,Gouvernorat de Kairouan,24/09/2026,Aménagement et revêtement de la piste Flaisiya-Dar Hdhili DELEGATION SBIKHA,26/10/2026 09:30,avis_ao,19
20260901929,Imprimerie officielle de la république tunisienne,24/09/2026,Acquisition matériels et logiciel informatique,27/10/2026 10:00,avis_ao,20
20260901928,Conseil Régional du Gouvernorat de Nabeul,24/09/2026,هدم و إعادة بناء مركز الحرس الوطني بسيدي الجديدي,27/10/2026 10:00,avis_ao,20
20260901927,Commissariat régional de l'éducation d'el Kef,24/09/2026,appel doffre pour lacquisition des habillement au profit de la CRE elkef,23/10/2026 10:00,avis_ao,16
20260901926,Présidence du Gouvernement,23/09/2026,Acquisition des licences de la réalisation de travaux de maintenance de la plateforme TUNEPS,08/10/2026 10:00,avis_ao,1
20260901924,Institution de la Recherche et de l'Enseignement Supérieur Agricoles,23/09/2026,acquisition des ordinateurs et des équipements informatiques à usage courant,26/10/2026 10:30,avis_ao,19
20260901923,Société Nationale Immobilière de Tunisie,23/09/2026,"Appel d'offres pour la souscription d'un contrat unique pour l'assurance de la Responsabilité Civile Décennale des intervenants dans le domaine de la construction de trois projets : Lot1 : ( 151 Appts ) RESIDENCE * TANIT* SISE AU LOTISSEMENT JARDINS D'EL MENZAH 1, GOUVERNORAT DE TUNIS. Lot 2 : ( 132 Appts ) RESIDENCE * AMETHYSTE* SISE AU LOTISSEMENT JARDINS D'EL MENZAH 1, GOUVERNORAT DE TUNIS. Lot 3 : ( 92 Appts ) RESIDENCE * AZUR* SISE AU LOTISSEMENT Nabeul C, GOUVERNORAT DE Nabeul.",27/10/2026 09:00,avis_ao,20
20260901922,Direction Régionale de la Santé Publique Bizerte,23/09/2026,مشروع تهيئة وحدتي القسطرة و العناية المركزة بورقيبة,08/10/2026 10:00,avis_ao,1
20260901921,"Direction Régionale de l'Equipement, de l'Habitat et de l'Aménagement du Territoire de Nabeul",23/09/2026,"TRAVAUX DE NETTOYAGE, CURAGE ET DIVERS TRAVAUX DE PROPRETE DU RESEAU ROUTIER RELEVANT DE LA DIRECTION REGIONALE DE NABEUL PROGRAMME 2026",26/10/2026 10:00,avis_ao,19
20260901920,Commune de Ras El Jbal,23/09/2026,TRAVAUX D'aménagement d'un centre de foire culturelle et artisanale dans le cadre de l'opération de régeneration du centre urbain ancien de Ras Jebel (Composante 3),26/10/2026 10:00,avis_ao,19
20260901918,Centre Socio-Educatif ESSANAD Sidi Thabet,23/09/2026,Acquisition de denrées alimentaires,23/10/2026 08:00,avis_ao,15
20260901919,Faculté des Sciences de Monastir,23/09/2026,acquisition de materiels informatiques,14/10/2026 10:00,avis_ao,7
20260901917,Commissariat régional de l'éducation de Kébili,23/09/2026,صيانة عامة للمدرسة الابتدائية 18 جانفي دوزللمرة الثالثة,02/11/2026 10:00,avis_ao,26
20260901915,Hôpital Hédi Chaker Sfax,23/09/2026,Achat de réactifs avec MAD de deux solutions d'hématologie et d' hémostase au profit du laboratoire d'hématologie de l'hôpital.,26/10/2026 11:00,avis_ao,19
20260901912,Centre National Chalbi belkahia de Pharmacovigilance,23/09/2026,Accompagnement à l'accréditation selon le référentiel ISO 15189 v 2022,26/10/2026 09:00,avis_ao,19
20260901914,Institut National de Recherche Agronomique de Tunis,23/09/2026,Aménagement de 3 laboratoires à l'INRAT,26/10/2026 11:00,avis_ao,19
20260901913,Présidence de la République,23/09/2026,إقتناء وتركيز مآوي سيّارات لفائدة رئاسة الجمهورية بعنوان سنة 2026,22/10/2026 10:00,avis_ao,15
20260901911,Institut national de recherche et d'analyse physico-chimique de sidi thabet,23/09/2026,APPEL D'OFFRES N° 04/2026 selon les procédures simplifiées Relative à L'exercice de l'activité d'audit de la sécurité des systémes,26/10/2026 10:00,avis_ao,19
20260901897,Commune de Gabes,23/09/2026,"Services de collecte, de ramassage et de transport des déchets ménagers et assimilés.",29/10/2026 10:00,avis_ao,22
20260901910,Direction de la garde douanière,23/09/2026,Conclusion d'un marché cadre de maintenance des véhicules des services centraux de la direction de la garde douanière pour les années 2026/2027/2028,26/10/2026 10:00,avis_ao,19
20260901909,Office National de l'Assainissement,23/09/2026,Acquisition d'une Solution de Business Intelligence pour le Système d'Informations Commercial de l'ONAS,02/11/2026 10:00,avis_ao,26
20260901908,Institut Sylvo-Pastoral de Tabarka,23/09/2026,"acquisition des produits alimentaires divers, composés de 06 lots, au cours de l'année : 2027",27/10/2026 09:00,avis_ao,20
20260901903,Commissariat Régional De La Jeunesse Et Des Sports De l'Ariana,23/09/2026,acquisition des équipements sportifs,12/10/2026 10:00,avis_ao,5
20260901907,Université de Gafsa,23/09/2026,أشغال تهيئة المعهد العالي للدراسات التطبيقية في الإنسانيات بقفصة,26/10/2026 10:00,avis_ao,19
20260901904,Ministère de la Défense Nationale,23/09/2026,Acquisition des équipements de mesures,23/10/2026 10:00,avis_ao,16
20260901891,Présidence du Gouvernement,23/09/2026,"Prestation de services d'entretien et de réparation ainsi qu'acquisition de pièces de rechange, de travaux de carrosserie et de peinture pour les véhicules administratifs relevant des services de la Présidence du Gouvernement.",23/10/2026 10:00,avis_ao,16
20260901890,Office de Développement de Rjim Maâtoug,23/09/2026,travaux de construction d'un complexe administratif à el mahdeth,29/10/2026 12:00,avis_ao,22
20260901888,Office de Développement de Rjim Maâtoug,23/09/2026,construction d'un château d'eau au village n°01 à elmehdeth,27/10/2026 12:00,avis_ao,20
20260901889,Hôpital La Rabta de Tunis,23/09/2026,"Appel d'offre général par procédures simplifiées pour la deuxième fois relatif à l'ACQUISITION,l' INSTALLATION, la MISE EN MARCHE, la FORMATION, ET LA MAINTENANCE DU MATÉRIEL MEDICAL POUR LE SERVICE DE LA CHIRURGIE GENERALE de L'EPS La Rabta et EPS Habib Bourguiba Sfax",14/10/2026 09:00,avis_ao,7
20260901887,Office de la Topographie et du Cadastre,23/09/2026,Acquisition du matériel de levé,23/10/2026 10:00,avis_ao,16
20260901886,Commune de Sousse,23/09/2026,Acquisition de conteneurs en PEHD pour l'année 2026,08/10/2026 14:00,avis_ao,1
20260901851,Conseil régional de Sidi Bouzid,23/09/2026,PROJET DE CONCEPTION D'UN STADE D'ATHLETISME A LA COMMUNE DE FAIEDH,26/10/2026 10:00,avis_ao,19
20260901885,Cite Universitaire Fattouma Bourguiba Monastir,23/09/2026,appel d'offres national n01/2026 pour la nourriture pour l'année 2027,23/10/2026 12:00,avis_ao,16
20260901884,Agence Nationale de la Protection de l'Environnement,22/09/2026,Acquisition Matériels de Transport en 02 lots,23/10/2026 10:00,avis_ao,16
20260901883,"Direction Régionale de l'Equipement, de l'Habitat et de l'Aménagement du Territoire de Siliana",22/09/2026,مهمة دراسة ومتابعة أشغال مساكن اجتماعية موزعة على 05 أقساط ضمن برنامج ازالة المساكن البدائية وتعويضها بمساكن جديدة لسنة 2026 بتنفيذ من المستفيد عن طريق البناء الذاتي بولاية سليانة,21/10/2026 10:30,avis_ao,14
20260901265,Ministère de la Défense Nationale,22/09/2026,أشغال ربط ثكنة مسجد عيسى بالغاز الطبيعي لفائدة وزارة الدفاع الوطني,22/10/2026 10:00,avis_ao,15
20260901264,Ministère de la Défense Nationale,22/09/2026,أشغال ربط ثكنة باجة بالغاز الطبيعي (شبكة داخلية) لفائدة وزارة الدفاع الوطني,22/10/2026 10:00,avis_ao,15
20260901881,Groupement Inter-professionnel des Produits Avicoles et Cunicoles,22/09/2026,"Intégration, configuration et adaptation d'une solution progiciel de gestion intégrée communautaire pour le GIPAC",27/10/2026 17:00,avis_ao,20
20260901880,Centre de Promotion des Exportations,22/09/2026,REALISATION DU PAVILLON TUNISIEN AU SALON INTERNATIONAL EXPO PROTECTION 2026,07/10/2026 10:00,avis_ao,0
20260901879,Société Tunisie Autoroutes,22/09/2026,Acquisition et mise en place des modules de gestion d'achat et gestion des stocks,10/11/2026 10:00,avis_ao,34
20260901809,Conseil régional du gouvernorat du Kef,22/09/2026,أﺸﻐﺎل ﺘﻐییر اﻟمصعد اﻟكهرباﺌﻲبقسم اﻟجراﺤﺔ مشروع باﻟمستشفى الجهوي باﻟكاف,13/10/2026 10:00,avis_ao,6
20260901877,Gouvernorat de Gafsa,22/09/2026,PROJET construction d'une unité de réanimation à l'hôpital de metlaoui,19/10/2026 10:00,avis_ao,12
20260901861,Gouvernorat de Kairouan,22/09/2026,PROJET DE CONSTRUCTION D'UN COMPLEXE COMMERCIAL A OUESLATIA KAIROUAN,27/10/2026 11:00,avis_ao,20
20260901876,Commissariat régional de l'éducation de Sfax 2,22/09/2026,أشغال تهيئة وصيانة بالمدرسة الابتدائية الزيتونة الطاهر كريشان,22/10/2026 09:30,avis_ao,15
20260901875,Commissariat régional de l'éducation de Sfax 2,22/09/2026,اقتناء أزياء الشغل لفائدة العملة ومستلزمات الوقاية والسلامة المهنية لفائدة المرشدين التطبيقيين للتربية العاملين بالمؤسسات التربوية الراجعة بالنظر للمندوبية الجهوية للتربية بصفاقس2,21/10/2026 09:30,avis_ao,14
20260901873,Société Tunisie Autoroutes,22/09/2026,AO N°32/2026 (POUR LA 2eme FOIS) ACQUISITION D'UN LOT DE MATÉRIEL ROULANT,23/10/2026 14:30,avis_ao,16
20260901872,Hôpital Aziza Othmana de Tunis,22/09/2026,"APPEL D'OFFRE POUR L'APPRIVISIONNEMENT DE L'HOPITAL EN TISSUS, DRAPS ET TENUS 2026 (2ème fois)",26/10/2026 10:00,avis_ao,19
20260901871,Prison Borjerroumi,22/09/2026,صفقة بإجراءات مبسطة لتزويد سجن برج الرومي بمجنبات الأليمنيوم لسنة 2026,08/10/2026 07:00,avis_ao,0
20260901869,Société Nationale de Distribution de Pétrole,22/09/2026,"Fourniture de pièces de rechange industriels pour les centres emplisseurs GPL de GABES, RADES et BIZERTE de la SNDP en trois (03) lots séparés .",24/11/2026 09:30,avis_ao,48
20260901870,Cité des Sciences à Tunis,22/09/2026,Réalisation des travaux d'aménagement d'une salle polyvalente en deux lots à l'antenne de la Cité des Sciences à Kasserine,29/10/2026 10:00,avis_ao,22
20260901868,Commissariat Régional au Développement Agricole de Nabeul,22/09/2026,أشغال إصلاح قناة جلب المياه بسدّ شيبة من معتمدية قربة قطر 600 مم وقناة الضخ من مياه الشمال قربة منزل تميم قطر 600 مم والتجهيزات الملحقة بها,26/10/2026 15:00,avis_ao,19
20260901867,Société Tunisienne d'Electricité et de Gaz,22/09/2026,Appareils de mesures,20/10/2026 09:00,avis_ao,13
20260901849,Commissariat Régional au Développement Agricole de Nabeul,22/09/2026,إنجاز أشغال تهيئة وجهر وتنظيف واد القرعة و روافده بمعتمدية الهوارية من ولاية نابل,08/10/2026 14:00,avis_ao,1
20260901866,Commissariat Régional au Développement Agricole de Nabeul,22/09/2026,اقتناء معدات صيانة لمحطات ضخ ماء صالح للشرب,27/10/2026 15:00,avis_ao,20
20260901859,école nationale des prisons et de réeducation,22/09/2026,produit alimentaire,23/10/2026 09:00,avis_ao,16
20260901858,Groupe Chimique Tunisien,22/09/2026,Fourniture de roulements et accessoires (contrats cadre pour une année renouvelable deux fois),06/11/2026 09:30,avis_ao,30
20260901856,ولاية منوبة,22/09/2026,احداث شبكات التنوير العمومي بالمناطق الريفية بولاية منوبة لسنة 2025,26/10/2026 10:00,avis_ao,19
20260901852,Commune Zarzis Nord,22/09/2026,اشغال صيانة و توسعة شبكة التنوير العمومي ببلدية جرجيس الشمالية,21/10/2026 10:00,avis_ao,14
20260901857,Ministère de la Défense Nationale,22/09/2026,l'acquisition des articles d'ameublement (tables à manger et chaises),22/10/2026 10:00,avis_ao,15
20260901855,école nationale des prisons et de réeducation,22/09/2026,drainage des fosses septiques,22/10/2026 10:00,avis_ao,15
20260901853,Gouvernorat de Tozeur,22/09/2026,بناء ثمانية محلات بمعتمدية حامة الجريد من ولاية توزر,22/10/2026 09:30,avis_ao,15
20260901843,Hôpital d'Enfants,22/09/2026,"« Acquisition des réactifs , accessoires et consommables avec mise à la disposition de deux systèmes analytiques multi paramétriques identiques de biochimie, d'un système analytique multi parametrique d'immuno-analyse et d'un système informatique expert ».",30/10/2026 09:30,avis_ao,23
20260901854,Commissariat régional de l'éducation de Gabès,22/09/2026,تهيئة و صيانة المدارس الابتدائية,12/10/2026 09:00,avis_ao,5
20260901850,Commissariat Régional au Développement Agricole de Béja,22/09/2026,أشغال إصلاح وصيانة (03) بحيرات جبلية بولاية باجة,23/10/2026 10:00,avis_ao,16
20260901848,Commune Zaghouan,22/09/2026,تهيئة المحيط الخارجي لمقرّ بلديّة زغوان,23/10/2026 10:00,avis_ao,16
20260901844,Société des Services Nationaux et des Résidences,22/09/2026,Fourniture de tapis en laine destinées à l'équipement des résidences,07/10/2026 10:00,avis_ao,0
20260901842,Commune de Tozeur,21/09/2026,إشغال تجميل المدينة بمناطق التوّسع لبلدية توزر (برنامج FICOL2),12/10/2026 10:00,avis_ao,5
20260901810,Office National de la Protection Civile,21/09/2026,ACQUISITION DE MATERIELS SPECIFIQUES D'INTERVENTION,06/11/2026 09:00,avis_ao,30
20260901819,Groupement Inter-professionnel des Produits Avicoles et Cunicoles,21/09/2026,"Intégration, configuration et adaptation d'une solution progiciel de gestion intégrée communautaire pour le GIPAC",27/10/2026 17:00,avis_ao,20
20260901841,Commissariat Régional au Développement Agricole de Siliana,21/09/2026,قتناء آلة كاسحة,22/10/2026 09:00,avis_ao,15
20260901818,Conseil Régional du Gouvernorat de Nabeul,21/09/2026,أشغال صيانة و تهيئة المسالك بالمحطة الإستشفائية بحمام بنت الجديدي بمعتمدية الحمامات من ولاية نابل,26/10/2026 10:00,avis_ao,19
20260901817,Commissariat régionale des affaires culturelles jendouba,21/09/2026,طلب عروض بإجراءات مبسطة عدد01 لإقتناء تجهيزات و معدات لفائدة المندوبية الجهوية للشؤون الثقافية بجندوبة,20/10/2026 10:00,avis_ao,13
20260901806,Commune de Tataouine,21/09/2026,"Travaux de fourniture, d'installation, de mise en service d'un système de vidéosurveillance aux oueds et dépôt final des déchets à la commune de Tataouine",23/10/2026 10:00,avis_ao,16
20260901816,Commune de Béja,21/09/2026,إكتتاب عقود تأمين للأخطار المتعلّقة بنشاط بلدية باجة,19/10/2026 10:00,avis_ao,12
20260901812,Société des Services Nationaux et des Résidences,21/09/2026,Fourniture de tapis en soie destinés à l'équipement des résidences,31/12/2026 10:16,avis_ao,85
20260901808,Hôpital Mongi Slim à la Marsa,21/09/2026,Acquisition des produits chimiques et bandelettes,07/10/2026 10:00,avis_ao,0
20260901807,Société Promosport,21/09/2026,l'acquisition d'une plateforme multicanaux d'organisation des jeux de hasard et de paris sportifs,05/11/2026 10:00,avis_ao,29
20260901805,trésorerie régionale des finances tunis1,21/09/2026,proget d'amenagement de la recette des finances bab souika,22/10/2026 10:00,avis_ao,15
20260901804,Institut National Des Grandes Cultures,21/09/2026,annonce pour la 2ieme fois pour acquisition matériels roulants,22/10/2026 08:00,avis_ao,14
20260901803,Entreprise Tunisienne des Activités Pétrolières,21/09/2026,Maintenance des installations de sécurité incendie et gaz dans les locaux de L'ETAP,22/10/2026 10:00,avis_ao,15
20260901802,Commune Ouechtata Jmila,21/09/2026,Travaux De Construction de Clôture Hotel de Ville,21/10/2026 11:00,avis_ao,14
20260901801,Entreprise Tunisienne des Activités Pétrolières,21/09/2026,Acquisition et travaux d'installation et mise en place d'un groupe électrogène au Centre de Recherche et Développement Pétroliers (CRDP) à Charguia,22/10/2026 09:00,avis_ao,15
20260901799,Gouvernorat de Jendouba,21/09/2026,اقتناء تجهيزات ومعدات لفائدة المؤسسات الثقافية بجندوبة,22/10/2026 10:00,avis_ao,15
20260901685,Hôpital régional de Sidi Bouzid,21/09/2026,اقتناء مواد غذائية عامة,23/10/2026 10:00,avis_ao,16
20260901629,Commissariat Régional au Développement Agricole de Jendouba,21/09/2026,Acquisition et transport de matériels informatiques,19/10/2026 10:00,avis_ao,12
20260901798,Conseil Régional de Tunis,21/09/2026,la Réalisation Des Travaux de Réaménagement Du Foyer Universitaire Omrane Supérieur 3 – Tranche 3 – Bloc 19.,22/10/2026 10:00,avis_ao,15
20260901626,Commissariat Régional au Développement Agricole de Jendouba,21/09/2026,Acquisition d'un Bulldozer sur chenilles,21/10/2026 10:00,avis_ao,14
20260901796,Centre de protection sociale El Amen,21/09/2026,Acquisition des denrées alimentaires pour l'année 2027,20/10/2026 11:00,avis_ao,13
20260901794,Commune d'Ariana,21/09/2026,Travaux d'entretien des voiries et trottoirs dans la COMMUNE DE L'ARIANA PROGRAMME ANNEE 2024,23/10/2026 10:00,avis_ao,16
20260901795,TUNISAIR,21/09/2026,Acquisition de matériels de servitude Roulants : Chariots élévateurs électrique et Gerbeurs,23/10/2026 09:00,avis_ao,16
20260901797,Direction régional des affaires social Gabes,21/09/2026,اقتناء تجهيزات ومعدات ضمن تنفيذ برنامج التمكين الاقتصادي لفائدة العائلات المعوزة والمعاقين لسنة 2026,07/10/2026 17:30,avis_ao,0
20260901789,Société Tunisienne d'Electricité et de Gaz,21/09/2026,COMPTEUR STATIQUE TRIPHASE COMMUNICANT MT,22/10/2026 09:00,avis_ao,15
20260901793,Ministère de la Santé,21/09/2026,Achat de test de diagnostic rapide du streptocoque du groupe A,21/10/2026 10:00,avis_ao,14
20260901791,Société Nationale d'Exploitation et de Distribution des Eaux,21/09/2026,AO 72-2026 l'exécution de l'ensemble des travaux d'achévement et de réhabilitation des sièges des districts de la SONEDE dans le Gouvernorat de Nabeul.,26/10/2026 09:00,avis_ao,19
20260901788,Société Nationale d'Exploitation et de Distribution des Eaux,21/09/2026,AO 76-2026 Achévement des travaux de génie civil prévus dans le cadre du projet d'alimentation en eau potable de la localité rurale Ain Aouija dans la délégation de Jendouba Sud (Gouvernorat de Jendouba) .,26/10/2026 09:00,avis_ao,19
20260901792,Agence Foncière touristique,21/09/2026,ACQUISITION DE TICKETS-RESTAURANT PÉRIODE 2027-2028-2029,22/10/2026 10:00,avis_ao,15
20260901783,Hôpital Ibn Eljazzar de Kairouan,21/09/2026,"La fourniture , l'installation et la mise en service d'un système de vidéosurveillance à procédure simplifiées",21/10/2026 10:00,avis_ao,14
20260901785,Commune de redeyef,19/09/2026,Projet d'extension et renovation de réseau d'éclairage public dans la commune de Redeyef,19/10/2026 11:00,avis_ao,12
20260901784,Commune de Tozeur,19/09/2026,معدات نظافة شاحنة عاجنة رافعة للفضلات سعة من16م3الى17 م3 لفائدة بلدية توزر,23/10/2026 10:00,avis_ao,16
20260901690,Hopital Universitaire Habib Bougatfa Bizerte,19/09/2026,"Mise en place d'un appareil d'analyse des gaz du sang à la charge du laboratoire de l'hôpital, avec la fourniture des consommables médicaux nécessaires.",13/10/2026 10:00,avis_ao,6
20260901689,"Direction Régionale de l'Equipement, de l'Habitat et de l'Aménagement du Territoire de Tunis",18/09/2026,"AchèvementTravaux d'embellissement, entretien des réseaux de drainages, amélioration de la sécurité routière et protection contre les incendies des axes routiers dans le gouvernorat de Tunis",19/10/2026 10:00,avis_ao,12
20260901688,Commune Bir El haffey,18/09/2026,MODERNISATION DES VOIRIES DANS LA COMMUNE DE BIR LEHFAY,22/10/2026 10:00,avis_ao,15
20260901686,Restaurant Universitaire Sidi Bouzid,18/09/2026,طلب عروض وطني عدد 01/2026 لإقتناء مواد غذائية بعنوان سنة 2027,19/10/2026 09:00,avis_ao,12
20260901683,Commune Chott Meriam,18/09/2026,Révision et extension du Plan d'Aménagement Urbain de la Commune de Chott Meriem,19/10/2026 10:00,avis_ao,12
20260901682,Société Nationale d'Exploitation et de Distribution des Eaux,18/09/2026,"AO 105/2026 pour d'alimentation en eau potable des localités aux délégations Houmet Essouk, Midoun et Ajim (Djerba)",21/10/2026 09:00,avis_ao,14
20260901681,Commissariat Régional au Développement Agricole de Sfax,18/09/2026,أشغال بناء مركز استقبال بالمحمية الطبيعية بالقنة من معتمدية عقارب ولاية صفاقس,20/10/2026 10:00,avis_ao,13
20260901678,Société d'Exploitation du Canal et des Adductions des Eaux du Nord,18/09/2026,Fourniture et mise en place d'un système de télégestion pour le complexe hydraulique Ziatine et le poste 90kv à Sidi el Barrak,19/10/2026 10:00,avis_ao,12
20260901680,commune tabarka,18/09/2026,جمع ونقل النفايات المنزلية والشبيهة وكنس الانهج والشوارع في مدينة طبرقة,22/10/2026 10:00,avis_ao,15
20260901679,Société Nationale d'Exploitation et de Distribution des Eaux,18/09/2026,"AO 107/2026 pour l'exécution des travaux d'alimentation en eau potable des divers groupements relevant des délégations de Sidi Bouzid Est, Sidi Bouzid Ouest, Ouled Haffouz, Jelma, Sidi Ali Ben Aoun, Cebbala, Regueb, Bir el Heffey, Maknessy et Souk Jedid dans le cadre du programme régional du développement intégré / gouvernorat de Sidi Bouzid.",21/10/2026 09:00,avis_ao,14
20260901668,Société Nationale d'Exploitation et de Distribution des Eaux,18/09/2026,"AO 111/2026 pour la conclusion d'un marché cadre pour l'exécution de l'ensemble des travaux d'extension, de recalibrage des réseaux, construction d'ouvrages courants et la réalisation des branchements et reports de prises dans le district de Menzel Temime, (Gouvernorat de Nabeul).",21/10/2026 09:00,avis_ao,14
20260901667,Compagnie des Phosphates de Gafsa,18/09/2026,اشغال بناء المحطة الرئيسية للكهرباء بمغسلة ام الخشب MT1,27/10/2026 09:30,avis_ao,20
20260901666,Commune El Aouabed-Khazanet,18/09/2026,Travaux d'aménagement et de revêtement de voirie dans la commune d'El Aouabed El Khazanet Programme 2024-2025,19/10/2026 10:00,avis_ao,12
20260901664,Société Nationale d'Exploitation et de Distribution des Eaux,18/09/2026,"AO 113/2026 pour la Fourniture, essais, transport, montage Et mise en bon état de marche d'un système de lubrification conditionnelle centralisé destiné aux stations de pompage SP1, SP1' et SP2 GHEDIR ELGOLLA",21/10/2026 09:00,avis_ao,14
20260901660,"Direction Régionale de l'Equipement, de l'Habitat et de l'Aménagement du Territoire de Siliana",18/09/2026,أشغال تدعيم المسالك الريفية بولاية سليانة لسنة 2026 موزعة على قسطين,22/10/2026 10:00,avis_ao,15
20260901634,Société Nationale d'Exploitation et de Distribution des Eaux,18/09/2026,"AO 109/2026 pour la conclusion d'un marché cadre ayant pour objet l'exécution des travaux d'extension, de recalibrage du réseau, de construction d'ouvrages courants et la réalisation des branchements et reports de prises dans les localités du District Ezzahra.",21/10/2026 09:00,avis_ao,14
20260901558,Commissariat régional de l'éducation de Kébili,18/09/2026,بناء قاعة تدريس عادية بالمدرسة الابتدائية ليماقس و بناء قاعة اختصاص بالمدرسة الاعدادية ابن رشيق دوز للمرة الثانية,19/10/2026 10:00,avis_ao,12
20260901633,"Direction Régionale de l'Equipement, de l'Habitat et de l'Aménagement du Territoire de Kairouan",18/09/2026,"Travaux de réparation des dégâts causés par les inondations dans le gouvernorat de Kairouan (année 2026), répartis en deux lots distincts",16/10/2026 10:00,avis_ao,9
20260901632,Université de Sfax,18/09/2026,Acquisition des voitures de service au profit de l'Université de Sfax,22/10/2026 12:00,avis_ao,15
20260901630,TUNISAIR,18/09/2026,Installation d'une solution de contrôle d'accès au bâtiment du siège social de Tunisair et installation des équipements de contrôle d'accès au niveau de la zone PNT Tunisair,20/10/2026 09:00,avis_ao,13
20260901628,ولاية منوبة,18/09/2026,اعلان الدعوة للمنافسة لتعيين مصممين لانجاز الدراسات و متابعة الاشغال للاقساط الفنية الخاصة - احداث قاعة للرياضات الحماعية بالجديدة -,22/10/2026 10:00,avis_ao,15
20260901549,"Direction Régionale de l'Equipement, de l'Habitat et de l'Aménagement du Territoire de Monastir",18/09/2026,REPARATION DES DEGATS INNONDATION SEPTEMBRE 2020,19/10/2026 10:00,avis_ao,12
20260901582,Office de la Marine Marchande et des Ports,18/09/2026,TRAVAUX DE DRAGAGE AU PORT DE ZARZIS,05/11/2026 10:00,avis_ao,29
20260901624,Office de Développement de Rjim Maâtoug,18/09/2026,fourniture et plantation des rejets de palmiers dattiers de l'unite 01 de la 2ème tranche des oasis Elmehdeth,20/10/2026 12:00,avis_ao,13
20260901612,Commissariat régional de l'éducation de Zaghouan,18/09/2026,APPEL D'OFFRE 04/2026 LOT N° 03 troisième fois,19/10/2026 10:00,avis_ao,12
20260901606,Office National de l'Huile,18/09/2026,Acquisition et mise en service de matériel de laboratoire,23/10/2026 10:00,avis_ao,16
20260901581,Commissariat régional de l'éducation de Kébili,18/09/2026,اتمام أشغال بناء مجموعات صحية للمعلمين و التلاميذ بالمدارس الابتدائية بنحمرون و العوينة 1 دوز و القلعة للمرة الثالثة,20/10/2026 10:00,avis_ao,13
20260901594,Commissariat régional de l'éducation de Kébili,18/09/2026,بناء قسم تحضيري بالمدرسة الابتدائية الأمل رجيم معتوق و صيانة المطعم و بناء قاعة اعلامية و بناء قاعة اختصاص بمعهد رجيم معتوق,21/10/2026 10:00,avis_ao,14
20260901586,Commissariat régional de l'éducation de Nabeul,18/09/2026,اقتناء زي الشغل لفائدة عملة المندوبية الجهوية للتربية بنابل والمؤسسات الراجعة لها بالنظر– برنامج 2026 والفصول الغير مثمرة من طلب العروض عدد 01/2024 والفصول الغير مثمرة من طلب العروض عدد 01/2025 لفائدة عملة المندوبية الجهوية للتربية بنابل والمؤسسات الراجعة لها بالنظر,20/10/2026 08:00,avis_ao,12
20260901557,Commune Sidi Bennour,18/09/2026,Acquisition d'un camion à benne basculante de charge utile 3.5 tonnes,12/10/2026 10:00,avis_ao,5
20260901556,Mairie de Tunis,18/09/2026,travaux d'aménagement au stade Chedly Zouiten – Tunis // Tranche II,19/10/2026 10:00,avis_ao,12
20260901555,Groupe Chimique Tunisien,18/09/2026,"GFI2620111 FOURNITURE DE TROIS (03) LOTS DE CAOUTCHOUC (TUYAUX, BANDES ET BAVETTES), POUR LES USINES A GABES DU GROUPE CHIMIQUE TUNISIEN",03/11/2026 08:30,avis_ao,27
20260901554,Commissariat régional de l'éducation de Sidi Bouzid,18/09/2026,"Construction de blocs techniques, technologiques et scientifiques à l'école préparatoire MGHILA.",21/10/2026 09:30,avis_ao,14
20260901552,Groupe Chimique Tunisien,18/09/2026,"GFI2620068 :FOURNITURE DE DEUX (02) LOTS D'ELECTRODES DE SOUDURE, POUR LES USINES A GABES DU GROUPE CHIMIQUE TUNISIEN",03/11/2026 08:30,avis_ao,27
20260901551,Hôpital La Rabta de Tunis,18/09/2026,CHOIX DE BUREAUX DE CONTROLE POUR LA MISSION DE CONTROLE TECHNIQUE DES ETUDES ET DE SUIVIE DES PROJETS A L'HOPITAL LA RABTA,12/10/2026 09:00,avis_ao,5
20260901497,Office National de l'Assainissement,18/09/2026,"la réalisation des travaux d'assainissement des cites essoualem , chaachaa , arfaouine , drihet, laarayech et rue lasaad elbajar dans la commune d'Agareb dansle gouvernorat de Sfax - Fourniture, transport et pose de conduites, pièces de fonderie.",20/10/2026 11:00,avis_ao,13
20260901550,Centre de reeducation des enfants mineurs sidi el hani,18/09/2026,طلب عروض وطني عدد 01/2026 لسنة 2027 التزود بمواد غذائية عامة لفائدة مركز إصلاح الأطفال سيدي الهاني,19/10/2026 10:00,avis_ao,12
20260901545,Agence des Ports et des Installations de la Pêche,18/09/2026,Etude d'impact sur l'environnement pour la réalisation du projet de dragage du port de pèche de Tabarka,21/10/2026 12:30,avis_ao,14
20260901546,Commune de Gabes,18/09/2026,travaux d'entretien et de maintenance de certaines routes de la municipalité de Gabès (programme 2026).,22/10/2026 10:00,avis_ao,15
20260901544,Agence de Réhabilitation et de Rénovation Urbaine,18/09/2026,APPEL D'OFFRES N 79 /2026 Travaux de Réhabilitation Du Quartier Ksar Bardo Dans La Commune de Beja Gouvernorat Beja Programme de Réhabilitation et d'Intégration des Quartiers d'Habitation - 2ème génération,22/10/2026 12:00,avis_ao,15
20260901542,المستشفى العسكري بقابس,18/09/2026,إنجاز أشغال بناء مغازة لحفظ العتاد الطبي والعتاد المشترك بالمستشفى العسكري بقابس,19/10/2026 09:59,avis_ao,12
20260901543,Office des Terres Domaniales,18/09/2026,Achat de poussins d'un jour ponte,12/10/2026 09:00,avis_ao,5
20260901472,Hôpital Régional de Siliana,18/09/2026,التزود بالمواد الغذائية العامة و المواد الاولية لفائدة مطبخ المستشفى الجهوي بسليانة,20/10/2026 08:30,avis_ao,13
20260901541,Gouvernorat de Gafsa,18/09/2026,أشغال تهيئة مدخل الادارة الجهوية للتجهيز بقفصة,19/10/2026 10:00,avis_ao,12
20260901540,Office des Terres Domaniales,18/09/2026,Achat Poussins d'un jour chair,09/10/2026 09:00,avis_ao,2
20260901539,Gouvernorat de Kébili,18/09/2026,مواصلة تهيئة قاعة الرياضات الجماعية بقبلي,22/10/2026 10:00,avis_ao,15
20260901480,Centre Informatique du Ministère des Finances,18/09/2026,Développement et mise en oeuvre d'une solution logicielle pour la préparation du budget de l'état,20/10/2026 10:00,avis_ao,13
20260901496,Office National de l'Assainissement,18/09/2026,"travaux de réhabilitation des réseaux d'assainissement en eaux usées et de stations de pompage dans la Banlieue Sud- ville d'Ezzahra- Gouvernorat de Ben Arous, fourniture, transport et pose de conduites, construction des ouvrages de génie civil et équipements électriques et électromécaniques de stations de pompage.",03/11/2026 10:00,avis_ao,27
20260901533,Gouvernorat de Gafsa,18/09/2026,أشغال تهيئة المركب الشبابي بالمتلوي للمرة 2,09/10/2026 10:00,avis_ao,2
20260901531,Société Tunisienne d'Electricité et de Gaz,18/09/2026,Lot N°1 : Raccordement de la « station de pompage SONEDE SP105 GHEZELA - à partir du nouveau départ HTA 30KV « ROKOB » issu du poste source HTB/HTA TAREF. Lot N°2 : Raccordement de la « stations de pompage SONEDE SP106 GHEZELA à partir de la station de pompageSP105. Lot N°3 : Raccordement des « stations de pompage SONEDE (SP107 et SP108 bezina) » à partir de la station de pompage SP106.,21/10/2026 09:00,avis_ao,14
20260901526,Commune Sidi Bennour,18/09/2026,Travaux d'aménagement et réhabilitation du voie reliant zone Souani Awled Said au profit de la commune de Sidi Bannour(programme du modernisation des voiries 2026),26/10/2026 10:00,avis_ao,19
20260901532,Commissariat Régional au Développement Agricole de Siliana,18/09/2026,اقتناء معدات اعلامية,19/10/2026 10:00,avis_ao,12
20260901524,Société de Transport du Sahel,18/09/2026,الصفقة الإطارية لاقتناء مصافي لسنوات 2027/2028/2029,22/10/2026 10:00,avis_ao,15
20260901528,Gouvernorat de Kébili,18/09/2026,تكملة احداث قرية حرفية لفائدة قطاع الصناعات التقليدية بقبلي,21/10/2026 10:00,avis_ao,14
20260901527,Manufacture des Tabacs de Kairouan,18/09/2026,Acquisition des equipements informatiques,20/10/2026 10:00,avis_ao,13
20260901525,Gouvernorat de Kébili,18/09/2026,تهيئة المسكن الوظيفي للسيد الوالي,21/10/2026 10:00,avis_ao,14
20260901515,Gouvernorat de Gafsa,18/09/2026,اشغال انجاز خزان ماء صالح للشراب بالمستشفى الجهوي الحسين بوزيان قفصة,19/10/2026 10:00,avis_ao,12
20260901514,"Direction Régionale de l'Equipement, de l'Habitat et de l'Aménagement du Territoire de Medenine",18/09/2026,Travaux d'Emplois partiels sur les routes relevant de la direction régionale de l'équipement de Médenine programme 2026,20/10/2026 10:00,avis_ao,13
20260901487,Centre National des Technologies en Education,18/09/2026,Organisation de formations au profil des cadres et du personnel du CNTE,14/10/2026 10:00,avis_ao,7
20260901513,Centre de Traumatologie et des Grands Brûles,17/09/2026,Acquisition de mobilier hospitalier et mobilier métallique,09/10/2026 10:00,avis_ao,2
20260901512,Commissariat Régional au Développement Agricole d'El Kef,17/09/2026,Appel d'offres n° 13/2026 : pour la réalisation de travaux de conservation des eaux et du sol répartis en deux lots : - - Lot n° 1 : 1 000 ha de banquettes mécaniques - - Lot n° 2 : 1 000 ha de banquettes mécaniques,20/10/2026 09:00,avis_ao,13
20260901511,Commune Sidi Makhlouf,17/09/2026,اشغال صيانة الارصفة و حواشي الطرقات,19/10/2026 11:00,avis_ao,12
20260901510,Commissariat Régional au Développement Agricole d'El Kef,17/09/2026,"Marché à procédure simplifiée n° 08/2026 Réalisation des travaux de deux forages (puits profonds), « Ettabia » à Sakiet Sidi Youssef et « Aïn Degga » à El Ksour, en 2 lots:   Lot n° 1 : Puits profond « Et-Tabia » (profondeur de 200 m) dans la délégation de Sakiet Sidi Youssef   Lot n° 2 : Puits profond « Aïn Degga » (profondeur de 250 m) dans la délégation d'El Ksour",20/10/2026 13:00,avis_ao,13
20260901508,Conseil National des Régions et des Districts,17/09/2026,Acquisition de mobilier au profit du Conseil National des Régions et des Districts,19/10/2026 14:00,avis_ao,12
20260901507,Commissariat Régional au Développement Agricole d'El Kef,17/09/2026,"Appel d'offres n° 15/2026 : Acquisition d'équipements au profit d'arrondissement des forêts, en deux lots répartis comme suit : - Lot n° 1 : Acquisition d'un bulldozer sur chenilles. - Lot n° 2 : Acquisition de deux tracteurs et de deux citernes a traction mécanique",19/10/2026 09:00,avis_ao,12
20260901506,Hôpital Abderrahmane Mami de Pneumophistiologie,17/09/2026,"Mise à la disposition d'une automate d'hémostase avec acquisition des réactifs, consommables et accessoires",19/10/2026 09:00,avis_ao,12
20260901500,Office de la Marine Marchande et des Ports,17/09/2026,ACHEVEMENT DES TRAVAUX DE CONSTRUCTION D'UN ABRI EN CHARPENTE METALLIQUE POUR LES SERVICES DU CONTROLE DOUANIERE AU TERMINAL 7 AU PORT DE LA GOULETTE,27/10/2026 10:00,avis_ao,20
20260901499,Commune Ghraiba,17/09/2026,"Étude, élaboration et révision d'un modèle de planification urbaine pour la municipalité d'El Ghariba",08/10/2026 10:00,avis_ao,1
20260901498,Caisse Nationale de la Sécurité Sociale,17/09/2026,ETUDES ET SUIVI DU PROJET DE RENOVATION DE L'INSTALLATION ELECTRIQUE A LA POLICLINIQUE DE LA CNSS A SOUSSE,20/10/2026 12:00,avis_ao,13
20260600856,Caisse Nationale de la Sécurité Sociale,17/09/2026,Acquisition D'Equipements Informatiques,20/10/2026 12:00,avis_ao,13
20260901495,Hôpital Régional Mohamed Ben Sassi - Gabes,17/09/2026,"L'Acquisition, la livraison et l'installation des Equipements et des instruments médicaux pour l'année 2026",07/10/2026 11:00,avis_ao,0
20260901494,Commune Ettadhamen,17/09/2026,اقتناء وسائل نقل لفائدة بلدية التضامن لسنة 2026,20/10/2026 10:00,avis_ao,13
20260901493,Direction régionale de la santé publique de Gabes,17/09/2026,"Acquisition et installation d'équipements médicaux, de fournitures de bureau et d'appareils électroménagers au profit de la direction régionale de la santé de Gabès.",20/10/2026 10:00,avis_ao,13
20260901488,Ministère de la Défense Nationale,17/09/2026,Acquisition des habillements de sport pour les compétitions internationales,22/10/2026 10:00,avis_ao,15
20260901478,Commune Ghomrassen,17/09/2026,Aménagement d'Entrée Est de la commune de Ghomrassen,19/10/2026 10:00,avis_ao,12
20260901485,Office de Logements des cadres Actifs du Ministère de l'Intérieur,17/09/2026,MARCHE CADRE POUR L'EXECUTION DES TRAVAUX D'ENTRETIEN DES CITES RESIDENTIELLES DE L'O.L.C.A.M.I. SISES AU GRAND TUNIS (2026-2029),19/10/2026 15:00,avis_ao,12
20260901484,Hôpital des forces de sécurité intérieure à Marsa,17/09/2026,انجاز أشغال عزل اسطح بناية المستشفى,10/10/2026 10:00,avis_ao,3
20260901482,Gouvernorat de Tataouine,17/09/2026,استكمال أشغال تعبيد طرقات داخل بلدية تطاوين لسنة 2020 قسط عدد 03 (أعادة),19/10/2026 10:00,avis_ao,12
20260901481,Conseil regional de beja,17/09/2026,تهيئة وتوسعة المبيتات الخاصة بالأحداث بمركز اصلاح الأطفال الجانحين بمجاز الباب - قسط عدد 01,20/10/2026 10:00,avis_ao,13
20260901476,السجن المدني ببنزرت,17/09/2026,تزويد سجن بنزرت بالمواد الغذائية العامة لسنة 2027,20/10/2026 10:00,avis_ao,13
20260901475,Office de la Marine Marchande et des Ports,17/09/2026,"ACQUISITION, INSTALLATION ET MISE EN EXPLOITATION D'UN SYSTEME CENTRALISE DE POINTAGE BIOMETRIQUE PAR EMPREINTE DIGITALE ET D'UN SYSTEME DE VIDEOSURVEILLANCE A L'OFFICE DE LA MARINE MARCHANDE ET DES PORTS",02/11/2026 10:00,avis_ao,26
20260901430,Commissariat régional de l'éducation de Sidi Bouzid,17/09/2026,TRAVAUX D'EXTENSION AUX ECOLES PREPARATOIRES A SIDI BOUZID,20/10/2026 09:30,avis_ao,13
20260901469,"Direction Régionale de l'Equipement, de l'Habitat et de l'Aménagement du Territoire de Gabès",17/09/2026,Travaux de confortement de stabilité des routes classées dans le gouvernorat de Gabes - lot 2 travaux de confortement de la stabilité de la route RL 958 au PK 8+300 dans la délégation de Matmata - gouvernorat de Gabes,20/10/2026 09:30,avis_ao,13
20260901468,Direction régionale des affaires sociales Siliana,17/09/2026,اقتناء أغنام من السلالة العربي أو الغربي أو الشركي في إطار بعث مشاريع لفائدة الإدارة الجهوية للشؤون الاجتماعية بسليانة (قسم النهوض الاجتماعي) لسنة 2026,08/10/2026 10:00,avis_ao,1
20260901467,Direction régional de santé Sfax,17/09/2026,TRAVAUX DE MISE A NIVEAU DES CENTRALES ET DES RESAUX DE DISTRIBUTION DES FLUIDES MEDICAUX A L'HOPITAL REGIONAL DE KERKENNAH,19/10/2026 10:00,avis_ao,12
20260901446,Hôpital Razi de Manouba,17/09/2026,"la fourniture, l'installation, la configuration et la mise en œuvre d'un Holter EEG pour le service de Neurologie",19/10/2026 10:00,avis_ao,12
20260901462,Hôpital Hédi Chaker Sfax,17/09/2026,الفصول الغير مثمرة لطلب العروض عدد 16/2026 المتعلق باقتناء مستلزمات مخبرية لفائدة المستشفى الجامعي الهادي شاكر بصفاقس,19/10/2026 10:00,avis_ao,12
20260901459,Société Tunisienne de Sucre,17/09/2026,ELABORATION ET MISE EN ŒUVRE D'UN PLAN DE RESTRUCTURATION ET DE SUIVI POUR LA STS,20/10/2026 10:00,avis_ao,13
20260901391,Agence Technique des Transports Terrestres,17/09/2026,Matériels et logiciels Data center,19/10/2026 09:00,avis_ao,12
20260901458,Société de Transport du Sahel,17/09/2026,اقتناء منظومة متكاملة لخزن وتوزيع ومتابعة المازوط,20/10/2026 10:00,avis_ao,13
20260901457,Université de la Manouba,17/09/2026,acquisition d'équipements informatiques et scientifiques dans le cadre du Projet ERASMUS+ EQUALCity au profit de l'École Supérieure des Sciences et Technologies de Design,19/10/2026 10:00,avis_ao,12
20260901456,"Ministère de l'Equipement, l'habitat et l'aménagement du territoire",16/09/2026,"Préparation de l'audit annuel de conformité environnementale et sociale relatif au Projet d'Appui à la Connectivité Routière (PACR) –Liaison permanente entre l'Autoroute A4 et la ville de Bizerte (Pont de Bizerte) pour les années 2026, 2027 et 2028.",22/10/2026 09:00,avis_ao,15
20260901454,Centre Informatique du Ministère des Finances,16/09/2026,"Acquisition, installation et mise en service d'équipements informatiques",19/10/2026 10:00,avis_ao,12
20260901453,Institut Supérieur des Etudes Touristique de Sidi Dhrif,16/09/2026,طلب عروض عـدد 2026/06 أشغال تهيئة المعهد العالي لدراسات السياحية و الفندقية بسيدي الظريف,09/10/2026 10:00,avis_ao,2
20260901411,Société Régionale de Transport Gouvernorat de Médenine,16/09/2026,fourniture des tenues de travail,19/10/2026 16:00,avis_ao,12
20260901452,Institut Supérieur des Etudes Touristique de Sidi Dhrif,16/09/2026,طلب عروض عدد 01-2027 صفقة وفقا للإجراءات المبسّطة للتزويد المعهد العالي لدراسات السياحية و الفندقية بسيدي ظريف بالمواد الغذائية العامة لسنة 2027,12/10/2026 10:00,avis_ao,5
20260901451,Commune el haouaria,16/09/2026,voiries,20/10/2026 10:00,avis_ao,13
20260901450,Agence de Mise en Valeur du Patrimoine et de la Promotion Culturelle,16/09/2026,Acquisition de matériel de transport au profit de l'AMVPPC,16/10/2026 10:00,avis_ao,9
20260901449,Conseil Régional du gouvernorat de Mednine,16/09/2026,اشغال تهيئة قاعة الرياضة بمدنين,20/10/2026 09:30,avis_ao,13
20260901448,Présidence de la République,16/09/2026,Acquisition et installation d'équipements de restauration au profit de la Présidence de la République au titre de l'année 2026,16/10/2026 10:00,avis_ao,9
20260901447,Prison de jendouba,16/09/2026,تزويد سجن جندوبة بالمواد الغذائية العامة لسنة 2027,22/10/2026 10:00,avis_ao,15
20260901445,Faculté des Sciences de Sfax,16/09/2026,Acquisition matériels informatiques,19/10/2026 11:00,avis_ao,12
20260800144,Commune el haouaria,16/09/2026,construction d' un marché municipale,20/10/2026 10:00,avis_ao,13
20260901443,Société Nationale d'Exploitation et de Distribution des Eaux,16/09/2026,"AO 62-2026 Fourniture en rendu jusqu'aux différents parcs de la SO.N.E.D.E sis à Sousse, Mégrine, Sfax et Tunis pour les soumissionnaires résidents en Tunisie et en CFR (incoterm 2020) dans l'un des ports de Tunis pour les soumissionnaires non résidents en Tunisie de colliers de prise en charge de diamètre ≤ 63 mm pour tubes en polyéthylène et de bouches à clé,",20/10/2026 09:00,avis_ao,13
20260901444,Prison monastir,16/09/2026,طلب عروض عدد 01/2026لاقتناء مواد غذائية عامة لفائدة سجن المنستير لسنة 2027,21/10/2026 09:00,avis_ao,14
20260901442,Société Tunisienne de Sidérurgie ELFOULADH,16/09/2026,L'acquisition d'un tableau électrique MT,22/10/2026 11:00,avis_ao,15
20260901434,Office de la Topographie et du Cadastre,16/09/2026,Acquisition et Installation d'un Massicot,16/10/2026 10:00,avis_ao,9
20260901435,Instance nationale de l'accréditation en santé,16/09/2026,Acquisition de matériels et licence informatiques,16/10/2026 12:00,avis_ao,9
20260901433,مجمع الصحة الأساسية بالمهدية,16/09/2026,13-2026 أشغال توسعة قسم طب الاسنان بالمستشفى الجامعي الطاهر صفر بالمهدية,20/10/2026 10:00,avis_ao,13
20260901417,Société Tunisienne d'Electricité et de Gaz,16/09/2026,Travaux d'alimentation en gaz naturel de la zone industrielle Hached - Bouargoub,22/10/2026 09:00,avis_ao,15
20260901416,Présidence de la République,16/09/2026,"Prestation de services d'organisation de réceptions, de déjeuners et de dîners officiels pour le compte de la présidence de la République au titre de l'année 2027.",16/10/2026 10:00,avis_ao,9
20260901365,Commissariat régional de l'éducation de Sidi Bouzid,16/09/2026,Travaux de réhabilitation de l'école primaire BIR EL HAFFEY 1 ꞉ démolition et reconstruction d'un mur de clôture,19/10/2026 09:30,avis_ao,12
20260901413,Commissariat régional de l'éducation de l'Ariana,16/09/2026,Travaux d'aménagement et d'extensions aux écoles primaires à l'Ariana,22/10/2026 09:30,avis_ao,15
20260901414,Commissariat Régional au Développement Agricole de Sousse,16/09/2026,انجاز اشغال اصلاح وحدات قبيونية بمعتمدية بوفيشة و مصاطب ميكانيكية بمعتمدية النفيضة,19/10/2026 10:00,avis_ao,12
20260901412,Prison Civile De Sfax,16/09/2026,تزويد سجن صفاقس بالمواد الغذائيّة لسنة 2027,16/10/2026 09:00,avis_ao,9
20260901353,Groupe Chimique Tunisien,16/09/2026,"Fourniture de 15 lots de pompes et Motopompes centrifuges pour eaux et condensats pour les usines à Gabès, Skhira et M'dhilla du Groupe Chimique Tunisien",18/11/2026 08:30,avis_ao,42
20260901370,Agence Technique des Transports Terrestres,16/09/2026,Service de tel mobile,22/10/2026 10:00,avis_ao,15
20260901371,Agence Technique des Transports Terrestres,16/09/2026,Service Internet,22/10/2026 11:00,avis_ao,15
20260901375,Agence Technique des Transports Terrestres,16/09/2026,Entretien GR Siliana,19/10/2026 10:00,avis_ao,12
20260901406,"Direction Régionale de l'Equipement, de l'Habitat et de l'Aménagement du Territoire de Mahdia",16/09/2026,ETUDE DU TRAITEMENT DES POINTS BLEUS SUR LE RESEAU ROUTIER DANS LE GOUVERNORAT DE MAHDIA,19/10/2026 10:00,avis_ao,12
20260901403,Commissariat régional de l'éducation de l'Ariana,16/09/2026,Travaux d'aménagement et d'extensions aux écoles primaires à l'Ariana,21/10/2026 10:00,avis_ao,14
20260901400,Groupe Chimique Tunisien,15/09/2026,"GE26.3.0254 Déchargement, transport et chargement des engrais et travaux de reconditionnement des sacs détériorés pour le compte du groupe chimique Tunisien à Gabès pour une année renouvelable deux fois",14/10/2026 09:00,avis_ao,7
20260901401,Commune kerknnah,15/09/2026,ACQUISITION D'UN CAMION A BENNE TASSEUSE A PLAQUE DE 16-17 M3 EQUIPE DE LEVE CONTENEURS UNIVERSEL,16/10/2026 11:00,avis_ao,9
20260901399,Prison Eddir,15/09/2026,تزويد سجن الدير بالمواد الغذائية العامة لسنة 2027,15/10/2026 10:00,avis_ao,8
20260901385,Ministère de l'Enseignement Supérieur et de la Recherche Scientifique,15/09/2026,Etablissement du contrat d'assurance concernant la responsabilité décennale de certains projets appartenant au ministère de l'enseignement supérieure et de la recherche scientifique,21/10/2026 10:00,avis_ao,14
20260901396,Office de l'Aviation Civile et des Aéroports,15/09/2026,NETTOYAGE DES GAINES AERAULIQUES ET FOURNITURE DES FILTRES,20/10/2026 10:00,avis_ao,13
20260901394,Conseil Régional du gouvernorat de Mednine,15/09/2026,اشغال تهيئة السجن المدني بحربوب (للمرة الخامسة),16/10/2026 09:30,avis_ao,9
20260901393,Prison civile de Nadhour,15/09/2026,تزويد سجن الناظور بالمواد الغذائية العامة لسنة 2027,16/10/2026 10:30,avis_ao,9
20260901392,Hôpital La Rabta de Tunis,15/09/2026,ACQUISITION DE MOBILIER DE BUREAU POUR DIVERS SERVICES DE CHU LA RABTA,16/10/2026 09:00,avis_ao,9
20260901360,Hôpital régional de Sidi Bouzid,15/09/2026,اقتناء مستلزمات ومتممات طبية لقسم الصيدلية لسنة 2027,16/10/2026 10:00,avis_ao,9
20260901386,Commune Sidi Zid-Ouled Moulahem,15/09/2026,PROJET DE REVETEMENT DES ROUTES DE LA COMMUNE DE SIDI ZID OULED MOULAHEM PROGRAMME 2026,17/10/2026 10:00,avis_ao,10
20260901286,Hôpital Régional du Kef,15/09/2026,acquisition accessoires et réactifs pour sce labo année 2027,14/10/2026 12:00,avis_ao,7
20260901285,Hôpital Régional du Kef,15/09/2026,acquisition divers consommables et filtres hemodialyse 2027,14/10/2026 10:00,avis_ao,7
20260700880,Ministère de la Défense Nationale,15/09/2026,أشغال تجديد بيوت تبريد لفائدة وزارة الدفاع الوطني,16/10/2026 10:00,avis_ao,9
20260901379,Université de Sfax,15/09/2026,ACQUISITION DE MATERIELS SCIENTIFIQUES AU PROFIT DE L'Institut préparatoire aux études d'ingénierie de Sfax Et de l'Institut supérieur de gestion industrielle de Sfax.,14/10/2026 10:00,avis_ao,7
20260805147,Ecole de l'aviation de Borj El Amri,15/09/2026,Fourniture et pose et mise en marche d'un Laboratoire de Langue anglaise,16/10/2026 10:00,avis_ao,9
20260901378,Gouvernorat de Kébili,15/09/2026,بناء القسط الثاني من المكتبة الجهوية بقبلي,20/10/2026 10:30,avis_ao,13
20260901376,PRISON CIVIL MAHDIA,15/09/2026,اقتناء مواد غذائية عامة لفائدة سجن المهدية لسنة 2027,16/10/2026 10:00,avis_ao,9
20260901377,Gouvernorat de Kébili,15/09/2026,اقتناء ونقل مواد بناء لفائدة منتفعي برنامج تحسين المسكن بمعتمديتي الفوار ورجيم معتوق (144 منتفعا- برنامج 2023),20/10/2026 10:00,avis_ao,13
20260901374,Commune Midoun Djerba,15/09/2026,aménagement de l'espace limitrophe du stade municipal de Midoun (2éme fois),15/10/2026 10:00,avis_ao,8
20260901373,Gouvernorat de Kébili,15/09/2026,بناء مركز التربية والتأهيل الخاص بالقاصرين عن الحركة العضوية بدوز- قبلي,19/10/2026 10:30,avis_ao,12
20260901372,Gouvernorat de Kébili,15/09/2026,احداث وحدة نهارية للعلاج الكيميائي بالمستشفى الجهوي بقبلي,19/10/2026 10:00,avis_ao,12
20260901362,Commissariat Régional au Développement Agricole de Gabès,15/09/2026,Création de deux forages de remplacement en deux lots,19/10/2026 10:00,avis_ao,12
20260901369,Société Nationale du Transport Inter-Urbain,15/09/2026,Acquisition 3 boites à vitesse pour autocar volvo B11R,19/10/2026 10:00,avis_ao,12
20260901368,Commune Ghomrassen,15/09/2026,Acquisition d'équipements de nettoyage et des routes,16/10/2026 10:00,avis_ao,9
20260901367,Conseil régional de siliana,15/09/2026,إتمام انجاز اشغال إزالة المساكن البدائيةو تعويضها بمساكن جديدة في اطار البرنامج الخصوصي للسكن الاجتماعي لسنة 2012 موزعة على قسطين عدد 11 و 12بمعتمدية بوعرادة من ولاية سليانة,16/10/2026 09:00,avis_ao,9
20260901366,Commissariat Régional au Développement Agricole de Tataouine,15/09/2026,طلب عروض عـدد 22/2026 (إجراءات مبسطة): أشغال تعهد وصيانة وتعلية السياج الخارجي للمحمية الطبيعية بوادي دكوك بمعتمدية تطاوين الجنوبية,16/10/2026 10:00,avis_ao,9
20260901292,Ministère de la Défense Nationale,15/09/2026,Acquisition des équipements informatiques,16/10/2026 10:00,avis_ao,9
20260901363,Commune de Médenine,15/09/2026,Travaux d'aménagement et réhabilitation des routes dans le territoire de la commune de Médenine pour la deuxième fois,16/10/2026 10:00,avis_ao,9
20260901297,Commissariat régional de l'éducation de Sidi Bouzid,15/09/2026,Travaux de construction d'une clôture à l'école Primaire AL KHCHAM Délégation SAIDA,16/10/2026 09:30,avis_ao,9
20260900919,Ministère de la Défense Nationale,15/09/2026,اقتناء وتركيز معدات انارة لفائدة الاكاديمية الجوية ببرج العامري,16/10/2026 10:00,avis_ao,9
20260901359,Commune de redeyef,14/09/2026,acquisition d'une voiture de service,15/10/2026 11:00,avis_ao,8
20260901358,Commissariat Régional au Développement Agricole de Kébili,14/09/2026,صيانة وتعهد شبكات الريّ والمنشآت المائية بمعتمدية رجيم معتوق,19/10/2026 09:30,avis_ao,12
20260901357,Commune de Médenine,14/09/2026,clôture grillagé périphérique pour la protection et la délimitation pour la deuxième fois,16/10/2026 10:00,avis_ao,9
20260901356,OFFICE NATIONAL DE LA PROPREITE FONCIERE,14/09/2026,Acquisition d'imprimés administratifs à caractère non commun au profit de l'Office National de la Propriété Foncière pour les années 2026-2027-2028,14/10/2026 10:00,avis_ao,7
20260901351,Société Nationale d'Exploitation et de Distribution des Eaux,14/09/2026,"AO 70-2026 Fourniture en rendu jusqu'aux différents magasins de la SO.N.E.D.E sis à Tunis (Montfleury), Sousse et Sfax d'imprimés en papiers continu",20/10/2026 09:00,avis_ao,13
20260901350,Université de la Manouba,14/09/2026,Travaux de restauration de l'Espace Hayet,14/10/2026 10:00,avis_ao,7
20260901349,Hôpital Régional de Menzel Bourguiba,14/09/2026,ACQUISITION ANALYSES MEDICALES AVEC MAD AUTOMATES D'HEMOSTASE POUR LE LABO,19/10/2026 10:00,avis_ao,12
20260901068,Centre médical des Douanes,10/09/2026,ACQUISITION MATÉRIELS MÉDICAL,26/10/2026 10:00,avis_ao,19
20260901062,Hôpital Sahloul de Sousse,10/09/2026,ACHAT DE REACTIFS ET DISPOSITIFS MEDICAUX POUR LE SERVICE D'ANATOMIE ET CYTOLOGIE PATHOLOGIQUES,13/10/2026 11:00,avis_ao,6
20260901064,Hôpital Régional du Kef,10/09/2026,Projet d'extension et de construction d'un bâtiment (salle d'eau),09/10/2026 12:00,avis_ao,2
20260901042,Ministère de la Défense Nationale,10/09/2026,Acquisition des groupes elegtrogenes,12/10/2026 10:00,avis_ao,5
20260901067,Musée militaire national,10/09/2026,Acquisition d'ameublements,12/10/2026 10:00,avis_ao,5
20260901066,"Direction Régionale de l'Equipement, de l'Habitat et de l'Aménagement du Territoire de Jendouba",10/09/2026,أشغــال إصلاح أضرار الفيضانات بالطرقات المرقمة والمســالك الريفيـة بولايـــــــة جندوبــــــة – برنامج 2026 -طبـــق الجـــدول الآتــي,12/10/2026 10:00,avis_ao,5
20260901065,Conseil régional de Gabès,10/09/2026,تهيئة فسحة شاطئية بمعتمدية غنوش ضمن القسط الثالث من برنامج التنمية المندمجة بولاية قابس,13/10/2026 09:00,avis_ao,6
20260901063,Direction régionale de la santé publique de Gabes,10/09/2026,اشغال صيانة المؤسسات الصحية بقابس لسنة 2026,09/10/2026 10:00,avis_ao,2
20260901061,Commune la Goulette,10/09/2026,لتزوّد بمواد حديدية وصحية وكهربائية ومعدات البستنة ونباتات الزينة,12/10/2026 11:00,avis_ao,5
20260901043,Agence Technique des Transports Terrestres,10/09/2026,Syst d édition Permis de Conduire et C d'immatriculation,30/10/2026 09:00,avis_ao,23
20260901044,Agence Technique des Transports Terrestres,10/09/2026,Refonte du système d'information de l'ATTT,22/10/2026 09:00,avis_ao,15
20260901058,Conseil Régional de Monastir,10/09/2026,Construction d'une Maison des Jeunes à Sidi Bannour.,09/10/2026 10:30,avis_ao,2
20260901055,Commune jbel ouest,10/09/2026,projet d'aménagement et d'éxtention du palais municipal,09/10/2026 10:00,avis_ao,2
20260901056,Commune bir ali nord,10/09/2026,Projet d'aménagement du complexe de marchés de la municipalité de Bir Ali Nord – Lot : Aménagements extérieurs.,09/10/2026 10:00,avis_ao,2
20260901057,Commissariat Régional au Développement Agricole de Gafsa,10/09/2026,إنجاز أشغال المحافظة على المياه والتربة لسنة,12/10/2026 10:00,avis_ao,5
20260701338,Ministère de la Défense Nationale,10/09/2026,أشغال بناء مأوى أنياب بالعوينة,12/10/2026 10:00,avis_ao,5
20260901036,Commune de Medjez el-Bab,10/09/2026,Achèvement des travaux de drainage des eaux pluviales à Mjez El Beb,09/10/2026 10:00,avis_ao,2
20260901053,Agence de Réhabilitation et de Rénovation Urbaine,10/09/2026,APPEL D'OFFRES N°76 /2026 Travaux de Réhabilitation du quartier Nefta medina -Commune de Nefta- Gouvernorat de Tozeur Programme de Réhabilitation et d'Intégration des Quartiers d'Habitation - 2ème génération,13/10/2026 12:00,avis_ao,6
20260901052,Compagnie des Transports par Pipe- lines au Sahara,10/09/2026,UN MARCHE CADRE RELATIF AU TRANSPORT DU PERSONNEL DE LA TRAPSA ENTRE SFAX/LA SKHIRA ET LA SKHIRA/LA SKHIRA,12/10/2026 10:00,avis_ao,5
20260901051,Agence de Réhabilitation et de Rénovation Urbaine,10/09/2026,APPEL D'OFFRES N° 75 /2026 Travaux de Réhabilitation du quartier Echabeb -Commune de Gafsa- Gouvernorat de Gafsa. Programme de Réhabilitation et d'Intégration des Quartiers d'Habitation - 2ème génération,13/10/2026 12:00,avis_ao,6
20260901049,سجن سليانة,10/09/2026,Acquisition de divers produits alimentaires aromatiques tout au long de l'année 2027,16/10/2026 09:01,avis_ao,9
20260901047,Commissariat Régional au Développement Agricole de Gafsa,10/09/2026,صيانة مقرات إدارية ودور مياه تابعة للمندوبية الجهوية للتنمية الفلاحية بقفصة,12/10/2026 09:00,avis_ao,5
20260901046,Commune Ain El Khemaissia,10/09/2026,extension du réseau d'éclairage public de commune AIN KHMAISSIA,12/10/2026 10:00,avis_ao,5
20260901045,Commissariat régional de l'éducation de Sfax 2,10/09/2026,أشغال تهيئة و صيانة المدرسة الابتدائية سيدي محمد بن عمر,09/10/2026 09:30,avis_ao,2
20260901027,Commune de Teboulba,10/09/2026,Acquisition de chargeuse sur pneus,12/10/2026 10:00,avis_ao,5
20260901039,Office National de la Protection Civile,09/09/2026,اقتناء اطارات مطاطية,15/10/2026 09:00,avis_ao,8
20260901037,Conseil Régional de Monastir,09/09/2026,Construction d'Une Salle d'Opération et de Réaménagement de Service et Projet de Mise a Niveau du Bloc Opératoire de Réanimation Médical et de la Stérilisation Centrale à la Clinique Dentaire de Monastir,09/10/2026 10:00,avis_ao,2
20260900986,Ministère de l'Education,09/09/2026,Projet de Construction du Collège Centre-Ville Midoun-Djerba-Mednine,13/10/2026 10:00,avis_ao,6
20260901032,"Direction Régionale de l'Equipement, de l'Habitat et de l'Aménagement du Territoire de Nabeul",09/09/2026,Travaux d'entretien des pistes rurales dans le gouvernorat de Nabeul programme titre 2 PROGRAMME 2026,12/10/2026 10:00,avis_ao,5
20260901031,Commissariat Régional au Développement Agricole de Gafsa,09/09/2026,اقتناء زي الشغل بعنوان سنة 2025,08/10/2026 09:00,avis_ao,1
20260901030,Office National de la Protection Civile,09/09/2026,TRAVAUX DE CONSTRUCTION D'UN HANGAR ET DALLAGE DE LA COURS AU SEIN DE LA BRIGADE DE PROTECTION CIVILE DE SMAR,14/10/2026 09:00,avis_ao,7
20260901028,CENTRE DE REEDUCATION DES ENFANTS MINEURS SOUK-JEDID,09/09/2026,تزويد مركز إصلاح الأطفال الجانحين سوق الجديد بالمواد الغذائية العامة لسنة 2027,12/10/2026 10:00,avis_ao,5
20260901026,Agence de Réhabilitation et de Rénovation Urbaine,09/09/2026,"APPEL D'OFFRES N°74 /2026 TRAVAUX DE REHABILITATION DES QUARTIERS LAHKAIMA A LAHKAIMA, HACHAAD2 A SIDI ALOUAN ET EL CHAABI-MINAA-EL MENAKA A KSSOUR EL SAF GOUVERNORAT MAHDIA EN TROIS LOTS (EN 03 LOTS)",12/10/2026 12:00,avis_ao,5
20260901025,Gouvernorat de Gafsa,09/09/2026,PROJET D'EXTENSION DE L'INSTITUT SUPERIEUR DES SCIENCES ET DES TECHNOLOGIES DE L'ENERGIE (INSTITUT SUPERIEUR DES SCIENCES SOCIALES ET DE L'EDUCATION) DE GAFSA,09/10/2026 10:00,avis_ao,2
20260901024,Office des oeuvres universitaires pour le Nord,09/09/2026,Travaux de fourniture et pose de chambres froides préfabriqués,19/10/2026 10:00,avis_ao,12
20260901023,Hopital Régional Mahress,09/09/2026,Acquisition des accessoires medicaux,09/10/2026 10:30,avis_ao,2
20260901021,Ministère de l'Education,09/09/2026,Assurance unique ralatif à la responsabilité décennale dans le domaine de la construction,08/10/2026 14:00,avis_ao,1
20260901019,Société de Promotion de Logements Sociaux,09/09/2026,"CONSTRUCTION D'UN IMMEUBLE RESIDENTIEL COMPOSÈ DE 38 LOGEMENTS, LOGE GARDIEN ET LOCAL SYNDIC SIS AU JARDIN DE CARTHAGE- LOT HC5 (En 03 lots séparés)",19/10/2026 09:30,avis_ao,12
20260901014,Le conseil régional de gouvernorat de Ariana,09/09/2026,"Travaux d'aménagement et de revetement de routes et pistes rurales dans le gouvernorat d'Ariana, dans le cadre du PRD 2026, en trois lots séparés.",13/10/2026 09:30,avis_ao,6
20260901017,Commissariat Régional au Développement Agricole de Sidi Bouzid,09/09/2026,Réalisation d'une étude pour deux projets intégrés d'aménagement du territoire et de planification,13/10/2026 09:30,avis_ao,6
20260901015,Commissariat Régional au Développement Agricole de Sidi Bouzid,09/09/2026,Réalisation de l'étude d'exécution pour deux retenues collinaires et de l'étude de réaménagement de cinq zones d'épandage des eaux d'oued.,12/10/2026 09:30,avis_ao,5
20260900832,Centre de Maternité et de Néonatalogie,09/09/2026,PROJET DE RENFORCEMENT DES FONDATIONS DU CENTRE DE MATERNITE ET DE NEONATOLOGIE DE TUNIS « LOT STRUCTURE »,12/10/2026 10:00,avis_ao,5
20260900987,"Ministère de l'Equipement, l'habitat et l'aménagement du territoire",09/09/2026,Achèvement des Travaux de réhabilitation des bassins d'écrêtement et des ouvrages de protection contre les inondations en liaison à l'Ariana.,09/10/2026 09:00,avis_ao,2
20260901013,Centre National des Technologies en Education,09/09/2026,Acquisition voitures pour au profit de CNTE,09/10/2026 10:00,avis_ao,2
20260901012,Gouvernorat de Tozeur,09/09/2026,أشغال تهيئة بالإدارة الجهوية للتجهيز و الإسكان بتوزر,09/10/2026 09:30,avis_ao,2
20260901010,Ministère de l'Education,09/09/2026,إقتناء حواسيب مكتبية لفائدة المؤسسات التربوية و المندوبيات الجهوية للتربية والادارة المركزية بوزارة التربية,12/10/2026 10:00,avis_ao,5
20260901011,Société Tunisienne des Indsutries de Raffinage,09/09/2026,Acquisition d'un camion hydrocureur de capacité 12 M3,10/11/2026 09:00,avis_ao,34
20260900973,Complexe Sanitaire du Jebel El Oust,09/09/2026,D'INSTALLATION DES CAMERAS AU COMPLEXE SANITAIRES DJABELOUEST.,09/10/2026 10:00,avis_ao,2
20260901009,Office National des Postes Frontaliers Terrestres,09/09/2026,AO 06/2026 Marché cadre de portefeuille d'assurance de l'office national des postes frontaliers terrestres du 01/04/2027 au 31/03/2030.,09/10/2026 10:00,avis_ao,2
20260901007,Commissariat Régional au Développement Agricole de Sousse,09/09/2026,انجاز اشغال تهيئة وادي بوغربال للحماية من الفياضانات بمعتمدية سيدي الهاني,12/10/2026 10:00,avis_ao,5
20260901002,Manufacture des Tabacs de Kairouan,08/09/2026,Acquisition de Caisses en Carton CARAVANES RED,08/10/2026 10:00,avis_ao,1
20260901001,Manufacture des Tabacs de Kairouan,08/09/2026,Acquisition de découpes de 20 Caravanes Red,08/10/2026 10:00,avis_ao,1
20260900998,Office National de l'Assainissement,08/09/2026,"la réalisation des travaux de réhabilitation de la conduite de refoulement et de la station de pompage Hammam Laghzez Plage dans le gouvernorat de Nabeul- Fourniture, transport et pose de conduites et pièces en fonte, Génie civil et équipements de la station de pompage.",13/10/2026 10:00,avis_ao,6
20260900997,Commissariat Régional au Développement Agricole de Kairouan,08/09/2026,اقتناء الة كاسحة (جارفة مزنجرة) Bulldozer sur Chenilles,09/10/2026 15:00,avis_ao,2
20260900996,Office National de l'Assainissement,08/09/2026,l'acquisition de matériels de sécurité et d'intervention,10/11/2026 10:00,avis_ao,34
20260900995,Office de Développement Sylvo Pastoral du Nord-Ouest,08/09/2026,اكتتاب عقود تأمين للأخطار المتعلقة بنشاط ديوان تنمية الغابات والمراعي بالشمال الغربي لسنوات 2027 و2028 و2029,21/10/2026 10:00,avis_ao,14
20260900994,"Direction Régionale de l'Equipement, de l'Habitat et de l'Aménagement du Territoire de la Manouba",08/09/2026,Travaux d'emploi partiel des sections dégradées des routes classées au Gouvernorat de Manouba – Programme d'entretien 2026.,09/10/2026 10:00,avis_ao,2
20260900993,ولاية منوبة,08/09/2026,مشروع صيانة مركز الصحةالاساسية بالدريجات من معتمدية طبربة,12/10/2026 10:00,avis_ao,5
20260900992,Commune d'El Kram,08/09/2026,Travaux de curage et de nettoyage du réseau d'évacuation des eaux pluviales et des avaloirs dans la zone municipale du Kram pour l'année 2026.,08/10/2026 11:00,avis_ao,1
20260900989,Gouvernorat de Kébili,08/09/2026,تكملة بناء مقر معتمدية ومسكن وظيفي برجيم معتوق-قبلي,12/10/2026 10:00,avis_ao,5
20260900988,Office du Commerce de Tunisie,08/09/2026,AO 13-2026 Débarquement et transport au sein du port commercial de Bizerte de 48 000 tonnes de sucre roux importée et débarquée au port de Bizerte au titre de l'année 2026.,07/10/2026 12:00,avis_ao,0
20260900975,Hôpital Farhat Hached Sousse,08/09/2026,Travaux de réaménagement de l'unité Scanner au service Médecine Légale « Electricité » publié pour la troisième fois,09/10/2026 10:00,avis_ao,2
20260900928,Hôpital régional de Sidi Bouzid,08/09/2026,acquisition accessoires d'hemodialyse,09/10/2026 10:00,avis_ao,2
20260900974,Commune Fondouk Djedid-Selten,08/09/2026,اقتناء معدات النظافة لفائدة بلدية فندق الجديد سلتان (شاحنة ضاغطة كبيرة الحجم 16-17م 3),07/10/2026 10:00,avis_ao,0
20260900972,Commissariat Régional au Développement Agricole de Kébili,08/09/2026,أشغال استصلاح واحة المطروحة,12/10/2026 09:30,avis_ao,5
20260900970,Commissariat Régional au Développement Agricole de Tataouine,08/09/2026,"طلب عروض عدد 21/2026 (إجراءات مبسّطة): إحـداث بئر تعويضيّة ""رأس القرضاب"" بعمق 160 متر بمنطقة القرضاب من معتمدية غمراسن بولاية تطاوين",08/10/2026 10:00,avis_ao,1
20260900967,Trésorerie régionale des finances tunis2,08/09/2026,Travaux d'aménagement et d'entretien au siège de la recette des finances et la recette municipale de bardo,07/10/2026 12:00,avis_ao,0
20260900960,Agence de Réhabilitation et de Rénovation Urbaine,08/09/2026,AO-73-2026 : AVIS D'APPEL D'OFFRES POUR L'AQUISITION DE DEUX VOITURES 4X4 PICK-UP DOUBLE CABINE,09/10/2026 12:00,avis_ao,2
20260900945,Gouvernorat de Kébili,08/09/2026,انجاز الأشغال الخاصة بالقناة الرئيسية للماء الصالح للشراب بالمستشفى الجهوي بقبلي,12/10/2026 10:30,avis_ao,5
20260900955,Office de la Marine Marchande et des Ports,08/09/2026,ACQUISITION ET INSTALLATION D'UN ABRI METALLIQUE POUR VOITURES A LA DIRECTION GENERALE DE L'OFFICE DE LA MARINE MARCHANDE ET DES PORTS,16/10/2026 10:00,avis_ao,9
20260900944,Office de la Marine Marchande et des Ports,08/09/2026,"TRAVAUX DE REPARATION DES BUREAUX, L'ESPACE EXTERIEUR ET LES TERRES PLEINS DE LA RIVE SUD DU PORT DE SOUSSE",14/10/2026 10:00,avis_ao,7
20260900930,Présidence de la République,08/09/2026,"Acquisition de matériel photographique et d'accessoires au profit de la Présidence de la République, au titre de l'exercice 2026",08/10/2026 10:30,avis_ao,1
20260900954,Commune de Bou Salem,08/09/2026,Travaux de réhabilitation de la rue d'orange « route vers Somrane » dans la commune de Bousalem.,12/10/2026 10:00,avis_ao,5
20260900948,Commissariat régional des affaires de la femme et de la famille à monastir,08/09/2026,اقتناء تجهيزات اعلامية لفائدة مؤسسات الطفولة العمومية بولاية المنستير,08/10/2026 10:00,avis_ao,1
20260900947,Commissariat régional des affaires et de la femme à Jendouba,08/09/2026,"اقتناء و توزيع رؤوس أغنام في اطار تنفيذ برنامج الاحاطة بالعاملات في القطاع الفلاحي بولاية جندوبة بعنوان سنة 2026 و برنامج التمكين الاقتصادي لفائدة أمهات التلاميذ المهدّدين بالانقطاع المدرسي و برنامج التمكين الاقتصادي للنساء ضحايا العنف الزوجي ""صامدة""",07/10/2026 10:00,avis_ao,0
20260900936,Conseil Régional de Sfax,08/09/2026,44/2026-تركيز أنظمة استشعار وتنبيه من الحرائق بالمؤسسات التابعة ﻷمانة المال الجهوية صفاقس2 قسط1,12/10/2026 09:00,avis_ao,5
20260805260,Conseil Régional de Sfax,08/09/2026,43/2026 مشروع تركيز أنظمة استشعار وتنبيه من الحرائق بالمؤسسات التابعة لامانة المال الجهوية صفاقس 1(قسط2),12/10/2026 09:00,avis_ao,5
20260900933,Société Tunisienne d'Electricité et de Gaz,08/09/2026,Acquisition de trois caméras infrarouges de détection des points chauds.,20/10/2026 09:00,avis_ao,13
20260900932,Gouvernorat de Tozeur,08/09/2026,أشغال تمديد شبكة التنوير العمومي تمغزة في اطار برنامج التنمية المندمجة (القسط الثالث).,08/10/2026 09:30,avis_ao,1
20260900929,Hôpital régional de Sidi Bouzid,08/09/2026,acquisition des reactifs et accessoires pour service laboratoire,09/10/2026 10:00,avis_ao,2
20260900927,Caisse de Prêts et de Soutien des Collectivités Locales,08/09/2026,La fourniture et la mise en place de services de télécommunications pour une période de trois (03) ans,13/10/2026 10:00,avis_ao,6
20260900926,Ecole Supérieure d'Agriculture de Mateur,08/09/2026,اقتناء مواد غذائية عامة,08/10/2026 10:00,avis_ao,1
20260900909,"Ministère de l'Equipement, l'habitat et l'aménagement du territoire",08/09/2026,Achèvement des Travaux de protection contre les inondations de la ville de Nefta.,08/10/2026 09:00,avis_ao,1
20260900424,Centre Africain de Perfectionnement des Journalistes et Communicateurs,08/09/2026,Developpement et renforcement de l'infrastructure informatique,08/10/2026 12:30,avis_ao,1
20260900925,Conseil National des Régions et des Districts,07/09/2026,"Acquisition de matériels et équipements d'entretien des espaces verts, de jardinage et d'arrosage",09/10/2026 14:00,avis_ao,2
20260900921,Commissariat régional de l'éducation de Médnine,07/09/2026,صيانة وتهيئة المدرسة الابتدائية تلات آجيم جربة.,08/10/2026 09:00,avis_ao,1
20260900922,Commissariat régional de l'éducation de Médnine,07/09/2026,صيانة وتهيئة المدارس الاعدادية بمدنين.,09/10/2026 09:00,avis_ao,2
20260900924,Commune Borj El Amri,07/09/2026,Projet d'assainissement de réseau d'éclairage public de la commune de Borj el amri,08/10/2026 10:30,avis_ao,1
20260900923,Commune de Moknine,07/09/2026,"Balayage manuel des rues principales, des entrées de la ville, des routes et des trottoirs, enlèvement des saletés et des pierres, arrachage des mauvaises herbes, ramassage et transport des déchets vers le site d'élimination désigné.",08/10/2026 10:00,avis_ao,1
20260900855,Agence de Réhabilitation et de Rénovation Urbaine,07/09/2026,APPEL D'OFFRES N°72 /2026 Travaux de Réhabilitation du quartier Lakhwa Laabidi -Commune d'El Guettar et du quartier Ennour-commune de Sned Gouvernorat de Gafsa en 02 lots Programme de Réhabilitation et d'Intégration des Quartiers d'Habitation - 2ème génération,07/10/2026 12:00,avis_ao,0
20260900920,Prison Gafsa,07/09/2026,إقتناء مواد غذائية,08/10/2026 10:00,avis_ao,1
20260900918,Agence Tunisienne de la Formation Professionnelle,07/09/2026,"Acquisition des fournitures des bureaux et des cartouches d'encre pour les directions centrales de l'ATFP, dans le cadre d'un marché-cadre d'une durée d'une année à partir de la date de signature du contrat, renouvelable deux fois. Les contrats sont conclus pour une durée maximale de trois (03) ans",14/10/2026 10:00,avis_ao,7
20260900917,Institut National de la Statistique,07/09/2026,Appel d'offres N°03/2026 Renforcement de l'infrastructure de stockage et mise à niveau de l'infrastructure informatique de l'institut National de la Statistique année 2026,07/10/2026 10:00,avis_ao,0
20260900914,Institut National du Patrimoine,07/09/2026,CHOIX SUR DOSSIER D'UN INGENIEUR CONSEIL OU D'UN BUREAU D'ETUDES RELATIF A L'ELABORATION DES ETUDES TECHNIQUES ET AU SUIVI DE L'EXECUTION DES TRAVAUX DU PROJET DE RESTAURATION ET DE MISE HORS D'EAU DE L'AMPHITHEATRE D'EL-JEM – GOUVERNORAT DE MAHDIA,07/10/2026 12:00,avis_ao,0
20260900905,Direction Générale des Impôts,07/09/2026,Appel d offre selon les procedures simplifiees n 032026 pour l achat d Analyseurs XRF pour metaux precieux et bijouterie pour les metaux precieux,08/10/2026 10:00,avis_ao,1
20260900903,Ministère de la Défense Nationale,07/09/2026,Acquisition des armoires et lits métalliques,12/10/2026 10:00,avis_ao,5
20260900901,Caisse Nationale de Retraite et de Prévoyance Sociale,07/09/2026,TRAVAUX DE RENOUVELLEMENT DES ONDULEURS ELECTRIQUES DE BÂTIMENT ADMINISTRATIF ET DE DATA CENTER DE LA CNRPS SIS A EL MENZAH VI-ARIANA,08/10/2026 09:00,avis_ao,1
20260900898,Caisse Nationale de Retraite et de Prévoyance Sociale,07/09/2026,Acquisition de consommables pour imprimantes et photocopieurs,07/10/2026 09:00,avis_ao,0
20260900897,Institut National de la Météorologie,07/09/2026,"ACQUISITION, INSTALLATION ET MISE EN SERVICE D'UN SYSTEME INTEGRE (ERP) ET D'UN SYSTEME D'INFORMATION DES RESSOURCES HUMAINES (SIRH)",23/10/2026 10:00,avis_ao,16
20260900895,TUNISAIR,07/09/2026,Souscription de contrats d'assurances au titre des années 2027-2028 pour le personnel navigant,08/10/2026 09:00,avis_ao,1
20260900876,Société Nationale de Distribution de Pétrole,07/09/2026,RÉALISATION D'UNE MISSION D'INVENTAIRE PHYSIQUE DES IMMOBILISATIONS ET LE RAPPROCHEMENT AVEC LA COMPTABILITE DE LA SNDP,08/10/2026 09:30,avis_ao,1
20260900893,Institut Supérieur des Etudes Technologiques en Communications de Tunis,07/09/2026,Travaux d'étanchéité et d'isolation des terrasses de l'iset'com,08/10/2026 10:00,avis_ao,1
20260900891,Société d'Exploitation du Canal et des Adductions des Eaux du Nord,07/09/2026,Rénovation des tableaux électriques au complexe Kalâat landalous-Ras jbel,09/10/2026 10:00,avis_ao,2
20260900890,Société d'Exploitation du Canal et des Adductions des Eaux du Nord,07/09/2026,AUDIT ENERGETIQUE,08/10/2026 10:00,avis_ao,1
20260900889,Société d'Exploitation du Canal et des Adductions des Eaux du Nord,07/09/2026,Fourniture et remplacement des équipements hydromécaniques,21/10/2026 10:00,avis_ao,14
20260900888,Commissariat régional de l'éducation de l'Ariana,06/09/2026,Travaux d'aménagement et d'extensions aux écoles primaires à l'Ariana,09/10/2026 09:30,avis_ao,2
20260900887,Commune de Djerba Houmt Souk,06/09/2026,Travaux d'extension du réseau d'éclairage public dans la Commune de Djerba Houmt Souk prog 2026-2026,12/10/2026 11:00,avis_ao,5
20260900886,Commissariat régional de l'éducation de l'Ariana,05/09/2026,Travaux d'aménagement et d'extensions aux collèges et lycées à l'Ariana,07/10/2026 09:30,avis_ao,0
20260900882,Hôpital Hédi Chaker Sfax,05/09/2026,اقتناء الفصول الغير مثمرة من طلب العروض عدد 12/2026 المتعلق بمواد وأدوات مكتبية واعلامية لفائدة المستشفى الجامعي الهادي شاكر بصفاقس,07/10/2026 10:00,avis_ao,0
20260900881,Commissariat régional de la jeunesse et des sport de Tunis,04/09/2026,"La Délégation régionale de la Jeunesse et des Sports de Tunis envisage de lancer un marché selon une procédure simplifiée (n° 03/2026), exclusivement via le système de marchés publics en ligne « TUNEPS », pour l'acquisition d'équipements sportifs destinés aux associations sportives civiles, aux établissements éducatifs et aux maisons de jeunes du gouvernorat de Tunis.",07/10/2026 23:59,avis_ao,0
20260900875,Conseil National des Régions et des Districts,04/09/2026,Fourniture et Livraison des Repas et Pauses-Café au Profit Du Conseil National des Régions et des Districts.,07/10/2026 12:30,avis_ao,0
20260900872,Pharmacie Centrale de Tunisie,04/09/2026,"Mission d'assistance à la maîtrise d'ouvrage (AMOA) pour l'étude stratégique, le choix et l'accompagnement à la mise en œuvre du système d'information de gestion des ressources humaines (SIRH)",07/10/2026 09:00,avis_ao,0
20260900869,Ministère du Commerce,04/09/2026,acquisition de materiels informatiques,12/10/2026 10:00,avis_ao,5
20260900867,Ministère des Affaires Sociales,04/09/2026,acquisition de fournitures de bureaux divers et rames de papier,07/10/2026 11:00,avis_ao,0
20260900854,Agence de Réhabilitation et de Rénovation Urbaine,04/09/2026,APPEL D'OFFRES N° 71 /2026 Travaux de Réhabilitation de quartier El Thawra-Commune de MENZEL BOURGUIBA-Gouvernorat de BIZERTE Programme de Réhabilitation et d'Intégration des Quartiers d'Habitation - 2ème génération,07/10/2026 12:00,avis_ao,0
20260900853,Société Tunisienne de Sidérurgie ELFOULADH,04/09/2026,Souscription des polices d'assurance du patrimoine et du personnel de la STS ELFOULADH,12/10/2026 11:00,avis_ao,5
20260900844,Agence des Ports et des Installations de la Pêche,04/09/2026,"Diagnostic et réalisation d'une étude de maintenance de la grue mobile PND 140T située au port de pèche de Houmet Essouk , et préparation du dossier d'appel d'offres pour sa réparation",16/10/2026 10:30,avis_ao,9
20260900848,Société Tunisienne d'Electricité et de Gaz,04/09/2026,TRANSFORMATEURS DE MESURE BT,20/10/2026 09:00,avis_ao,13
20260900847,Commune de Soliman,04/09/2026,تهذيب حي سليمان الشمالية قسط ب,13/10/2026 10:00,avis_ao,6
20260900845,Commune de Soliman,04/09/2026,صفقة باجراءات مبسطة لاقتناء وسائل نقل لفائدة بلدية سليمان,16/10/2026 10:00,avis_ao,9
20260900840,Agence de Réhabilitation et de Rénovation Urbaine,04/09/2026,AO-69-2026 : AVIS D'APPEL D'OFFRES Travaux d'éclairage public de quartier Menzel Hbib-Commune de Menzel Hbib-Gouvernorat de GABES Programme de Réhabilitation et d'Intégration des Quartiers d'Habitation - 2ème génération,12/10/2026 12:00,avis_ao,5
20260900839,ولاية منوبة,04/09/2026,مشروع اعادة بناء دار الشباب بالمرناقية,12/10/2026 10:00,avis_ao,5
20260900838,ولاية منوبة,04/09/2026,مشروع بناء قسط مقر المندوبية الجهوية للشؤون الثقافية بمنوبة,07/10/2026 10:00,avis_ao,0
20260900833,Office National de la Télédiffusion,04/09/2026,l'acquisition d'unités de diffusion radio numérique DAB,22/10/2026 10:00,avis_ao,15
20260900831,Commissariat régional de l'éducation de Mahdia,04/09/2026,أشغال تهيئة و صيانة المدرسة الإعدادية الرشارشة - معتمدية البرادعة,07/10/2026 09:30,avis_ao,0
20260900819,Le conseil régional de gouvernorat de Ariana,04/09/2026,Travaux d'Aménagement et de rénovation du réseau électrique au siège de la délégation de Mnihla,07/10/2026 09:30,avis_ao,0
20260900828,Ministère de l'Enseignement Supérieur et de la Recherche Scientifique,03/09/2026,Achat et mise en place d'une solution de sécurité réseau et matériel informatique,14/10/2026 09:00,avis_ao,7
20260900820,Gouvernorat de sousse,03/09/2026,دعوة للترشح حسب الملفات قصد اختيار مكتب دراسات متعدد الاختصاصات او مجمع مكاتب دراسات او مجمع مهندسين مستشارين او مجمع مكاتب دراسات و مهندسين مستشارين للقيام بدراسات الاقساط الخاصة (هندسة مدنية و شبكات مختلفة ، كهرباء و الوقاية من الحرائق ، سوائل) و متابعة انجاز مشروع بناء الإدارة الجهوية للعدل و مجمع الأرشيف بسوسة,09/10/2026 10:00,avis_ao,2
20260900751,Office de l'Elevage et des Pâturages,03/09/2026,acquisition de matériel informatique,16/10/2026 10:00,avis_ao,9
20260900752,Ministère de l'Agriculture,03/09/2026,Acquisition d'un circuit de traitement de la boue Pour la sondeuse Frank 500,13/10/2026 10:30,avis_ao,6
