numero_ao,acheteur_public,date_publication,objet_ao,dernier_delai,categorie,jours_restants,cluster,categorie_metier,cluster_name
20261000588.0,Restaurant universitaire les roses Monastir,02/10/2026,طلب عروض وطني لاقتناء مواد غذائية لتسديد حاجياته خلال سنة 2027,05/11/2026 13:00,avis_ao,33,4,2027 / لسنة / سجن,2027 / لسنة / سجن
20261000587.0,Société Tunisienne d'Electricité et de Gaz,02/10/2026,Réalisation clés en main des Centrales à Moteurs à Gaz Multi-sites d'une puissance cumulée totale de 200 MW.,06/11/2026 09:00,avis_ao,34,1,Construction / Ao / Achat,Construction / Ao / Achat
20261000586.0,Commissariat régional de l'éducation de Ben Arous,02/10/2026,Appel d'offres numéro 12-2024 ( pour la troisième fois) relatif aux travaux d'entretien des établissements scolaires à Ben Arous,04/11/2026 09:00,avis_ao,32,1,Travaux / Construction,Construction / Ao / Achat
20261000585.0,Commissariat régional de l'éducation de Médnine,02/10/2026,"Travaux d'Entretien et Aménagement des blocs techniques, technologiques et scientifiques au lycée Benguerdeine.",03/11/2026 09:00,avis_ao,31,3,Travaux / Construction,Aménagement / Lots / Entretien
20261000584.0,Ecole Nationale d'Administration,02/10/2026,préparation et fourniture de repas au restaurant de l'ENA,03/11/2026 10:00,avis_ao,31,1,Construction / Ao / Achat,Construction / Ao / Achat
20261000583.0,Commune de Denden,02/10/2026,اشغال تعصير شبكة الطرقات بالدندان,05/11/2026 10:00,avis_ao,33,5,بناء / اشغال / بالمستشفى,بناء / اشغال / بالمستشفى
20261000582.0,Hopital Circonscription EL Jem Tunisie,02/10/2026,خدمات مناولة تغذية المرضى المقيمين ورضى قسم تصفية الدم وأطباء و أعوان الاستمرار,27/10/2026 10:00,avis_ao,24,1,Construction / Ao / Achat,Construction / Ao / Achat
20261000580.0,Société Tunisienne d'Aviculture,02/10/2026,souscription des contrats d'assurances pour les années 2027/2028/2029,03/11/2026 10:00,avis_ao,31,4,2027 / لسنة / سجن,2027 / لسنة / سجن
20261000395.0,Commissariat régional de l'éducation de Gafsa,02/10/2026,Travaux de Construction d'un laboratoire technique au Lycée Secondaire Route de Tozeur à Gafsa,03/11/2026 09:30,avis_ao,31,1,Médical / Santé,Construction / Ao / Achat
20261000577.0,Commissariat régional des affaires culturelles de Tataouine,02/10/2026,Acquisition d'équipements au profit des établissements culturels du gouvernorat de Tataouine au titre de l'année 2026,03/11/2026 10:00,avis_ao,31,9,Équipements / Profit / Matériel,Équipements / Profit / Matériel
20261000579.0,Office de Développement Sylvo Pastoral du Nord-Ouest,02/10/2026,"Hôtellerie (agence d'organisation d'événement, équipement de salle …) 2027-2029",05/11/2026 14:00,avis_ao,33,4,2027 / لسنة / سجن,2027 / لسنة / سجن
20261000578.0,Compagnie des Transports par Pipe- lines au Sahara,02/10/2026,Travaux de réparation des moteurs principaux du remorqueur DOULEB de la TRAPSA à la SKHIRA.,02/11/2026 10:00,avis_ao,30,1,Travaux / Construction,Construction / Ao / Achat
20260901878.0,Ministère de la Défense Nationale,02/10/2026,أشغال إنجاز مبنى بثكنة بمنزل جميل,02/11/2026 11:00,avis_ao,30,6,Travaux / Construction,أشغال / تهيئة / إنجاز
20261000345.0,Commune de Ben Arous,02/10/2026,Appel à la candidature pour le choix d'un architecte ou groupement d'architectes pour élaborer des études architecturales et le suivi des travaux relatifs aux projets de réaménagement du stade municipal de Ben Arous,04/11/2026 11:00,avis_ao,32,3,Travaux / Construction,Aménagement / Lots / Entretien
20261000576.0,Société Nationale Immobilière de Tunisie,02/10/2026,"la réalisation des études et travaux de construction de 217 logements semi collectifs et collectifs sociaux clé en main des résidences **NOUR** et **BOUDOUR** et la viabilisation du lotissement AL Ichrak sis à Fouchena, Gouvernorat de Ben Arous",06/11/2026 09:00,avis_ao,34,3,Travaux / Construction,Aménagement / Lots / Entretien
20261000575.0,Institut de Traduction de Tunis,02/10/2026,"Location et installation d'une tente, des stands d'exposition et leurs accessoires à la Cité de la Culture pour la foire nationale du livre",12/10/2026 10:00,avis_ao,9,0,Mise / Installation / Service,Mise / Installation / Service
20261000572.0,Institut Mohamed Kassab d'Orthopédie à Ksar Saïd,02/10/2026,"Contrôle technique (Conception et Exécution) de projets de Construction, d'aménagement et de rénovation à l'Institut M. Kassab (Objet des 9 Lots)",02/11/2026 10:00,avis_ao,30,3,Travaux / Construction,Aménagement / Lots / Entretien
20261000574.0,Centre de Promotion des Exportations,02/10/2026,REALISATION DU PAVILLON TUNISIEN AU SALON INTERNATIONAL FOOD INGREDIENTS EUROPE 2026,16/10/2026 10:00,avis_ao,13,1,Construction / Ao / Achat,Construction / Ao / Achat
20261000573.0,"Direction Régionale de l'Equipement, de l'Habitat et de l'Aménagement du Territoire de Gafsa",02/10/2026,"Fourniture et Pose de la Signalisation Verticale, Horizontale et Glissière de Sécurité Programme 2025",27/10/2026 09:30,avis_ao,24,1,Construction / Ao / Achat,Construction / Ao / Achat
20261000570.0,Conseil Régional De Bizerte,02/10/2026,PARACHEVEMENT CONSTRUCTION DE QUATRE MIRADORS A LA BRIGADE D'INTERVENTION DE LA GARDE NATIONAL DE BIZERTE,03/11/2026 10:00,avis_ao,31,1,Travaux / Construction,Construction / Ao / Achat
20261000569.0,"Direction Régionale de l'Equipement, de l'Habitat et de l'Aménagement du Territoire de Mahdia",02/10/2026,"MISSION DE CONTROLE, DE SUIVI ET D'ASSISTANCE TECHNIQUE DES TRAVAUX DE REHABILITATION DE LA RL868 ( DU PK 0 AU PK 8) DANS LE GOUVERNORAT DE MAHDIA",03/11/2026 10:00,avis_ao,31,1,Travaux / Construction,Construction / Ao / Achat
20261000568.0,Commune Khelidia,02/10/2026,دراسة مراجعة مثال التهيئة العمرانية لبلدية الخليديّة,02/11/2026 10:00,avis_ao,30,1,Construction / Ao / Achat,Construction / Ao / Achat
20261000567.0,Commissariat Régional au Développement Agricole de Zaghouan,02/10/2026,Acquisition d'une bulldozer sur chenilles,02/11/2026 10:00,avis_ao,30,1,Construction / Ao / Achat,Construction / Ao / Achat
20261000566.0,Office de la Topographie et du Cadastre,02/10/2026,Acquisition et installation du matériel de conservation des archives,22/10/2026 10:00,avis_ao,19,0,Mise / Installation / Service,Mise / Installation / Service
20261000410.0,Centre de Traumatologie et des Grands Brûles,02/10/2026,Acquisition de matériel informatique,02/11/2026 10:00,avis_ao,30,9,Informatique / IT,Équipements / Profit / Matériel
20261000563.0,Commune fouchena,02/10/2026,Travaux de réfection de chausses et de trottoirs dans la ville de fouchana,04/11/2026 10:00,avis_ao,32,1,Travaux / Construction,Construction / Ao / Achat
20261000561.0,le théâtre de l'opéra,02/10/2026,Location des voitures pour Théâtre de l'Opéra,30/10/2026 12:00,avis_ao,27,1,Transport / Véhicules,Construction / Ao / Achat
20261000422.0,Commissariat Régional au Développement Agricole d'El Kef,02/10/2026,Appel d'offres n° : 18/2026 Projet : Travaux d'aménagement et de revêtement de 2 km de pistes agricoles dans le périmètre d'irrigation public de Sidi Khiar (délégation de Nabeul),02/11/2026 09:00,avis_ao,30,3,Travaux / Construction,Aménagement / Lots / Entretien
20261000398.0,La Presse de Tunisie SNIPE,02/10/2026,طلب عروض وطني عدد 04/2025 الخاص باختيار شركة تأمين للسنوات 2027-2028-2029,03/11/2026 10:00,avis_ao,31,4,2027 / لسنة / سجن,2027 / لسنة / سجن
20261000396.0,Commissariat régional de l'éducation de Kébili,02/10/2026,بناء قاعتين عاديتين بمعهد ابن منظور قبلي و صيانة عامة للمدرسة الابتدائية بني امحمد,05/11/2026 10:00,avis_ao,33,5,Travaux / Construction,بناء / اشغال / بالمستشفى
20261000387.0,Commissariat Régional au Développement Agricole de Siliana,01/10/2026,انجاز أشغال تهيئة معبر على مستوى وادي جبارة طريق سليانة القابل بمعتمدية سليانة الجنوبية,02/11/2026 10:00,avis_ao,30,6,Travaux / Construction,أشغال / تهيئة / إنجاز
20261000386.0,Régie des Sondages Hydrauliques (RSH),01/10/2026,Acquisition pieces de rechanges soudeuse et ces accessoires,12/11/2026 10:00,avis_ao,40,1,Construction / Ao / Achat,Construction / Ao / Achat
20261000385.0,"Ministère de l'Equipement, l'habitat et l'aménagement du territoire",01/10/2026,PARACHEVEMENT DU PROJET DE CONSTRUCTION DU SIEGE DES SERVICES DE LA FORMATION PROFESSIONNELLE A TUNIS en lot Unique,03/11/2026 09:00,avis_ao,31,1,Travaux / Construction,Construction / Ao / Achat
20261000384.0,"Direction Régionale de l'Equipement, de l'Habitat et de l'Aménagement du Territoire de Zaghouan",01/10/2026,Travaux d'entretien périodique du réseau des pistes rurales dans le Gouvernorat de Zaghouan Programme 2026,30/10/2026 10:00,avis_ao,27,3,Travaux / Construction,Aménagement / Lots / Entretien
20261000383.0,Régie des Sondages Hydrauliques (RSH),01/10/2026,reparation moteur detroit diezel,05/11/2026 10:00,avis_ao,33,1,Construction / Ao / Achat,Construction / Ao / Achat
20261000382.0,Régie des Sondages Hydrauliques (RSH),01/10/2026,Regie des sondages hydraulique,10/11/2026 10:00,avis_ao,38,1,Construction / Ao / Achat,Construction / Ao / Achat
20261000381.0,Régie des Sondages Hydrauliques (RSH),01/10/2026,Acquisition produit de boue,03/11/2026 10:00,avis_ao,31,1,Construction / Ao / Achat,Construction / Ao / Achat
20261000379.0,Conseil Régional De Bizerte,01/10/2026,REAMENAGEMENT DE LA MAISON DES JEUNES SIDI SALEM BIZERTE,26/10/2026 10:00,avis_ao,23,1,Travaux / Construction,Construction / Ao / Achat
20261000378.0,Commissariat régional de l'éducation de Kébili,01/10/2026,صيانة المجموعات الصحية بالمدرسة الابتدائية الفردوس رجيم معتوق,03/11/2026 09:00,avis_ao,31,1,Construction / Ao / Achat,Construction / Ao / Achat
20261000377.0,Agence de Réhabilitation et de Rénovation Urbaine,01/10/2026,APPEL D'OFFRES N° 81 /2026 Travaux de Réhabilitation de quartier Abaa El Ksour-Commune de Dahmani-Gouvernorat de Kef Programme de Réhabilitation et d'Intégration des Quartiers d'Habitation - 2ème génération,04/11/2026 12:00,avis_ao,32,8,Travaux / Construction,Commune / Réhabilitation / Gouvernorat
20261000374.0,Agence de Réhabilitation et de Rénovation Urbaine,01/10/2026,APPEL D'OFFRES N° 80/2026 Travaux d'achèvement de construction 72 de 128 Logements Sociaux Individuels en 2 lots suite à la résiliation du marché initial N°39/2018 à Bouarada Siliana Programme Spécifique pour le logement Social,04/11/2026 12:00,avis_ao,32,3,Travaux / Construction,Aménagement / Lots / Entretien
20261000353.0,Agence Nationale de Gestion des Déchets,01/10/2026,Acquisition d'une solution de reprise après sinistre pour les serveurs Windows du parc informatique de l'ANGed,02/11/2026 10:00,avis_ao,30,9,Informatique / IT,Équipements / Profit / Matériel
20261000352.0,Centre National de Recherches en Sciences des Matériaux,01/10/2026,"Acquisition de produits chimiques, de consommables et de petits équipements destinés aux laboratoires du Centre National de Recherches en Sciences des Matériaux",16/11/2026 09:30,avis_ao,44,9,Médical / Santé,Équipements / Profit / Matériel
20261000351.0,Direction régionale de l'équipement Sidi bouzid,01/10/2026,"RENFORCEMENT DES PISTES RURALES DANS LE GOUVERNORAT DE SIDI BOUZID PROGRAMME 2025 SUR UNE LONGUEUR DE 21.6Km LOT 02 2éme FOIS LOT2:- DELEGATION :SIDI BOUZID OUEST + OULED HAFFOUZ + MAKNESSY • Piste echaaibia sur une longueur de 4 km (SIDI BOUZID OUEST ) • Piste m'barkia sur une longueur de 4,6 km (OULED HAFFOUZ ) • Piste ain oum henda sur une longueur de 1,5 km (MAKNESSY)",02/11/2026 10:00,avis_ao,30,3,Aménagement / Lots / Entretien,Aménagement / Lots / Entretien
20261000350.0,Commune de Douar Hicher,01/10/2026,Acquisition d'équipements de nettoyage et de voirie (mini-chargeuse),22/10/2026 10:00,avis_ao,19,9,Nettoyage / Entretien,Équipements / Profit / Matériel
20261000335.0,Hôpital La Rabta de Tunis,01/10/2026,Projet DE REAMENAGEMENT ET MISE A NIVEAU DU SERVICE O.R.L AU C.H.U LA RABTA,04/11/2026 09:00,avis_ao,32,0,Travaux / Construction,Mise / Installation / Service
20261000349.0,Gouvernorat de sousse,01/10/2026,مشروع بناء مقر المندوبية الجهوية لشؤون المرأة و الأسرة بسوسة,03/11/2026 10:00,avis_ao,31,5,Travaux / Construction,بناء / اشغال / بالمستشفى
20261000347.0,Hôpital Universitaire Med Taher Maamouri de Nabeul,01/10/2026,Les instruments médicaux,31/10/2026 10:30,avis_ao,28,1,Construction / Ao / Achat,Construction / Ao / Achat
20261000344.0,Commune de Mahdia,01/10/2026,service de collecte des dechets de la zone d'ezzahra et zaouila,03/11/2026 10:00,avis_ao,31,0,Mise / Installation / Service,Mise / Installation / Service
20261000138.0,Gouvernorat de Ariana,01/10/2026,صيانة وإصلاح وسائل النقل والسيارات الإدارية الموضوعة على ذمة ولاية أريانة والمعتمديات الراجعة لها بالنظر (2027-2028-2029),06/11/2026 10:00,avis_ao,34,4,Transport / Véhicules,2027 / لسنة / سجن
20261000181.0,Gouvernorat de sousse,01/10/2026,المراقبة والمتابعة و المساندة الفنية لإنجاز مشروع توسعة أكاديمية الشرطة للعلوم الأمنية بالنفيضة: بناء مشروع انجاز مغسلة، مشربة، محل تمريض ومستودعات,21/10/2026 10:00,avis_ao,18,5,Travaux / Construction,بناء / اشغال / بالمستشفى
20261000011.0,المدرسة الوطنية للحرس الوطني ببئر بورقبة,01/10/2026,achat matériels informatique,02/11/2026 09:00,avis_ao,30,7,Informatique / IT,Matériels / Informatiques / Transport
20261000080.0,Conseil Régional De Bizerte,01/10/2026,PROJET DE CONSTRUCTION DE POSTE DE LA GARDE NATIONALE A MENZEL BOURGUIBA/BIZERTE,02/11/2026 10:00,avis_ao,30,1,Travaux / Construction,Construction / Ao / Achat
20261000012.0,Cité universitaire ibn jazzar,01/10/2026,Appel d'offre de nourriture,02/11/2026 09:00,avis_ao,30,1,Construction / Ao / Achat,Construction / Ao / Achat
20261000009.0,Direction régionale de l'équipement Sidi bouzid,01/10/2026,ACHEVEMENT DES TRAVAUX DE RENFORCEMENT DES PISTES DANS LE GOUVERNORAT DE SIDI BOUZID PROGRAMME 2020 2éme FOIS PISTE OUM LAADAM - GTAIFIA DELEGATION SIDI BOUZID OUEST Long = 12 km PISTE EL HOJAJ BEN MRADE DELEGATION JELMA Long = 8 KM,02/11/2026 09:00,avis_ao,30,3,Travaux / Construction,Aménagement / Lots / Entretien
20261000007.0,Office National de la Télédiffusion,01/10/2026,rénovation des systèmes d'antennes réparti en 02 lots,17/11/2026 10:00,avis_ao,45,3,Travaux / Construction,Aménagement / Lots / Entretien
20261000006.0,Centre Sectoriel de Formation Professionnelle en Mécanique Navale de Kelibia,01/10/2026,تزويد المركز القطاعي للتكوين المهني في الميكنة البحرية بقليبية بالمواد الغذائية للفترة الممتدة بين 01 جانفي 2027 إلى 31 ديسمبر 2027 َ,30/10/2026 09:30,avis_ao,27,4,2027 / لسنة / سجن,2027 / لسنة / سجن
20260902161.0,Commune de Sakiet Ezzit,01/10/2026,Révision du plan d'aménagement du commune Sakiet Ezzit (pour la troisième fois),02/11/2026 10:00,avis_ao,30,8,Travaux / Construction,Commune / Réhabilitation / Gouvernorat
20260902515.0,Société Nationale d'Exploitation et de Distribution des Eaux,30/09/2026,AO 121/2026 pour la conclusion d'un marché cadre ayant pour objet l'exécution de la réfection de chaussées et trottoirs dans le district de Sfax ville -Gouvernorat de Sfax.,04/11/2026 09:00,avis_ao,32,1,Construction / Ao / Achat,Construction / Ao / Achat
20260902514.0,Société Nationale d'Exploitation et de Distribution des Eaux,30/09/2026,"AO 119/2026 pour la Fournitures prévus dans le cadre du projet d'alimentation en eau potable des localités des délégations de Médenine Nord, Médenine Sud, Sidi Makhlouf, Béni Khedache, Ben Guerdane et Zarzis Gouvernorat de Médenine (Projet Régional de Développement (PRD) 2024).",04/11/2026 09:00,avis_ao,32,1,Construction / Ao / Achat,Construction / Ao / Achat
20260902513.0,Ministère de l'Agriculture,30/09/2026,Travaux de curage et de dévasement du barrage Lakhmess,05/11/2026 10:30,avis_ao,33,1,Travaux / Construction,Construction / Ao / Achat
20260902512.0,Société Nationale d'Exploitation et de Distribution des Eaux,30/09/2026,"AO 125/2026 pour la conclusion d'un marché cadre ayant pour objet l'exécution de l'ensemble des travaux d'Extension de réseaux, de Réalisation des branchements neufs et reports de prise & la Réparation des casses et fuites dans les différentes localités du District du Grombalia- Gouvernorat du Nabeul",04/11/2026 09:00,avis_ao,32,1,Travaux / Construction,Construction / Ao / Achat
20260902511.0,Société Nationale d'Exploitation et de Distribution des Eaux,30/09/2026,AO 117/2026 pour la conclusion du marché cadre ayant pour l'exécution et la rénovation de branchements neufs et des prises communes dans des différentes localités du District de Kairouan.,04/11/2026 09:00,avis_ao,32,1,Travaux / Construction,Construction / Ao / Achat
20260902510.0,Prison de Belli,30/09/2026,AO pour l'acquisition des produits alimentaires pour prison Belli durant 2027,30/10/2026 11:00,avis_ao,27,4,2027 / لسنة / سجن,2027 / لسنة / سجن
20260902495.0,Commune de Sfax,30/09/2026,ACQUISITION DE MATERIELS ROULANTS,30/10/2026 10:00,avis_ao,27,1,Construction / Ao / Achat,Construction / Ao / Achat
20260902509.0,"Direction Régionale de l'Equipement, de l'Habitat et de l'Aménagement du Territoire de Jendouba",30/09/2026,أشغــال إصلاح أضرار الفيضانات بالطرقات المرقمة والمســالك الريفيـة بولايـــــــة جندوبــــــة - – برنامج 2025,30/10/2026 10:00,avis_ao,27,1,Construction / Ao / Achat,Construction / Ao / Achat
20260902508.0,بلدية قرطاج,30/09/2026,Amenagement salle de sport à Carhage Byrssa,02/11/2026 10:30,avis_ao,30,1,Travaux / Construction,Construction / Ao / Achat
20260902507.0,Société Nationale d'Exploitation et de Distribution des Eaux,30/09/2026,"AO 123/2026 pour la conclusion d'un marché cadre ayant pour objet l'exécution de l'ensemble des travaux de réparation des casses et des fuites et entretien de réseau pour les unités de travaux de Gabes Ville, Gabes Nord, Mareth et Matmata - District de Gabes",04/11/2026 09:00,avis_ao,32,1,Travaux / Construction,Construction / Ao / Achat
20260902506.0,Commissariat Régional de Développement Agricole de Bizerte,30/09/2026,TRAVAUX DE RESTAURATION : TRAVAUX DE CONDUITE DE PEUPLEMENT ET TRAVAUX DE REBOISEMENT FORESTIERE.,02/11/2026 10:00,avis_ao,30,1,Travaux / Construction,Construction / Ao / Achat
20260902505.0,Société Nationale d'Exploitation et de Distribution des Eaux,30/09/2026,"AO 115/2026 pour la conclusion d'un marché cadre ayant pour objet l'exécution de l'ensemble des travaux de réalisation de branchements au district de Monastir et les travaux de réparation des casses et des fuites dans les délégations de Monastir, Ouardenine, Sahline, Bembla et Jemmel relevant du district de Monastir",04/11/2026 09:00,avis_ao,32,1,Travaux / Construction,Construction / Ao / Achat
20260902504.0,Commune la Goulette,30/09/2026,اقتناء أثاث مكاتب,02/11/2026 11:00,avis_ao,30,2,اقتناء / لفائدة / معدات,اقتناء / لفائدة / معدات
20260901860.0,Ministère de la Défense Nationale,30/09/2026,أشغال تهيئة مباني بمدرسة ضباط الصف بسيدي أحمد ببنزرت,30/10/2026 11:00,avis_ao,27,6,Travaux / Construction,أشغال / تهيئة / إنجاز
20260902503.0,Commissariat Régional de Développement Agricole de Bizerte,30/09/2026,ENTRETIEN ET ELARGISSEMENT DES TRANCHES PARE FEU,30/10/2026 10:00,avis_ao,27,3,Nettoyage / Entretien,Aménagement / Lots / Entretien
20260902502.0,Télévision Tunisienne,30/09/2026,acquisition d'une solution de sauvegarde,04/11/2026 13:00,avis_ao,32,1,Construction / Ao / Achat,Construction / Ao / Achat
20260902501.0,Société Nationale d'Exploitation et de Distribution des Eaux,30/09/2026,AO 127/2026 pour la fourniture et la livraison de sulfate d'alumine sous forme liquide en rendu aux différentes stations de traitement des eaux.,04/11/2026 09:00,avis_ao,32,1,Construction / Ao / Achat,Construction / Ao / Achat
20260902500.0,Commissariat Régional de Développement Agricole de Bizerte,30/09/2026,اقتناء معدات ثقيلة بعنوان سنة 2026,02/11/2026 10:00,avis_ao,30,2,اقتناء / لفائدة / معدات,اقتناء / لفائدة / معدات
20260902496.0,Office des Logements Militaires,30/09/2026,دراسات التقسيم والتهيئة لتقسيمات تابعة لديوان المساكن العسكرية,02/11/2026 10:00,avis_ao,30,1,Construction / Ao / Achat,Construction / Ao / Achat
20260901786.0,Ministère de la Défense Nationale,30/09/2026,أشغال إنجاز مبيت للقاعدة البحرية الرئيسية بحلق الوادي,30/10/2026 11:00,avis_ao,27,6,Travaux / Construction,أشغال / تهيئة / إنجاز
20260902499.0,Commune El Mida,30/09/2026,VOIRIES FICOL II,29/10/2026 11:00,avis_ao,26,1,Construction / Ao / Achat,Construction / Ao / Achat
20260902498.0,Commissariat régional de l'éducation de Kébili,30/09/2026,صيانة و تةسغات المدارس الابتدتئية لسنة 2025 و صيانة المدارس الاعدادية لستة 2025,03/11/2026 10:00,avis_ao,31,1,Construction / Ao / Achat,Construction / Ao / Achat
20260902497.0,Commune Ain Draham,30/09/2026,إقتناء معدات نظافة شاحنة ضاغطة سعة 07 متر,21/10/2026 10:00,avis_ao,18,10,إقتناء / تجهيزات / بعنوان,إقتناء / تجهيزات / بعنوان
20260902306.0,Présidence du Gouvernement,30/09/2026,"Acquisition, montage et remplacement de pneumatiques pour les véhicules administratifs relevant de la Présidence du Gouvernement",26/10/2026 10:00,avis_ao,23,1,Transport / Véhicules,Construction / Ao / Achat
20260902305.0,Commissariat régional des affaires de la femme et de la famille de Sidi Bouzid,30/09/2026,Acquisition de matériel et d'équipements dans le cadre de la mise en œuvre du programme d'inclusion économique des familles en situation particulière à Sidi Bouzid pour l'année 2025.,30/10/2026 10:00,avis_ao,27,9,Équipements / Profit / Matériel,Équipements / Profit / Matériel
20260902304.0,المستشفى العسكري بقابس,30/09/2026,إقتـنـاء وتركيز وتشغيل منظومة مراقبة بالكاميرا بالمستشفى العسكري بقابس,30/10/2026 09:59,avis_ao,27,5,Médical / Santé,بناء / اشغال / بالمستشفى
20260902302.0,Ecole Polytechnique de Tunisie,30/09/2026,اسداء خدمات الاعاشة لفائدة طلبة المدرسة التونسية للتقنيات,29/10/2026 10:00,avis_ao,26,2,اقتناء / لفائدة / معدات,اقتناء / لفائدة / معدات
20260902298.0,Commune nefta,30/09/2026,طلب عروض للمرة الثالثة لإنجاز أشغال بناء المستودع البلدي بنفطة من ولاية توزر القسط الأول,02/11/2026 10:00,avis_ao,30,5,Travaux / Construction,بناء / اشغال / بالمستشفى
20260902300.0,Commune Dhehiba,30/09/2026,دراسة ومتابعة مشروع أنظمة الطاقة الشمسية للبناءات البلديّة,21/10/2026 12:00,avis_ao,18,1,Photovoltaïque / Énergie solaire,Construction / Ao / Achat
20260902285.0,Société Tunisienne d'Electricité et de Gaz,30/09/2026,Matériel de connexion,24/11/2026 09:00,avis_ao,52,9,Équipements / Profit / Matériel,Équipements / Profit / Matériel
20260902274.0,Direction Générale de la Douane,30/09/2026,"Appel d'offres N°04/2023 pour la fourniture, l'installation et mise en service d'un système de vidéo surveillance et de contrôle d'accès au nouveau siège de la direction générale des douanes",03/11/2026 10:00,avis_ao,31,0,Mise / Installation / Service,Mise / Installation / Service
20260901486.0,Hôpital Sahloul de Sousse,30/09/2026,achat de dispositifs medicaux pour divers services,03/11/2026 11:00,avis_ao,31,1,Construction / Ao / Achat,Construction / Ao / Achat
20260902258.0,Commisariat régional de l'éducation de Sfax 1,30/09/2026,قسط عدد 1 : تهيئة و صيانة بالمدرسة الابتدائية سيدي الظاهر بئر علي قسط عدد 2 : تهيئة و صيانة بالمدرسة الابتدائية الفلاق عقارب,02/11/2026 10:00,avis_ao,30,6,أشغال / تهيئة / إنجاز,أشغال / تهيئة / إنجاز
20260902257.0,Commissariat régional de l'éducation de Mahdia,30/09/2026,أشغال هدم و إعادة بناء اسيجة بمعتمدية المهدية ، الشابة ، الجم و ملولش بولاية المهدية,03/11/2026 09:30,avis_ao,31,6,Travaux / Construction,أشغال / تهيئة / إنجاز
20260902251.0,Commissariat Régional au Développement Agricole de Tataouine,30/09/2026,طلب عروض عدد 23/2026 (إجراءات مبسطة): إقتناء و تركيب تجهيزات ضخ بالطاقة الشمسية ببئر عوين من معتمدية رمادة بولاية تطاوين,20/10/2026 10:00,avis_ao,17,10,Photovoltaïque / Énergie solaire,إقتناء / تجهيزات / بعنوان
20260902250.0,المستشفى الجامعي الحببب بورقيبة بمدنين,30/09/2026,التزود بالوجبات الجاهزة لفائدة المرضى وأطباء حصص الاستمرار لسنة 2027,31/10/2026 10:00,avis_ao,28,4,2027 / لسنة / سجن,2027 / لسنة / سجن
20260902249.0,Commissariat Régional au Développement Agricole de Sidi Bouzid,30/09/2026,Sélection d'un bureau d'études pour la mise à jour de l'étude de réaménagement des systèmes d'AEP,30/10/2026 09:30,avis_ao,27,0,Travaux / Construction,Mise / Installation / Service
20260902248.0,Commune de Morneguia,30/09/2026,"اقتناء معدات النظافة عدد 1 آلة رافعة "" جرافة "" tractopelle """,28/10/2026 10:00,avis_ao,25,2,اقتناء / لفائدة / معدات,اقتناء / لفائدة / معدات
20260902247.0,Régie Nationale des Tabacs et des Allumettes,30/09/2026,FOURNITURE ET INSTALLATION D'UN SYSTEME DE SECURITE PAR VIDEOSURVEILLANCE A LA RNTA,04/11/2026 10:00,avis_ao,32,0,Mise / Installation / Service,Mise / Installation / Service
20260902232.0,Commune Dahmani,29/09/2026,amenagement et revetement des voiries a sidi baraket nord et chmeissia,30/10/2026 10:00,avis_ao,27,1,Travaux / Construction,Construction / Ao / Achat
20260902231.0,Hôpital Abderrahmane Mami de Pneumophistiologie,29/09/2026,باقتناء أزياء عمل وأغطية أسرّة وأقمشة مختلفة,03/11/2026 09:00,avis_ao,31,1,Construction / Ao / Achat,Construction / Ao / Achat
20260902229.0,Tunisie TradeNet,29/09/2026,Acquisition installation configuration mise en service et maintenance d une infrastructure informatique,02/11/2026 10:00,avis_ao,30,0,Informatique / IT,Mise / Installation / Service
20260902230.0,Commune de Kalaa Kébira,29/09/2026,اقتناء معدات نظافة و طرقات لفائدة بلدية القلعة الكبرى,04/11/2026 10:00,avis_ao,32,2,اقتناء / لفائدة / معدات,اقتناء / لفائدة / معدات
20260902228.0,Commissariat Régional au Développement Agricole de Kébili,29/09/2026,دراسة تصريف مياه النز بواحات سوق الأحد,30/10/2026 09:30,avis_ao,27,1,Construction / Ao / Achat,Construction / Ao / Achat
20260902227.0,Institution de la Recherche et de l'Enseignement Supérieur Agricoles,29/09/2026,la sélection d'un bureau de formation pour le développement des compétences des enseignants-chercheurs en Approche Par Compétences (APC) et l'usage de l'intelligence artificielle (IA) en éducation au titre de l'année 2026,26/10/2026 12:00,avis_ao,23,1,Construction / Ao / Achat,Construction / Ao / Achat
20260902223.0,Commissariat régional de l'éducation de Jendouba,29/09/2026,réhabilitation de l'école primaire Ben bechir Jendouba Nord,04/11/2026 10:00,avis_ao,32,8,Commune / Réhabilitation / Gouvernorat,Commune / Réhabilitation / Gouvernorat
20260902217.0,Société Tunisienne d'Electricité et de Gaz,29/09/2026,ISOLATEURS POUR RESEAU HTA,18/11/2026 09:00,avis_ao,46,1,Construction / Ao / Achat,Construction / Ao / Achat
20260902221.0,Commune de Kalaa Kébira,29/09/2026,اقتناء وسائل نقل لفائدة بلدية القلعة الكبرى,03/11/2026 10:00,avis_ao,31,2,Transport / Véhicules,اقتناء / لفائدة / معدات
20260902213.0,Société Régionale de Transport Gouvernorat de Kasserine,29/09/2026,إقتناء إطارات مطاطية,30/10/2026 10:00,avis_ao,27,10,إقتناء / تجهيزات / بعنوان,إقتناء / تجهيزات / بعنوان
20260902215.0,Office de Développement Sylvo Pastoral du Nord-Ouest,29/09/2026,Unité mobile de formation,30/10/2026 10:00,avis_ao,27,1,Construction / Ao / Achat,Construction / Ao / Achat
20260902212.0,المطعم الجامعي بالمهدية,29/09/2026,Acquisition des denrées Alimentaires au profil du Restaurant Universitaire de Mahdia durant l'année 2027,29/10/2026 12:00,avis_ao,26,4,2027 / لسنة / سجن,2027 / لسنة / سجن
20260902211.0,Commissariat Régional au Développement Agricole d'El Kef,29/09/2026,طلب عروض عـدد.19/2026 المشروع: أشغال المنشأة المائية على وادي فكيرينة,16/10/2026 09:00,avis_ao,13,6,Travaux / Construction,أشغال / تهيئة / إنجاز
20260902170.0,Gouvernorat de Kairouan,29/09/2026,AMENAGEMENT DE LA MAISON DES JEUNES MENZEL M'HIR,30/10/2026 09:30,avis_ao,27,1,Travaux / Construction,Construction / Ao / Achat
20260902208.0,Commune de Tajerouine,29/09/2026,Réalisation de travaux d'aménagement et de revêtement de voirie dans la municipalité de Tajerouine.,28/10/2026 10:00,avis_ao,25,3,Travaux / Construction,Aménagement / Lots / Entretien
20260902210.0,ولاية منوبة,29/09/2026,الاعلان عن الدعوة للمناظرة المعمارية- احداث قاعة للرياضات الجماعية بالجديدة,02/11/2026 10:00,avis_ao,30,1,Construction / Ao / Achat,Construction / Ao / Achat
20260902209.0,Caisse Nationale de Retraite et de Prévoyance Sociale,29/09/2026,إقتناء هدايا بمناسبة تنظيم تظاهرة خمسينية الصندوق الوطني للتقاعد والحيطة الإجتماعية,13/10/2026 09:00,avis_ao,10,10,إقتناء / تجهيزات / بعنوان,إقتناء / تجهيزات / بعنوان
20260902207.0,Le Conseil régional Zaghouan,29/09/2026,Programme Régional de développement Travaux D'aménagement Et Revêtement Du Piste SBAIIA RMADHNIYA Délégation Saouaf,28/10/2026 10:00,avis_ao,25,3,Travaux / Construction,Aménagement / Lots / Entretien
20260902206.0,Caisse Nationale de l'Assurance Maladie,29/09/2026,Acquisition de consommables pour imprimantes et photocopieurs,30/10/2026 08:30,avis_ao,27,1,Informatique / IT,Construction / Ao / Achat
20260902205.0,Commune de Kalaa Kébira,29/09/2026,أشغال تهيئة ملعب فرعي و تجديد شبكة الصرف الصحي للملعب البلدي بالقلعة الكبرى,02/11/2026 10:00,avis_ao,30,6,Travaux / Construction,أشغال / تهيئة / إنجاز
20260902172.0,Commune de Sfax,29/09/2026,Fourniture des équipements pour les terrains de sports et les jardins en 14 lots,29/10/2026 10:00,avis_ao,26,9,Équipements / Profit / Matériel,Équipements / Profit / Matériel
20260902171.0,Commissariat Régional au Développement Agricole de Monastir,29/09/2026,أشغال صيانة 75000 متر خطي من المصاطب الميكانيكية بمعتمدية المكنين من ولاية المنستير,29/10/2026 10:00,avis_ao,26,6,Travaux / Construction,أشغال / تهيئة / إنجاز
20260902169.0,Commune de Hammam Lif,29/09/2026,دراسة مراجعة مثال التهيئة العمرانية لمدينة حمام الأنف,02/11/2026 11:00,avis_ao,30,1,Construction / Ao / Achat,Construction / Ao / Achat
20260902168.0,Ministère du Commerce,29/09/2026,إقتناء أثاث مكاتب,28/10/2026 10:00,avis_ao,25,10,إقتناء / تجهيزات / بعنوان,إقتناء / تجهيزات / بعنوان
20260902166.0,Ministère de la Défense Nationale,29/09/2026,إقتناء ونقل مواد مقاطع لفائدة حضائر الأشغال بتونس الكبرى وفندق الجديد,29/10/2026 10:00,avis_ao,26,10,Travaux / Construction,إقتناء / تجهيزات / بعنوان
20260902165.0,Commune d'Oued Ellil,29/09/2026,TRAVAUX DE REVETEMENT DES VOIRIES ET EVACUATION DE L'EAU PLUVIAL A LA COMMUNE D'OUED ELLIL– GOUVERNORAT DE MANNOUBA (PROGRAMME 2025-2026),30/10/2026 10:00,avis_ao,27,8,Travaux / Construction,Commune / Réhabilitation / Gouvernorat
20260902164.0,Commune zriba,29/09/2026,Exécution des travaux de voiries,30/10/2026 10:00,avis_ao,27,1,Travaux / Construction,Construction / Ao / Achat
20260902163.0,Gouvernorat de Jendouba,29/09/2026,المناظرة الوطنية قسم الهندسة المدنية مبيت محمود المسعدي,30/11/2026 10:00,avis_ao,58,1,Construction / Ao / Achat,Construction / Ao / Achat
20260902162.0,Commissariat régional de l'éducation de Kairouan,29/09/2026,Travaux d'extension des établissements scolaires,20/10/2026 10:00,avis_ao,17,1,Travaux / Construction,Construction / Ao / Achat
20260902160.0,Gouvernorat de Jendouba,29/09/2026,احداث سوق عصري بنهج الطيب المهيري بمدينة بوسالم الشمالية,30/10/2026 10:00,avis_ao,27,1,Construction / Ao / Achat,Construction / Ao / Achat
20260902159.0,Commissariat régional de l'éducation de Sfax 2,29/09/2026,أشغال تهيئة وصيانة وتوسيعات بالمؤسسات التربوية الراجعة بالنظر للمندوبية الجهوية للتربية بصفاقس2,29/10/2026 09:30,avis_ao,26,6,Travaux / Construction,أشغال / تهيئة / إنجاز
20260902158.0,Gouvernorat de Jendouba,29/09/2026,تكملة أشغال بناء مركز الفحص الفني للعربات بجندوبة,29/10/2026 10:00,avis_ao,26,5,Travaux / Construction,بناء / اشغال / بالمستشفى
20260902157.0,Commune d'Ariana,29/09/2026,"Acquisition, installation, MISEEN SERVICE et maintenance D UN système de contrôle DE PRESENCE par empreintes digitales et des équipements de vidéosurveillance",02/11/2026 10:00,avis_ao,30,0,Mise / Installation / Service,Mise / Installation / Service
20260902156.0,Commune Naassen,29/09/2026,اقتناء سيارات إدارية,02/11/2026 10:00,avis_ao,30,2,اقتناء / لفائدة / معدات,اقتناء / لفائدة / معدات
20260902155.0,Commissariat régional de l'éducation de Jendouba,29/09/2026,réhabilitation des laboratoires techniques au lycée Ain drahem,02/11/2026 10:00,avis_ao,30,8,Médical / Santé,Commune / Réhabilitation / Gouvernorat
20260902154.0,Commune d'El Ksar,29/09/2026,اقتناء عدد 01 شاحنة ضاغطة سعة 7 م3,28/10/2026 10:00,avis_ao,25,2,اقتناء / لفائدة / معدات,اقتناء / لفائدة / معدات
20260902153.0,Commune Naassen,29/09/2026,إنجاز خدمات الكنس وتنظيف الطرقات والأرصفة الرئيسية ببلدية نعسان,03/11/2026 10:00,avis_ao,31,1,Nettoyage / Entretien,Construction / Ao / Achat
20260902152.0,Société Nationale d'Exploitation et de Distribution des Eaux,29/09/2026,"AO 66-2026 Confier à un bureau d'études ou à un groupement de bureaux d'études, les prestations de services relatives à l'étude du plan directeur des réseaux de répartition du Sahel Sud jusqu'à l'échéance 2050.",06/11/2026 09:00,avis_ao,34,1,Construction / Ao / Achat,Construction / Ao / Achat
20260902029.0,Société Nationale de Distribution de Pétrole,29/09/2026,"Conclusion d'un marché cadre pour assurer la vérification, le contrôle et l'entretien des matériels de sécurité (extincteurs, RIA) de toutes marques présents sur les sites et les installations de la SNDP.",30/10/2026 09:30,avis_ao,27,7,Nettoyage / Entretien,Matériels / Informatiques / Transport
20260902151.0,CENTRE NATIONAL DU CINÉMA ET DE L'IMAGE,29/09/2026,"Appel d'offre n°02/2026 selon les Procédures simplifiées pour l'acquisition d'un VIDEO projecteur, d'un écran et d'équipement audiovisuel au profit du Centre national du cinéma et de l'image.",30/10/2026 12:00,avis_ao,27,9,Équipements / Profit / Matériel,Équipements / Profit / Matériel
20260902130.0,Commune Tina,28/09/2026,Acquisition d'un camion compacteur équipé d'un lève-conteneur,22/10/2026 10:00,avis_ao,19,1,Transport / Véhicules,Construction / Ao / Achat
20260902114.0,Commissariat Régional au Développement Agricole de Zaghouan,28/09/2026,acquisition des matériels roulants,23/10/2026 10:00,avis_ao,20,7,Matériels / Informatiques / Transport,Matériels / Informatiques / Transport
20260902113.0,Gouvernorat de sousse,28/09/2026,مشروع هدم وإعادة بناء مقر قسم النهوض الاجتماعي بسوسة,27/10/2026 10:00,avis_ao,24,5,Travaux / Construction,بناء / اشغال / بالمستشفى
20260902112.0,Commissariat Régional au Développement Agricole de Siliana,28/09/2026,إنجاز أشغال حفر بئرين عميقتين تعويضيتين,29/10/2026 09:30,avis_ao,26,6,Travaux / Construction,أشغال / تهيئة / إنجاز
20260902111.0,Conseil regional de ben arous,28/09/2026,أشغال مشروع تهيئة وتوسعة مقر ثكنة وحدات التدخل برادس الغابة ( القسط الرابع ),03/11/2026 10:00,avis_ao,31,6,Travaux / Construction,أشغال / تهيئة / إنجاز
20260902110.0,Direction régional de santé Sfax,28/09/2026,achat d'équipement bureautique et informatique au profit de la direction régionale de la santé de Sfax,30/10/2026 10:00,avis_ao,27,9,Informatique / IT,Équipements / Profit / Matériel
20260902109.0,Office National de l'Assainissement,28/09/2026,"la fourniture, le chargement, le transport et le déchargement de tuyaux EN PVC-U classe SN4",03/11/2026 11:00,avis_ao,31,7,Transport / Véhicules,Matériels / Informatiques / Transport
20260902107.0,Conseil Régional de Tunis,28/09/2026,اقتناء حبر و مواد إعلامية و مكتبية لفائدة ولاية تونس ومعتمدياتها,29/10/2026 10:00,avis_ao,26,2,Fournitures de bureau,اقتناء / لفائدة / معدات
20260902106.0,Restaurant Universitaire Kasserine,28/09/2026,achat de denrées alimentaires au profit du restaurant universitaire de Kasserine pour l'année 2027,27/10/2026 10:30,avis_ao,24,4,2027 / لسنة / سجن,2027 / لسنة / سجن
20260902102.0,Société Nationale d'Exploitation et de Distribution des Eaux,28/09/2026,"A O 16-2026 Cconception et réalisation clé en main (EPC) et l'exploitation pendant six (06) mois de deux (02) stations de dessalement des eaux saumâtres par Osmose Inverse, d'une capacité totale 4 000 m3/j dans les Gouvernorats de Kébili et Tozeur dans le cadre de la 2ème phase du programme national d'amélioration de la qualité dans le sud tunisien (PNAQ II).",24/11/2026 09:00,avis_ao,52,1,Construction / Ao / Achat,Construction / Ao / Achat
20260902094.0,Institut Hédi Raies d'Ophtalmologie,28/09/2026,ACQUISITION ET L'INSTALLATION DES EQUIPEMENTS MEDICALES Deux (02) appareils phacoémulsificateur,29/10/2026 10:30,avis_ao,26,1,Médical / Santé,Construction / Ao / Achat
20260902092.0,Commissariat régional de l'éducation de Kairouan,28/09/2026,Aménagement et Entretien à l'école primaire OUITHA SBIKHA KAIROUAN,29/10/2026 11:00,avis_ao,26,3,Travaux / Construction,Aménagement / Lots / Entretien
20260902091.0,Commune de Sfax,28/09/2026,Exécution des Services de taille des arbres d'alignements dans la zone communale en trois lots : lot 1et 3,13/10/2026 10:00,avis_ao,10,3,Aménagement / Lots / Entretien,Aménagement / Lots / Entretien
20260902090.0,Hôpital Mongi Slim à la Marsa,26/09/2026,"Acquisition de viandes rouges et viandes de volailles, oeufs, lait et dérivés, ustensiles à usage unique, fruits et légumes et produits alimentaires",13/10/2026 10:00,avis_ao,10,1,Construction / Ao / Achat,Construction / Ao / Achat
20260902089.0,Hôpital Mongi Slim à la Marsa,26/09/2026,LA FOURNITURE DES INSTRUMENTS ORTHOPEDIQUES,27/10/2026 10:00,avis_ao,24,1,Construction / Ao / Achat,Construction / Ao / Achat
20260902050.0,Institut National de Neurologie Tunis,26/09/2026,Acquisition de matériel d'embolisation,16/10/2026 10:00,avis_ao,13,9,Équipements / Profit / Matériel,Équipements / Profit / Matériel
20260902088.0,Régie Nationale des Tabacs et des Allumettes,26/09/2026,MISE EN PLACE D'UNE SOLUTION D'INTERCONNEXION SECURISEE,29/10/2026 10:00,avis_ao,26,0,Mise / Installation / Service,Mise / Installation / Service
20260901969.0,Hôpital Militaire Principal d'Instruction de Tunis,26/09/2026,إقتناء وتركيب وتشغيل تجهيزات طبية لفائدة قسم أمراض وجراحة العيون وقسم جراحة الوجه والفكين,16/10/2026 10:00,avis_ao,13,10,Médical / Santé,إقتناء / تجهيزات / بعنوان
20260902086.0,Hôpital régional housine bouzeine Gafsa,25/09/2026,تزويد المستشفى الجهوي الحسين بوزيان بقفصة ببطاريات خلال سنة 2026,10/10/2026 09:00,avis_ao,7,1,Médical / Santé,Construction / Ao / Achat
20260902004.0,Instance nationale de la sécurité sanitaire des produits alimentaires,25/09/2026,Souscription des contrats d'assurance,16/10/2026 10:00,avis_ao,13,1,Construction / Ao / Achat,Construction / Ao / Achat
20260902005.0,Instance nationale de la sécurité sanitaire des produits alimentaires,25/09/2026,Acquisition des mobiliers de bureau,16/10/2026 10:00,avis_ao,13,1,Construction / Ao / Achat,Construction / Ao / Achat
20260902006.0,Instance nationale de la sécurité sanitaire des produits alimentaires,25/09/2026,Acquisition des tablettes,26/10/2026 10:00,avis_ao,23,1,Construction / Ao / Achat,Construction / Ao / Achat
20260902085.0,Agence de Promotion des Investissements Agricoles,25/09/2026,"Conception, construction et aménagement des stands tunisiens dans le cadre de la participation aux salons étrangers pour l'année 2027",27/10/2026 10:00,avis_ao,24,3,Travaux / Construction,Aménagement / Lots / Entretien
20260902084.0,Agence Tunisienne de la Formation Professionnelle,25/09/2026,Choix d'un Architecte ou d'un groupement d'architectes pour l'élaboration des études et le suivi des travaux du projet de construction d'une unité d'hébergement au centre de formation et d'apprentissage MATEUR,29/10/2026 10:00,avis_ao,26,1,Travaux / Construction,Construction / Ao / Achat
20260902083.0,Agence Tunisienne de la Formation Professionnelle,25/09/2026,Choix d'un Architecte ou d'un groupement d'architectes pour l'élaboration des études et le suivi des travaux du projet de construction d'une unité d'hébergement au centre de formation et d'apprentissage Ezzouhour,29/10/2026 10:00,avis_ao,26,1,Travaux / Construction,Construction / Ao / Achat
20260902082.0,Agence Tunisienne de la Formation Professionnelle,25/09/2026,"Choix d'un Architecte ou d'un groupement d'architectes pour l'élaboration des études et le suivi des travaux du projet d'aménagement, consolidation et renforcement du centre Sectoriel de Formation en Textile à Bir el Kassaa (Selon la procédure simplifiée)",16/10/2026 10:00,avis_ao,13,3,Travaux / Construction,Aménagement / Lots / Entretien
20260902081.0,Agence Tunisienne de la Formation Professionnelle,25/09/2026,Choix d'un Architecte ou d'un groupement d'architectes pour l'élaboration des études et le suivi des travaux du projet d'aménagement de l'ancien hébergement au Centre Sectoriel de Formation en Bâtiment de Ben Arous (Selon la procédure simplifiée),16/10/2026 10:00,avis_ao,13,3,Travaux / Construction,Aménagement / Lots / Entretien
20260902080.0,Conseil Régional de Monastir,25/09/2026,concours national d'architecture en vue d'identifier le ou les prestataires d'études architecturales et techniques et de suivi d'exécution des travaux de reconstruction d'une maison de la culture à Bennane à Monastir.,26/10/2026 10:00,avis_ao,23,1,Travaux / Construction,Construction / Ao / Achat
20260902079.0,Commissariat régional de l'éducation de Kairouan,25/09/2026,Acquisition d'équipements pour les internats et les cuisines des établissements scolaire du gouvernorat de Kairouan.,13/10/2026 10:00,avis_ao,10,9,Équipements / Profit / Matériel,Équipements / Profit / Matériel
20260902072.0,Commune de Hammam Sousse,25/09/2026,صفقة التأمين ASSURANCEلسنة 2027,26/10/2026 10:00,avis_ao,23,4,2027 / لسنة / سجن,2027 / لسنة / سجن
20260902075.0,Agence Tunisienne de la Formation Professionnelle,25/09/2026,Choix d'un Architecte ou d'un groupement d'architectes l'élaboration des études et le suivi des travaux du projet des travaux d'aménagement et d'extension de Centre de Formation et de Promotion du Travail Indépendant Ben Guerdane,28/10/2026 10:00,avis_ao,25,3,Travaux / Construction,Aménagement / Lots / Entretien
20260902077.0,Institut National Agronomique de Tunis,25/09/2026,acquisition équipements laboratoires,21/10/2026 11:00,avis_ao,18,9,Médical / Santé,Équipements / Profit / Matériel
20260902073.0,Agence Tunisienne de la Formation Professionnelle,25/09/2026,Choix d'un Architecte ou d'un groupement d'architectes pour l'élaboration des études et le suivi des travaux du projet de restructuration du Centre Sectoriel de Formation en Machinisme Agricole Kef,28/10/2026 10:00,avis_ao,25,1,Travaux / Construction,Construction / Ao / Achat
20260902069.0,Conseil Régional de Monastir,25/09/2026,Projet d'aménagement des clôtures du stade municipal de Manzel Ennour,16/10/2026 10:00,avis_ao,13,3,Travaux / Construction,Aménagement / Lots / Entretien
20260902070.0,Institut Pasteur de Tunis,25/09/2026,Fourniture de consommables et verreries de laboratoires.,26/10/2026 10:00,avis_ao,23,1,Médical / Santé,Construction / Ao / Achat
20260902068.0,Conseil Régional de Sfax,25/09/2026,45/2026-تركيز أنظمة استشعار وتنبيه من الحرائق بالمؤسسات التابعة ﻷمانة المال الجهوية صفاقس2 قسط1,26/10/2026 10:00,avis_ao,23,1,Construction / Ao / Achat,Construction / Ao / Achat
20260902048.0,Gouvernorat de Gafsa,25/09/2026,أشغال إصلاح اضرار بملعب بدار الشباب بسيدي عيش للمرة الرابعة,12/10/2026 10:00,avis_ao,9,6,Travaux / Construction,أشغال / تهيئة / إنجاز
20260902047.0,Mairie de Tunis,25/09/2026,"Acquisition de conteneurs en PEHD, sacs en polypropylène non tissé et sachets plastiques",19/10/2026 11:00,avis_ao,16,1,Construction / Ao / Achat,Construction / Ao / Achat
20260902046.0,Gouvernorat de Gafsa,25/09/2026,أشغـال تهيئة دار الشباب المظيلة (برنامج 2023) للمرة الرابعة,13/10/2026 10:00,avis_ao,10,6,أشغال / تهيئة / إنجاز,أشغال / تهيئة / إنجاز
20260902045.0,Commune de Sfax,25/09/2026,اقتناء زي الشغل و مستلزمات الوقاية والسلامة المهنية لفائدة العملة لسنة 2026 وفق عدد 04 أقساط,12/10/2026 10:00,avis_ao,9,2,اقتناء / لفائدة / معدات,اقتناء / لفائدة / معدات
20260902039.0,Commune d'Ezzahra,25/09/2026,Désignation d'un bureau d'études pour la révision du plan d'aménagement urbain de la municipalité d'Ez-zahra.,27/10/2026 10:00,avis_ao,24,3,Travaux / Construction,Aménagement / Lots / Entretien
20260902043.0,Commune de Douz,25/09/2026,acquisition 02 voiture,27/10/2026 00:00,avis_ao,23,1,Transport / Véhicules,Construction / Ao / Achat
20260902040.0,Présidence du Gouvernement,25/09/2026,Acquisition de consommables pour copieurs de Type « SHARP » pour le compte de la Présidence du Gouvernement au Titre de l'Année 2026,16/10/2026 10:00,avis_ao,13,1,Construction / Ao / Achat,Construction / Ao / Achat
20260901970.0,"Ministère de l'Equipement, l'habitat et l'aménagement du territoire",25/09/2026,"Mission de contrôle, suivi et assistance technique des travaux de protection contre les inondations de diverses villes réparti en sept (07) lots",28/10/2026 09:00,avis_ao,25,3,Travaux / Construction,Aménagement / Lots / Entretien
20260902001.0,Conseil régional du gouvernorat du Kef,25/09/2026,اشغال بناء قسم التخدير والالنعاش وتهيئة وتوسعة قاعات العمليات بالمستشفى الجهوي بالكاف,27/10/2026 10:00,avis_ao,24,5,Médical / Santé,بناء / اشغال / بالمستشفى
20260901974.0,Société des Transports de Tunis,25/09/2026,"ACQUISITION DES ARTICLES D'ECLAIRAGE, PIECES DE RECHANGE POUR CATENAIRES ET RELAIS & TRANSFORMATEURS POUR SOUS STATIONS, NECESSAIRES POUR L'ENTRETIEN DES INSTALLATIONS ELECTRIQUES DE LA TRANSTU",29/10/2026 10:00,avis_ao,26,1,Nettoyage / Entretien,Construction / Ao / Achat
20260902009.0,Agence Technique Des Telecommunications,25/09/2026,ACHEVEMENT EXECUTION PLAN DE FORMATION 2026,26/10/2026 10:00,avis_ao,23,1,Construction / Ao / Achat,Construction / Ao / Achat
20260902008.0,CENTRE NATIONAL DU CINÉMA ET DE L'IMAGE,25/09/2026,appel d'offres selon les procédures simplifiées pour l'acquisition des billets d'avion au profit des JCC 2026 qui se tiendra du 12 au 19 décembre 2026,19/10/2026 12:00,avis_ao,16,9,Équipements / Profit / Matériel,Équipements / Profit / Matériel
20260902007.0,CENTRE NATIONAL DU CINÉMA ET DE L'IMAGE,25/09/2026,"Hébergement des invités du 37eme sessions des jcc 2026, qui se tiendra du 12 au 19 décembre 2026.",16/10/2026 12:00,avis_ao,13,1,Construction / Ao / Achat,Construction / Ao / Achat
20260902003.0,Agence nationale du médicament et des produits de santé,24/09/2026,Appel d'Offre 06-2026 Acquisition matériel informatique,26/10/2026 10:00,avis_ao,23,9,Informatique / IT,Équipements / Profit / Matériel
20260902002.0,Commune de Lamta,24/09/2026,modernisation des voiries et des trottoirs,30/10/2026 11:00,avis_ao,27,1,Construction / Ao / Achat,Construction / Ao / Achat
20260901999.0,Commissariat régional de l'éducation de Tunis,24/09/2026,تعهد و صيانة و توسعة المؤسسات التربوية الراجعة بالنظر للمندوبية الجهوية للتربية بتونس1,26/10/2026 09:00,avis_ao,23,1,Construction / Ao / Achat,Construction / Ao / Achat
20260902000.0,Office des Tunisiens à l'Etranger,24/09/2026,"- اختيار وكالة أسفار ""صنف أ "" لتنظيم رحلة ترفيهية واستطلاعية لفائدة مجموعة من التونسيين المقيمين بالخارج",26/10/2026 10:00,avis_ao,23,2,اقتناء / لفائدة / معدات,اقتناء / لفائدة / معدات
20260901997.0,Société Tunisienne d'Electricité et de Gaz,24/09/2026,Maintenance de la Centrale à Cycle Combiné de Sousse « C »,29/10/2026 09:00,avis_ao,26,1,Construction / Ao / Achat,Construction / Ao / Achat
20260901993.0,Ministère de l'Agriculture,24/09/2026,"Le Parachèvement des Travaux de Réhabilitation, de Réaménagement et de Protection du Port de Pêche de Mahdia",28/10/2026 10:30,avis_ao,25,8,Travaux / Construction,Commune / Réhabilitation / Gouvernorat
20260901995.0,Institut National de la Statistique,24/09/2026,"AO N°04/2026 Acquisition,installation et configuration de commutateurs réseau et migration des licences du serveur d'authentification réseau de l'INS année 2026",26/10/2026 10:00,avis_ao,23,1,Informatique / IT,Construction / Ao / Achat
20260901992.0,commissariat régional des affaires de la femme de la famille de gafsa,24/09/2026,acquisition et transport des moutons,27/10/2026 15:00,avis_ao,24,7,Transport / Véhicules,Matériels / Informatiques / Transport
20260901990.0,Groupement de santé de base Beja,24/09/2026,Acquisition de produits et materiel de nettoyage,24/10/2026 10:30,avis_ao,21,1,Nettoyage / Entretien,Construction / Ao / Achat
20260901994.0,Université de Gabès,24/09/2026,"Acquisition, installation et mise en service de matériel de photocopie et d'équipement audiovisuel pour l'Université de Gabès et ses établissements affiliés.",23/10/2026 14:30,avis_ao,20,0,Mise / Installation / Service,Mise / Installation / Service
20260901991.0,Gouvernorat de Gafsa,24/09/2026,"EXTENSION DU SERVICE DES CONSULTATIONS EXTERNES A L'HÔPITAL DE CIRCONSCRIPTION DE Moulares, Gafsa",23/10/2026 10:00,avis_ao,20,0,Médical / Santé,Mise / Installation / Service
20260901981.0,Ministère de l'Agriculture,24/09/2026,Fourniture et entretien des équipements hydromécaniques et curage des barrages collinaires,27/10/2026 10:30,avis_ao,24,9,Nettoyage / Entretien,Équipements / Profit / Matériel
20260901983.0,Conseil régional de siliana,24/09/2026,إتمام أشغال تهيئة و تعبيد مسلك الجوابرية -الشويرب ومسلك النوايرية الفوار ضمن البرنامج الجهوي للتنمية 2016,28/10/2026 10:00,avis_ao,25,6,Travaux / Construction,أشغال / تهيئة / إنجاز
20260901982.0,Commissariat régional de l'éducation de Nabeul,24/09/2026,هدم وبناء الأسيجة بالمؤسسات التربوية برنامج 2026,23/10/2026 08:00,avis_ao,20,1,Travaux / Construction,Construction / Ao / Achat
20260901979.0,ولاية منوبة,24/09/2026,اشغال تهيئة و تعبيد - البرنامج الجهوي للتنمية لسنة 2025 في 03 اقساط,28/10/2026 10:00,avis_ao,25,5,بناء / اشغال / بالمستشفى,بناء / اشغال / بالمستشفى
20260901980.0,Hôpital Mongi Slim à la Marsa,24/09/2026,LA FOURNITURE DES IMPLANTS ORTHOPEDIQUES,26/10/2026 10:00,avis_ao,23,1,Construction / Ao / Achat,Construction / Ao / Achat
20260901978.0,Office du Commerce de Tunisie,24/09/2026,AO 15 2026 pour le conditionnement du 6000 tonne de riz au titre de l'année 2026,09/10/2026 10:00,avis_ao,6,1,Construction / Ao / Achat,Construction / Ao / Achat
20260901977.0,Office de la Topographie et du Cadastre,24/09/2026,Acquisition de cinq camionnettes double pont double cabine,26/10/2026 10:00,avis_ao,23,1,Transport / Véhicules,Construction / Ao / Achat
20260901936.0,Le conseil régional de gouvernorat de Ariana,24/09/2026,"Travaux d'assainissement dans certains quartiers appartenant aux délégations de Sukra, Raoued, Mnihla et Kalâat El Andalous dans le gouvernorat d'Ariana, dans le cadre du programme de développement régional pour l'année 2026",27/10/2026 09:30,avis_ao,24,3,Travaux / Construction,Aménagement / Lots / Entretien
20260901951.0,Centre de Biotechnologie de Sfax,24/09/2026,APPEL D'OFFRES PROCEDURE SIMPLIFIER N° 04/CBS/2026 Acquisition d'Équipements Scientifiques dans le cadre de projet de recherche au profit du Centre de Biotechnologie de Sfax,22/10/2026 10:00,avis_ao,19,9,Équipements / Profit / Matériel,Équipements / Profit / Matériel
20260901938.0,Société Tunisienne d'Electricité et de Gaz,24/09/2026,Projet « Réalisation clé en main des Systèmes de Stockage d'Energie par Batteries « BESS » multi-sites (300 MW / 600 MWh) sur le réseau de la STEG en Tunisie »,29/10/2026 09:30,avis_ao,26,1,Construction / Ao / Achat,Construction / Ao / Achat
20260901950.0,Conseil régional de siliana,24/09/2026,أشغال تهيئة وتعبيد 03 مسالك ريفيةبطول 3.4 كلم بولاية سليانة ضمن البرنامج الجهوي للتنمية بولاية سليانة لسنة 2024 القسط عدد 01,27/10/2026 10:00,avis_ao,24,6,Travaux / Construction,أشغال / تهيئة / إنجاز
20260901949.0,Ministère de l'emploi et de la formation professionnelle,24/09/2026,Acquisition des cartouches pour les imprimantes,23/10/2026 10:00,avis_ao,20,1,Informatique / IT,Construction / Ao / Achat
20260901943.0,Commune el Alia,24/09/2026,Double cabine رباعية الدفع 4*4 Pick-upإقتناء شاحنة خفيفة,20/10/2026 10:00,avis_ao,17,1,Construction / Ao / Achat,Construction / Ao / Achat
20260901942.0,Office des Céréales,24/09/2026,Marché cadre pour l'acquisition de tenue de travail,27/10/2026 12:00,avis_ao,24,1,Construction / Ao / Achat,Construction / Ao / Achat
20260901929.0,Imprimerie officielle de la république tunisienne,24/09/2026,Acquisition matériels et logiciel informatique,27/10/2026 10:00,avis_ao,24,7,Informatique / IT,Matériels / Informatiques / Transport
20260901928.0,Conseil Régional du Gouvernorat de Nabeul,24/09/2026,هدم و إعادة بناء مركز الحرس الوطني بسيدي الجديدي,27/10/2026 10:00,avis_ao,24,5,Travaux / Construction,بناء / اشغال / بالمستشفى
20260901927.0,Commissariat régional de l'éducation d'el Kef,24/09/2026,appel doffre pour lacquisition des habillement au profit de la CRE elkef,23/10/2026 10:00,avis_ao,20,9,Équipements / Profit / Matériel,Équipements / Profit / Matériel
20260901926.0,Présidence du Gouvernement,23/09/2026,Acquisition des licences de la réalisation de travaux de maintenance de la plateforme TUNEPS,08/10/2026 10:00,avis_ao,5,1,Travaux / Construction,Construction / Ao / Achat
20260901924.0,Institution de la Recherche et de l'Enseignement Supérieur Agricoles,23/09/2026,acquisition des ordinateurs et des équipements informatiques à usage courant,26/10/2026 10:30,avis_ao,23,7,Informatique / IT,Matériels / Informatiques / Transport
20260901923.0,Société Nationale Immobilière de Tunisie,23/09/2026,"Appel d'offres pour la souscription d'un contrat unique pour l'assurance de la Responsabilité Civile Décennale des intervenants dans le domaine de la construction de trois projets : Lot1 : ( 151 Appts ) RESIDENCE * TANIT* SISE AU LOTISSEMENT JARDINS D'EL MENZAH 1, GOUVERNORAT DE TUNIS. Lot 2 : ( 132 Appts ) RESIDENCE * AMETHYSTE* SISE AU LOTISSEMENT JARDINS D'EL MENZAH 1, GOUVERNORAT DE TUNIS. Lot 3 : ( 92 Appts ) RESIDENCE * AZUR* SISE AU LOTISSEMENT Nabeul C, GOUVERNORAT DE Nabeul.",27/10/2026 09:00,avis_ao,24,3,Travaux / Construction,Aménagement / Lots / Entretien
20260901922.0,Direction Régionale de la Santé Publique Bizerte,23/09/2026,مشروع تهيئة وحدتي القسطرة و العناية المركزة بورقيبة,08/10/2026 10:00,avis_ao,5,6,أشغال / تهيئة / إنجاز,أشغال / تهيئة / إنجاز
20260901921.0,"Direction Régionale de l'Equipement, de l'Habitat et de l'Aménagement du Territoire de Nabeul",23/09/2026,"TRAVAUX DE NETTOYAGE, CURAGE ET DIVERS TRAVAUX DE PROPRETE DU RESEAU ROUTIER RELEVANT DE LA DIRECTION REGIONALE DE NABEUL PROGRAMME 2026",26/10/2026 10:00,avis_ao,23,1,Travaux / Construction,Construction / Ao / Achat
20260901920.0,Commune de Ras El Jbal,23/09/2026,TRAVAUX D'aménagement d'un centre de foire culturelle et artisanale dans le cadre de l'opération de régeneration du centre urbain ancien de Ras Jebel (Composante 3),26/10/2026 10:00,avis_ao,23,3,Travaux / Construction,Aménagement / Lots / Entretien
20260901918.0,Centre Socio-Educatif ESSANAD Sidi Thabet,23/09/2026,Acquisition de denrées alimentaires,23/10/2026 08:00,avis_ao,20,1,Construction / Ao / Achat,Construction / Ao / Achat
20260901919.0,Faculté des Sciences de Monastir,23/09/2026,acquisition de materiels informatiques,14/10/2026 10:00,avis_ao,11,7,Informatique / IT,Matériels / Informatiques / Transport
20260901917.0,Commissariat régional de l'éducation de Kébili,23/09/2026,صيانة عامة للمدرسة الابتدائية 18 جانفي دوزللمرة الثالثة,02/11/2026 10:00,avis_ao,30,1,Construction / Ao / Achat,Construction / Ao / Achat
20260901915.0,Hôpital Hédi Chaker Sfax,23/09/2026,Achat de réactifs avec MAD de deux solutions d'hématologie et d' hémostase au profit du laboratoire d'hématologie de l'hôpital.,26/10/2026 11:00,avis_ao,23,9,Médical / Santé,Équipements / Profit / Matériel
20260901912.0,Centre National Chalbi belkahia de Pharmacovigilance,23/09/2026,Accompagnement à l'accréditation selon le référentiel ISO 15189 v 2022,26/10/2026 09:00,avis_ao,23,1,Construction / Ao / Achat,Construction / Ao / Achat
20260901914.0,Institut National de Recherche Agronomique de Tunis,23/09/2026,Aménagement de 3 laboratoires à l'INRAT,26/10/2026 11:00,avis_ao,23,3,Médical / Santé,Aménagement / Lots / Entretien
20260901913.0,Présidence de la République,23/09/2026,إقتناء وتركيز مآوي سيّارات لفائدة رئاسة الجمهورية بعنوان سنة 2026,22/10/2026 10:00,avis_ao,19,10,إقتناء / تجهيزات / بعنوان,إقتناء / تجهيزات / بعنوان
20260901911.0,Institut national de recherche et d'analyse physico-chimique de sidi thabet,23/09/2026,APPEL D'OFFRES N° 04/2026 selon les procédures simplifiées Relative à L'exercice de l'activité d'audit de la sécurité des systémes,26/10/2026 10:00,avis_ao,23,1,Construction / Ao / Achat,Construction / Ao / Achat
20260901897.0,Commune de Gabes,23/09/2026,"Services de collecte, de ramassage et de transport des déchets ménagers et assimilés.",29/10/2026 10:00,avis_ao,26,7,Transport / Véhicules,Matériels / Informatiques / Transport
20260901910.0,Direction de la garde douanière,23/09/2026,Conclusion d'un marché cadre de maintenance des véhicules des services centraux de la direction de la garde douanière pour les années 2026/2027/2028,26/10/2026 10:00,avis_ao,23,4,Transport / Véhicules,2027 / لسنة / سجن
20260901909.0,Office National de l'Assainissement,23/09/2026,Acquisition d'une Solution de Business Intelligence pour le Système d'Informations Commercial de l'ONAS,15/10/2026 11:00,avis_ao,12,1,Construction / Ao / Achat,Construction / Ao / Achat
20260901908.0,Institut Sylvo-Pastoral de Tabarka,23/09/2026,"acquisition des produits alimentaires divers, composés de 06 lots, au cours de l'année : 2027",27/10/2026 09:00,avis_ao,24,4,2027 / لسنة / سجن,2027 / لسنة / سجن
20260901903.0,Commissariat Régional De La Jeunesse Et Des Sports De l'Ariana,23/09/2026,acquisition des équipements sportifs,12/10/2026 10:00,avis_ao,9,9,Équipements / Profit / Matériel,Équipements / Profit / Matériel
20260901907.0,Université de Gafsa,23/09/2026,أشغال تهيئة المعهد العالي للدراسات التطبيقية في الإنسانيات بقفصة,26/10/2026 10:00,avis_ao,23,6,Médical / Santé,أشغال / تهيئة / إنجاز
20260901904.0,Ministère de la Défense Nationale,23/09/2026,Acquisition des équipements de mesures,23/10/2026 10:00,avis_ao,20,9,Équipements / Profit / Matériel,Équipements / Profit / Matériel
20260901891.0,Présidence du Gouvernement,23/09/2026,"Prestation de services d'entretien et de réparation ainsi qu'acquisition de pièces de rechange, de travaux de carrosserie et de peinture pour les véhicules administratifs relevant des services de la Présidence du Gouvernement.",23/10/2026 10:00,avis_ao,20,1,Travaux / Construction,Construction / Ao / Achat
20260901890.0,Office de Développement de Rjim Maâtoug,23/09/2026,travaux de construction d'un complexe administratif à el mahdeth,29/10/2026 12:00,avis_ao,26,1,Travaux / Construction,Construction / Ao / Achat
20260901888.0,Office de Développement de Rjim Maâtoug,23/09/2026,construction d'un château d'eau au village n°01 à elmehdeth,27/10/2026 12:00,avis_ao,24,1,Travaux / Construction,Construction / Ao / Achat
20260901889.0,Hôpital La Rabta de Tunis,23/09/2026,"Appel d'offre général par procédures simplifiées pour la deuxième fois relatif à l'ACQUISITION,l' INSTALLATION, la MISE EN MARCHE, la FORMATION, ET LA MAINTENANCE DU MATÉRIEL MEDICAL POUR LE SERVICE DE LA CHIRURGIE GENERALE de L'EPS La Rabta et EPS Habib Bourguiba Sfax",14/10/2026 09:00,avis_ao,11,0,Médical / Santé,Mise / Installation / Service
20260901887.0,Office de la Topographie et du Cadastre,23/09/2026,Acquisition du matériel de levé,23/10/2026 10:00,avis_ao,20,9,Équipements / Profit / Matériel,Équipements / Profit / Matériel
20260901886.0,Commune de Sousse,23/09/2026,Acquisition de conteneurs en PEHD pour l'année 2026,08/10/2026 14:00,avis_ao,5,1,Construction / Ao / Achat,Construction / Ao / Achat
20260901851.0,Conseil régional de Sidi Bouzid,23/09/2026,PROJET DE CONCEPTION D'UN STADE D'ATHLETISME A LA COMMUNE DE FAIEDH,26/10/2026 10:00,avis_ao,23,8,Commune / Réhabilitation / Gouvernorat,Commune / Réhabilitation / Gouvernorat
20260901885.0,Cite Universitaire Fattouma Bourguiba Monastir,23/09/2026,appel d'offres national n01/2026 pour la nourriture pour l'année 2027,23/10/2026 12:00,avis_ao,20,4,2027 / لسنة / سجن,2027 / لسنة / سجن
20260901884.0,Agence Nationale de la Protection de l'Environnement,22/09/2026,Acquisition Matériels de Transport en 02 lots,23/10/2026 10:00,avis_ao,20,7,Transport / Véhicules,Matériels / Informatiques / Transport
20260901883.0,"Direction Régionale de l'Equipement, de l'Habitat et de l'Aménagement du Territoire de Siliana",22/09/2026,مهمة دراسة ومتابعة أشغال مساكن اجتماعية موزعة على 05 أقساط ضمن برنامج ازالة المساكن البدائية وتعويضها بمساكن جديدة لسنة 2026 بتنفيذ من المستفيد عن طريق البناء الذاتي بولاية سليانة,21/10/2026 10:30,avis_ao,18,6,Travaux / Construction,أشغال / تهيئة / إنجاز
20260901265.0,Ministère de la Défense Nationale,22/09/2026,أشغال ربط ثكنة مسجد عيسى بالغاز الطبيعي لفائدة وزارة الدفاع الوطني,22/10/2026 10:00,avis_ao,19,6,Médical / Santé,أشغال / تهيئة / إنجاز
20260901264.0,Ministère de la Défense Nationale,22/09/2026,أشغال ربط ثكنة باجة بالغاز الطبيعي (شبكة داخلية) لفائدة وزارة الدفاع الوطني,22/10/2026 10:00,avis_ao,19,6,Médical / Santé,أشغال / تهيئة / إنجاز
20260901881.0,Groupement Inter-professionnel des Produits Avicoles et Cunicoles,22/09/2026,"Intégration, configuration et adaptation d'une solution progiciel de gestion intégrée communautaire pour le GIPAC",27/10/2026 17:00,avis_ao,24,1,Construction / Ao / Achat,Construction / Ao / Achat
20260901880.0,Centre de Promotion des Exportations,22/09/2026,REALISATION DU PAVILLON TUNISIEN AU SALON INTERNATIONAL EXPO PROTECTION 2026,07/10/2026 10:00,avis_ao,4,1,Construction / Ao / Achat,Construction / Ao / Achat
20260901879.0,Société Tunisie Autoroutes,22/09/2026,Acquisition et mise en place des modules de gestion d'achat et gestion des stocks,26/10/2026 10:00,avis_ao,23,0,Mise / Installation / Service,Mise / Installation / Service
20260901877.0,Gouvernorat de Gafsa,22/09/2026,PROJET construction d'une unité de réanimation à l'hôpital de metlaoui,19/10/2026 10:00,avis_ao,16,1,Médical / Santé,Construction / Ao / Achat
20260901861.0,Gouvernorat de Kairouan,22/09/2026,PROJET DE CONSTRUCTION D'UN COMPLEXE COMMERCIAL A OUESLATIA KAIROUAN,27/10/2026 11:00,avis_ao,24,1,Travaux / Construction,Construction / Ao / Achat
20260901876.0,Commissariat régional de l'éducation de Sfax 2,22/09/2026,أشغال تهيئة وصيانة بالمدرسة الابتدائية الزيتونة الطاهر كريشان,22/10/2026 09:30,avis_ao,19,6,Travaux / Construction,أشغال / تهيئة / إنجاز
20260901875.0,Commissariat régional de l'éducation de Sfax 2,22/09/2026,اقتناء أزياء الشغل لفائدة العملة ومستلزمات الوقاية والسلامة المهنية لفائدة المرشدين التطبيقيين للتربية العاملين بالمؤسسات التربوية الراجعة بالنظر للمندوبية الجهوية للتربية بصفاقس2,21/10/2026 09:30,avis_ao,18,2,Médical / Santé,اقتناء / لفائدة / معدات
20260901873.0,Société Tunisie Autoroutes,22/09/2026,AO N°32/2026 (POUR LA 2eme FOIS) ACQUISITION D'UN LOT DE MATÉRIEL ROULANT,23/10/2026 14:30,avis_ao,20,1,Construction / Ao / Achat,Construction / Ao / Achat
20260901872.0,Hôpital Aziza Othmana de Tunis,22/09/2026,"APPEL D'OFFRE POUR L'APPRIVISIONNEMENT DE L'HOPITAL EN TISSUS, DRAPS ET TENUS 2026 (2ème fois)",26/10/2026 10:00,avis_ao,23,1,Médical / Santé,Construction / Ao / Achat
20260901871.0,Prison Borjerroumi,22/09/2026,صفقة بإجراءات مبسطة لتزويد سجن برج الرومي بمجنبات الأليمنيوم لسنة 2026,08/10/2026 07:00,avis_ao,4,4,2027 / لسنة / سجن,2027 / لسنة / سجن
20260901869.0,Société Nationale de Distribution de Pétrole,22/09/2026,"Fourniture de pièces de rechange industriels pour les centres emplisseurs GPL de GABES, RADES et BIZERTE de la SNDP en trois (03) lots séparés .",23/10/2026 09:30,avis_ao,20,3,Aménagement / Lots / Entretien,Aménagement / Lots / Entretien
20260901870.0,Cité des Sciences à Tunis,22/09/2026,Réalisation des travaux d'aménagement d'une salle polyvalente en deux lots à l'antenne de la Cité des Sciences à Kasserine,29/10/2026 10:00,avis_ao,26,3,Travaux / Construction,Aménagement / Lots / Entretien
20260901857.0,Ministère de la Défense Nationale,22/09/2026,l'acquisition des articles d'ameublement (tables à manger et chaises),22/10/2026 10:00,avis_ao,19,1,Construction / Ao / Achat,Construction / Ao / Achat
20260901855.0,école nationale des prisons et de réeducation,22/09/2026,drainage des fosses septiques,22/10/2026 10:00,avis_ao,19,1,Construction / Ao / Achat,Construction / Ao / Achat
20260901853.0,Gouvernorat de Tozeur,22/09/2026,بناء ثمانية محلات بمعتمدية حامة الجريد من ولاية توزر,22/10/2026 09:30,avis_ao,19,5,Travaux / Construction,بناء / اشغال / بالمستشفى
20260901843.0,Hôpital d'Enfants,22/09/2026,"« Acquisition des réactifs , accessoires et consommables avec mise à la disposition de deux systèmes analytiques multi paramétriques identiques de biochimie, d'un système analytique multi parametrique d'immuno-analyse et d'un système informatique expert ».",30/10/2026 09:30,avis_ao,27,0,Médical / Santé,Mise / Installation / Service
20260901854.0,Commissariat régional de l'éducation de Gabès,22/09/2026,تهيئة و صيانة المدارس الابتدائية,12/10/2026 09:00,avis_ao,9,6,أشغال / تهيئة / إنجاز,أشغال / تهيئة / إنجاز
20260901850.0,Commissariat Régional au Développement Agricole de Béja,22/09/2026,أشغال إصلاح وصيانة (03) بحيرات جبلية بولاية باجة,23/10/2026 10:00,avis_ao,20,6,Travaux / Construction,أشغال / تهيئة / إنجاز
20260901848.0,Commune Zaghouan,22/09/2026,تهيئة المحيط الخارجي لمقرّ بلديّة زغوان,23/10/2026 10:00,avis_ao,20,6,أشغال / تهيئة / إنجاز,أشغال / تهيئة / إنجاز
20260901844.0,Société des Services Nationaux et des Résidences,22/09/2026,Fourniture de tapis en laine destinées à l'équipement des résidences,07/10/2026 10:00,avis_ao,4,1,Construction / Ao / Achat,Construction / Ao / Achat
20260901842.0,Commune de Tozeur,21/09/2026,إشغال تجميل المدينة بمناطق التوّسع لبلدية توزر (برنامج FICOL2),12/10/2026 10:00,avis_ao,9,1,Construction / Ao / Achat,Construction / Ao / Achat
20260901810.0,Office National de la Protection Civile,21/09/2026,ACQUISITION DE MATERIELS SPECIFIQUES D'INTERVENTION,06/11/2026 09:00,avis_ao,34,1,Construction / Ao / Achat,Construction / Ao / Achat
20260901804.0,Institut National Des Grandes Cultures,21/09/2026,annonce pour la 2ieme fois pour acquisition matériels roulants,22/10/2026 08:00,avis_ao,19,7,Matériels / Informatiques / Transport,Matériels / Informatiques / Transport
20260901803.0,Entreprise Tunisienne des Activités Pétrolières,21/09/2026,Maintenance des installations de sécurité incendie et gaz dans les locaux de L'ETAP,22/10/2026 10:00,avis_ao,19,1,Construction / Ao / Achat,Construction / Ao / Achat
20260901802.0,Commune Ouechtata Jmila,21/09/2026,Travaux De Construction de Clôture Hotel de Ville,21/10/2026 11:00,avis_ao,18,1,Travaux / Construction,Construction / Ao / Achat
20260901801.0,Entreprise Tunisienne des Activités Pétrolières,21/09/2026,Acquisition et travaux d'installation et mise en place d'un groupe électrogène au Centre de Recherche et Développement Pétroliers (CRDP) à Charguia,22/10/2026 09:00,avis_ao,19,0,Travaux / Construction,Mise / Installation / Service
20260901799.0,Gouvernorat de Jendouba,21/09/2026,اقتناء تجهيزات ومعدات لفائدة المؤسسات الثقافية بجندوبة,22/10/2026 10:00,avis_ao,19,2,اقتناء / لفائدة / معدات,اقتناء / لفائدة / معدات
20260901685.0,Hôpital régional de Sidi Bouzid,21/09/2026,اقتناء مواد غذائية عامة,23/10/2026 10:00,avis_ao,20,2,اقتناء / لفائدة / معدات,اقتناء / لفائدة / معدات
20260901629.0,Commissariat Régional au Développement Agricole de Jendouba,21/09/2026,Acquisition et transport de matériels informatiques,19/10/2026 10:00,avis_ao,16,7,Informatique / IT,Matériels / Informatiques / Transport
20260901798.0,Conseil Régional de Tunis,21/09/2026,la Réalisation Des Travaux de Réaménagement Du Foyer Universitaire Omrane Supérieur 3 – Tranche 3 – Bloc 19.,22/10/2026 10:00,avis_ao,19,1,Travaux / Construction,Construction / Ao / Achat
20260901626.0,Commissariat Régional au Développement Agricole de Jendouba,21/09/2026,Acquisition d'un Bulldozer sur chenilles,21/10/2026 10:00,avis_ao,18,1,Construction / Ao / Achat,Construction / Ao / Achat
20260901796.0,Centre de protection sociale El Amen,21/09/2026,Acquisition des denrées alimentaires pour l'année 2027,20/10/2026 11:00,avis_ao,17,4,2027 / لسنة / سجن,2027 / لسنة / سجن
20260901794.0,Commune d'Ariana,21/09/2026,Travaux d'entretien des voiries et trottoirs dans la COMMUNE DE L'ARIANA PROGRAMME ANNEE 2024,23/10/2026 10:00,avis_ao,20,3,Travaux / Construction,Aménagement / Lots / Entretien
20260901795.0,TUNISAIR,21/09/2026,Acquisition de matériels de servitude Roulants : Chariots élévateurs électrique et Gerbeurs,23/10/2026 09:00,avis_ao,20,7,Matériels / Informatiques / Transport,Matériels / Informatiques / Transport
20260901797.0,Direction régional des affaires social Gabes,21/09/2026,اقتناء تجهيزات ومعدات ضمن تنفيذ برنامج التمكين الاقتصادي لفائدة العائلات المعوزة والمعاقين لسنة 2026,07/10/2026 17:30,avis_ao,4,2,اقتناء / لفائدة / معدات,اقتناء / لفائدة / معدات
20260901789.0,Société Tunisienne d'Electricité et de Gaz,21/09/2026,COMPTEUR STATIQUE TRIPHASE COMMUNICANT MT,22/10/2026 09:00,avis_ao,19,1,Construction / Ao / Achat,Construction / Ao / Achat
20260901793.0,Ministère de la Santé,21/09/2026,Achat de test de diagnostic rapide du streptocoque du groupe A,21/10/2026 10:00,avis_ao,18,1,Construction / Ao / Achat,Construction / Ao / Achat
20260901791.0,Société Nationale d'Exploitation et de Distribution des Eaux,21/09/2026,AO 72-2026 l'exécution de l'ensemble des travaux d'achévement et de réhabilitation des sièges des districts de la SONEDE dans le Gouvernorat de Nabeul.,26/10/2026 09:00,avis_ao,23,8,Travaux / Construction,Commune / Réhabilitation / Gouvernorat
20260901788.0,Société Nationale d'Exploitation et de Distribution des Eaux,21/09/2026,AO 76-2026 Achévement des travaux de génie civil prévus dans le cadre du projet d'alimentation en eau potable de la localité rurale Ain Aouija dans la délégation de Jendouba Sud (Gouvernorat de Jendouba) .,26/10/2026 09:00,avis_ao,23,1,Travaux / Construction,Construction / Ao / Achat
20260901792.0,Agence Foncière touristique,21/09/2026,ACQUISITION DE TICKETS-RESTAURANT PÉRIODE 2027-2028-2029,22/10/2026 10:00,avis_ao,19,4,2027 / لسنة / سجن,2027 / لسنة / سجن
20260901783.0,Hôpital Ibn Eljazzar de Kairouan,21/09/2026,"La fourniture , l'installation et la mise en service d'un système de vidéosurveillance à procédure simplifiées",21/10/2026 10:00,avis_ao,18,0,Mise / Installation / Service,Mise / Installation / Service
20260901785.0,Commune de redeyef,19/09/2026,Projet d'extension et renovation de réseau d'éclairage public dans la commune de Redeyef,19/10/2026 11:00,avis_ao,16,8,Travaux / Construction,Commune / Réhabilitation / Gouvernorat
20260901784.0,Commune de Tozeur,19/09/2026,معدات نظافة شاحنة عاجنة رافعة للفضلات سعة من16م3الى17 م3 لفائدة بلدية توزر,23/10/2026 10:00,avis_ao,20,2,اقتناء / لفائدة / معدات,اقتناء / لفائدة / معدات
20260901690.0,Hopital Universitaire Habib Bougatfa Bizerte,19/09/2026,"Mise en place d'un appareil d'analyse des gaz du sang à la charge du laboratoire de l'hôpital, avec la fourniture des consommables médicaux nécessaires.",13/10/2026 10:00,avis_ao,10,0,Médical / Santé,Mise / Installation / Service
20260901689.0,"Direction Régionale de l'Equipement, de l'Habitat et de l'Aménagement du Territoire de Tunis",18/09/2026,"AchèvementTravaux d'embellissement, entretien des réseaux de drainages, amélioration de la sécurité routière et protection contre les incendies des axes routiers dans le gouvernorat de Tunis",19/10/2026 10:00,avis_ao,16,3,Travaux / Construction,Aménagement / Lots / Entretien
20260901688.0,Commune Bir El haffey,18/09/2026,MODERNISATION DES VOIRIES DANS LA COMMUNE DE BIR LEHFAY,22/10/2026 10:00,avis_ao,19,8,Commune / Réhabilitation / Gouvernorat,Commune / Réhabilitation / Gouvernorat
20260901687.0,Hôpital Régional Hajj Ali Soua de Ksar Hellal,18/09/2026,Acquisition des réactifs et des accessoires aussi des réactifs pour l'automate IONO,05/10/2026 10:00,avis_ao,2,1,Médical / Santé,Construction / Ao / Achat
20260901686.0,Restaurant Universitaire Sidi Bouzid,18/09/2026,طلب عروض وطني عدد 01/2026 لإقتناء مواد غذائية بعنوان سنة 2027,19/10/2026 09:00,avis_ao,16,4,2027 / لسنة / سجن,2027 / لسنة / سجن
20260901684.0,Groupement de santé de base Monastir,18/09/2026,Travaux de peinture et de blanchiment des bâtiments des centres de santé de base.,03/10/2026 23:49,avis_ao,0,1,Travaux / Construction,Construction / Ao / Achat
20260901683.0,Commune Chott Meriam,18/09/2026,Révision et extension du Plan d'Aménagement Urbain de la Commune de Chott Meriem,19/10/2026 10:00,avis_ao,16,8,Travaux / Construction,Commune / Réhabilitation / Gouvernorat
20260901682.0,Société Nationale d'Exploitation et de Distribution des Eaux,18/09/2026,"AO 105/2026 pour d'alimentation en eau potable des localités aux délégations Houmet Essouk, Midoun et Ajim (Djerba)",21/10/2026 09:00,avis_ao,18,1,Construction / Ao / Achat,Construction / Ao / Achat
20260901681.0,Commissariat Régional au Développement Agricole de Sfax,18/09/2026,أشغال بناء مركز استقبال بالمحمية الطبيعية بالقنة من معتمدية عقارب ولاية صفاقس,20/10/2026 10:00,avis_ao,17,5,Médical / Santé,بناء / اشغال / بالمستشفى
20260901678.0,Société d'Exploitation du Canal et des Adductions des Eaux du Nord,18/09/2026,Fourniture et mise en place d'un système de télégestion pour le complexe hydraulique Ziatine et le poste 90kv à Sidi el Barrak,19/10/2026 10:00,avis_ao,16,0,Mise / Installation / Service,Mise / Installation / Service
20260901680.0,commune tabarka,18/09/2026,جمع ونقل النفايات المنزلية والشبيهة وكنس الانهج والشوارع في مدينة طبرقة,22/10/2026 10:00,avis_ao,19,1,Transport / Véhicules,Construction / Ao / Achat
20260901679.0,Société Nationale d'Exploitation et de Distribution des Eaux,18/09/2026,"AO 107/2026 pour l'exécution des travaux d'alimentation en eau potable des divers groupements relevant des délégations de Sidi Bouzid Est, Sidi Bouzid Ouest, Ouled Haffouz, Jelma, Sidi Ali Ben Aoun, Cebbala, Regueb, Bir el Heffey, Maknessy et Souk Jedid dans le cadre du programme régional du développement intégré / gouvernorat de Sidi Bouzid.",21/10/2026 09:00,avis_ao,18,1,Travaux / Construction,Construction / Ao / Achat
20260901668.0,Société Nationale d'Exploitation et de Distribution des Eaux,18/09/2026,"AO 111/2026 pour la conclusion d'un marché cadre pour l'exécution de l'ensemble des travaux d'extension, de recalibrage des réseaux, construction d'ouvrages courants et la réalisation des branchements et reports de prises dans le district de Menzel Temime, (Gouvernorat de Nabeul).",21/10/2026 09:00,avis_ao,18,1,Travaux / Construction,Construction / Ao / Achat
20260901667.0,Compagnie des Phosphates de Gafsa,18/09/2026,اشغال بناء المحطة الرئيسية للكهرباء بمغسلة ام الخشب MT1,27/10/2026 09:30,avis_ao,24,5,Travaux / Construction,بناء / اشغال / بالمستشفى
20260901666.0,Commune El Aouabed-Khazanet,18/09/2026,Travaux d'aménagement et de revêtement de voirie dans la commune d'El Aouabed El Khazanet Programme 2024-2025,19/10/2026 10:00,avis_ao,16,8,Travaux / Construction,Commune / Réhabilitation / Gouvernorat
20260901664.0,Société Nationale d'Exploitation et de Distribution des Eaux,18/09/2026,"AO 113/2026 pour la Fourniture, essais, transport, montage Et mise en bon état de marche d'un système de lubrification conditionnelle centralisé destiné aux stations de pompage SP1, SP1' et SP2 GHEDIR ELGOLLA",21/10/2026 09:00,avis_ao,18,0,Transport / Véhicules,Mise / Installation / Service
20260901660.0,"Direction Régionale de l'Equipement, de l'Habitat et de l'Aménagement du Territoire de Siliana",18/09/2026,أشغال تدعيم المسالك الريفية بولاية سليانة لسنة 2026 موزعة على قسطين,22/10/2026 10:00,avis_ao,19,6,Travaux / Construction,أشغال / تهيئة / إنجاز
20260901634.0,Société Nationale d'Exploitation et de Distribution des Eaux,18/09/2026,"AO 109/2026 pour la conclusion d'un marché cadre ayant pour objet l'exécution des travaux d'extension, de recalibrage du réseau, de construction d'ouvrages courants et la réalisation des branchements et reports de prises dans les localités du District Ezzahra.",21/10/2026 09:00,avis_ao,18,1,Travaux / Construction,Construction / Ao / Achat
20260901558.0,Commissariat régional de l'éducation de Kébili,18/09/2026,بناء قاعة تدريس عادية بالمدرسة الابتدائية ليماقس و بناء قاعة اختصاص بالمدرسة الاعدادية ابن رشيق دوز للمرة الثانية,19/10/2026 10:00,avis_ao,16,5,Travaux / Construction,بناء / اشغال / بالمستشفى
20260901633.0,"Direction Régionale de l'Equipement, de l'Habitat et de l'Aménagement du Territoire de Kairouan",18/09/2026,"Travaux de réparation des dégâts causés par les inondations dans le gouvernorat de Kairouan (année 2026), répartis en deux lots distincts",16/10/2026 10:00,avis_ao,13,3,Travaux / Construction,Aménagement / Lots / Entretien
20260901632.0,Université de Sfax,18/09/2026,Acquisition des voitures de service au profit de l'Université de Sfax,22/10/2026 12:00,avis_ao,19,9,Transport / Véhicules,Équipements / Profit / Matériel
20260901630.0,TUNISAIR,18/09/2026,Installation d'une solution de contrôle d'accès au bâtiment du siège social de Tunisair et installation des équipements de contrôle d'accès au niveau de la zone PNT Tunisair,20/10/2026 09:00,avis_ao,17,0,Travaux / Construction,Mise / Installation / Service
20260901628.0,ولاية منوبة,18/09/2026,اعلان الدعوة للمنافسة لتعيين مصممين لانجاز الدراسات و متابعة الاشغال للاقساط الفنية الخاصة - احداث قاعة للرياضات الحماعية بالجديدة -,22/10/2026 10:00,avis_ao,19,1,Construction / Ao / Achat,Construction / Ao / Achat
20260901549.0,"Direction Régionale de l'Equipement, de l'Habitat et de l'Aménagement du Territoire de Monastir",18/09/2026,REPARATION DES DEGATS INNONDATION SEPTEMBRE 2020,19/10/2026 10:00,avis_ao,16,1,Construction / Ao / Achat,Construction / Ao / Achat
20260901582.0,Office de la Marine Marchande et des Ports,18/09/2026,TRAVAUX DE DRAGAGE AU PORT DE ZARZIS,05/11/2026 10:00,avis_ao,33,1,Travaux / Construction,Construction / Ao / Achat
20260901624.0,Office de Développement de Rjim Maâtoug,18/09/2026,fourniture et plantation des rejets de palmiers dattiers de l'unite 01 de la 2ème tranche des oasis Elmehdeth,20/10/2026 12:00,avis_ao,17,1,Construction / Ao / Achat,Construction / Ao / Achat
20260901612.0,Commissariat régional de l'éducation de Zaghouan,18/09/2026,APPEL D'OFFRE 04/2026 LOT N° 03 troisième fois,19/10/2026 10:00,avis_ao,16,1,Construction / Ao / Achat,Construction / Ao / Achat
20260901606.0,Office National de l'Huile,18/09/2026,Acquisition et mise en service de matériel de laboratoire,23/10/2026 10:00,avis_ao,20,0,Médical / Santé,Mise / Installation / Service
20260901581.0,Commissariat régional de l'éducation de Kébili,18/09/2026,اتمام أشغال بناء مجموعات صحية للمعلمين و التلاميذ بالمدارس الابتدائية بنحمرون و العوينة 1 دوز و القلعة للمرة الثالثة,20/10/2026 10:00,avis_ao,17,5,Travaux / Construction,بناء / اشغال / بالمستشفى
20260901594.0,Commissariat régional de l'éducation de Kébili,18/09/2026,بناء قسم تحضيري بالمدرسة الابتدائية الأمل رجيم معتوق و صيانة المطعم و بناء قاعة اعلامية و بناء قاعة اختصاص بمعهد رجيم معتوق,21/10/2026 10:00,avis_ao,18,5,Travaux / Construction,بناء / اشغال / بالمستشفى
20260901586.0,Commissariat régional de l'éducation de Nabeul,18/09/2026,اقتناء زي الشغل لفائدة عملة المندوبية الجهوية للتربية بنابل والمؤسسات الراجعة لها بالنظر– برنامج 2026 والفصول الغير مثمرة من طلب العروض عدد 01/2024 والفصول الغير مثمرة من طلب العروض عدد 01/2025 لفائدة عملة المندوبية الجهوية للتربية بنابل والمؤسسات الراجعة لها بالنظر,20/10/2026 08:00,avis_ao,17,2,اقتناء / لفائدة / معدات,اقتناء / لفائدة / معدات
20260901557.0,Commune Sidi Bennour,18/09/2026,Acquisition d'un camion à benne basculante de charge utile 3.5 tonnes,12/10/2026 10:00,avis_ao,9,1,Transport / Véhicules,Construction / Ao / Achat
20260901556.0,Mairie de Tunis,18/09/2026,travaux d'aménagement au stade Chedly Zouiten – Tunis // Tranche II,19/10/2026 10:00,avis_ao,16,3,Travaux / Construction,Aménagement / Lots / Entretien
20260901555.0,Groupe Chimique Tunisien,18/09/2026,"GFI2620111 FOURNITURE DE TROIS (03) LOTS DE CAOUTCHOUC (TUYAUX, BANDES ET BAVETTES), POUR LES USINES A GABES DU GROUPE CHIMIQUE TUNISIEN",03/11/2026 08:30,avis_ao,31,3,Aménagement / Lots / Entretien,Aménagement / Lots / Entretien
20260901554.0,Commissariat régional de l'éducation de Sidi Bouzid,18/09/2026,"Construction de blocs techniques, technologiques et scientifiques à l'école préparatoire MGHILA.",21/10/2026 09:30,avis_ao,18,1,Travaux / Construction,Construction / Ao / Achat
20260901552.0,Groupe Chimique Tunisien,18/09/2026,"GFI2620068 :FOURNITURE DE DEUX (02) LOTS D'ELECTRODES DE SOUDURE, POUR LES USINES A GABES DU GROUPE CHIMIQUE TUNISIEN",03/11/2026 08:30,avis_ao,31,3,Aménagement / Lots / Entretien,Aménagement / Lots / Entretien
20260901551.0,Hôpital La Rabta de Tunis,18/09/2026,CHOIX DE BUREAUX DE CONTROLE POUR LA MISSION DE CONTROLE TECHNIQUE DES ETUDES ET DE SUIVIE DES PROJETS A L'HOPITAL LA RABTA,12/10/2026 09:00,avis_ao,9,1,Médical / Santé,Construction / Ao / Achat
20260901497.0,Office National de l'Assainissement,18/09/2026,"la réalisation des travaux d'assainissement des cites essoualem , chaachaa , arfaouine , drihet, laarayech et rue lasaad elbajar dans la commune d'Agareb dansle gouvernorat de Sfax - Fourniture, transport et pose de conduites, pièces de fonderie.",20/10/2026 11:00,avis_ao,17,8,Travaux / Construction,Commune / Réhabilitation / Gouvernorat
20260901550.0,Centre de reeducation des enfants mineurs sidi el hani,18/09/2026,طلب عروض وطني عدد 01/2026 لسنة 2027 التزود بمواد غذائية عامة لفائدة مركز إصلاح الأطفال سيدي الهاني,19/10/2026 10:00,avis_ao,16,4,2027 / لسنة / سجن,2027 / لسنة / سجن
20260901548.0,Gouvernorat de Gafsa,18/09/2026,دراستي إحداث منطقتين سقويتين للري التكميلي الطنب (زانوش) و فطناس (القطار) ضمن برنامج التنمية المندمجة لولاية قفصة,05/10/2026 10:00,avis_ao,2,1,Construction / Ao / Achat,Construction / Ao / Achat
20260901547.0,Manufacture des Tabacs de Kairouan,18/09/2026,Acquisition de Film Etirable d'Emballage,06/10/2026 10:00,avis_ao,3,1,Construction / Ao / Achat,Construction / Ao / Achat
20260901545.0,Agence des Ports et des Installations de la Pêche,18/09/2026,Etude d'impact sur l'environnement pour la réalisation du projet de dragage du port de pèche de Tabarka,21/10/2026 12:30,avis_ao,18,1,Construction / Ao / Achat,Construction / Ao / Achat
20260901546.0,Commune de Gabes,18/09/2026,travaux d'entretien et de maintenance de certaines routes de la municipalité de Gabès (programme 2026).,22/10/2026 10:00,avis_ao,19,3,Travaux / Construction,Aménagement / Lots / Entretien
20260901544.0,Agence de Réhabilitation et de Rénovation Urbaine,18/09/2026,APPEL D'OFFRES N 79 /2026 Travaux de Réhabilitation Du Quartier Ksar Bardo Dans La Commune de Beja Gouvernorat Beja Programme de Réhabilitation et d'Intégration des Quartiers d'Habitation - 2ème génération,22/10/2026 12:00,avis_ao,19,8,Travaux / Construction,Commune / Réhabilitation / Gouvernorat
20260901542.0,المستشفى العسكري بقابس,18/09/2026,إنجاز أشغال بناء مغازة لحفظ العتاد الطبي والعتاد المشترك بالمستشفى العسكري بقابس,19/10/2026 09:59,avis_ao,16,5,Médical / Santé,بناء / اشغال / بالمستشفى
20260901543.0,Office des Terres Domaniales,18/09/2026,Achat de poussins d'un jour ponte,12/10/2026 09:00,avis_ao,9,1,Construction / Ao / Achat,Construction / Ao / Achat
20260901472.0,Hôpital Régional de Siliana,18/09/2026,التزود بالمواد الغذائية العامة و المواد الاولية لفائدة مطبخ المستشفى الجهوي بسليانة,20/10/2026 08:30,avis_ao,17,4,Médical / Santé,2027 / لسنة / سجن
20260901541.0,Gouvernorat de Gafsa,18/09/2026,أشغال تهيئة مدخل الادارة الجهوية للتجهيز بقفصة,19/10/2026 10:00,avis_ao,16,6,Travaux / Construction,أشغال / تهيئة / إنجاز
20260901540.0,Office des Terres Domaniales,18/09/2026,Achat Poussins d'un jour chair,09/10/2026 09:00,avis_ao,6,1,Construction / Ao / Achat,Construction / Ao / Achat
20260901539.0,Gouvernorat de Kébili,18/09/2026,مواصلة تهيئة قاعة الرياضات الجماعية بقبلي,22/10/2026 10:00,avis_ao,19,6,أشغال / تهيئة / إنجاز,أشغال / تهيئة / إنجاز
20260901480.0,Centre Informatique du Ministère des Finances,18/09/2026,Développement et mise en oeuvre d'une solution logicielle pour la préparation du budget de l'état,20/10/2026 10:00,avis_ao,17,0,Informatique / IT,Mise / Installation / Service
20260901496.0,Office National de l'Assainissement,18/09/2026,"travaux de réhabilitation des réseaux d'assainissement en eaux usées et de stations de pompage dans la Banlieue Sud- ville d'Ezzahra- Gouvernorat de Ben Arous, fourniture, transport et pose de conduites, construction des ouvrages de génie civil et équipements électriques et électromécaniques de stations de pompage.",03/11/2026 10:00,avis_ao,31,8,Travaux / Construction,Commune / Réhabilitation / Gouvernorat
20260901533.0,Gouvernorat de Gafsa,18/09/2026,أشغال تهيئة المركب الشبابي بالمتلوي للمرة 2,09/10/2026 10:00,avis_ao,6,6,Travaux / Construction,أشغال / تهيئة / إنجاز
20260901531.0,Société Tunisienne d'Electricité et de Gaz,18/09/2026,Lot N°1 : Raccordement de la « station de pompage SONEDE SP105 GHEZELA - à partir du nouveau départ HTA 30KV « ROKOB » issu du poste source HTB/HTA TAREF. Lot N°2 : Raccordement de la « stations de pompage SONEDE SP106 GHEZELA à partir de la station de pompageSP105. Lot N°3 : Raccordement des « stations de pompage SONEDE (SP107 et SP108 bezina) » à partir de la station de pompage SP106.,21/10/2026 09:00,avis_ao,18,1,Construction / Ao / Achat,Construction / Ao / Achat
20260901526.0,Commune Sidi Bennour,18/09/2026,Travaux d'aménagement et réhabilitation du voie reliant zone Souani Awled Said au profit de la commune de Sidi Bannour(programme du modernisation des voiries 2026),26/10/2026 10:00,avis_ao,23,8,Travaux / Construction,Commune / Réhabilitation / Gouvernorat
20260901532.0,Commissariat Régional au Développement Agricole de Siliana,18/09/2026,اقتناء معدات اعلامية,19/10/2026 10:00,avis_ao,16,2,اقتناء / لفائدة / معدات,اقتناء / لفائدة / معدات
20260901524.0,Société de Transport du Sahel,18/09/2026,الصفقة الإطارية لاقتناء مصافي لسنوات 2027/2028/2029,22/10/2026 10:00,avis_ao,19,4,2027 / لسنة / سجن,2027 / لسنة / سجن
,Gouvernorat de Kébili,18/09/2026,تهيئة المسكن الوظيفي للسيد الوالي,21/10/2026 10:00,avis_ao,18,6,أشغال / تهيئة / إنجاز,أشغال / تهيئة / إنجاز
20260901515.0,Gouvernorat de Gafsa,18/09/2026,اشغال انجاز خزان ماء صالح للشراب بالمستشفى الجهوي الحسين بوزيان قفصة,19/10/2026 10:00,avis_ao,16,5,Médical / Santé,بناء / اشغال / بالمستشفى
20260901514.0,"Direction Régionale de l'Equipement, de l'Habitat et de l'Aménagement du Territoire de Medenine",18/09/2026,Travaux d'Emplois partiels sur les routes relevant de la direction régionale de l'équipement de Médenine programme 2026,20/10/2026 10:00,avis_ao,17,1,Travaux / Construction,Construction / Ao / Achat
20260901487.0,Centre National des Technologies en Education,18/09/2026,Organisation de formations au profil des cadres et du personnel du CNTE,14/10/2026 10:00,avis_ao,11,1,Construction / Ao / Achat,Construction / Ao / Achat
20260901513.0,Centre de Traumatologie et des Grands Brûles,17/09/2026,Acquisition de mobilier hospitalier et mobilier métallique,09/10/2026 10:00,avis_ao,6,1,Construction / Ao / Achat,Construction / Ao / Achat
20260901512.0,Commissariat Régional au Développement Agricole d'El Kef,17/09/2026,Appel d'offres n° 13/2026 : pour la réalisation de travaux de conservation des eaux et du sol répartis en deux lots : - - Lot n° 1 : 1 000 ha de banquettes mécaniques - - Lot n° 2 : 1 000 ha de banquettes mécaniques,20/10/2026 09:00,avis_ao,17,3,Travaux / Construction,Aménagement / Lots / Entretien
20260901511.0,Commune Sidi Makhlouf,17/09/2026,اشغال صيانة الارصفة و حواشي الطرقات,19/10/2026 11:00,avis_ao,16,5,بناء / اشغال / بالمستشفى,بناء / اشغال / بالمستشفى
20260901510.0,Commissariat Régional au Développement Agricole d'El Kef,17/09/2026,"Marché à procédure simplifiée n° 08/2026 Réalisation des travaux de deux forages (puits profonds), « Ettabia » à Sakiet Sidi Youssef et « Aïn Degga » à El Ksour, en 2 lots:   Lot n° 1 : Puits profond « Et-Tabia » (profondeur de 200 m) dans la délégation de Sakiet Sidi Youssef   Lot n° 2 : Puits profond « Aïn Degga » (profondeur de 250 m) dans la délégation d'El Ksour",20/10/2026 13:00,avis_ao,17,3,Travaux / Construction,Aménagement / Lots / Entretien
20260901508.0,Conseil National des Régions et des Districts,17/09/2026,Acquisition de mobilier au profit du Conseil National des Régions et des Districts,19/10/2026 14:00,avis_ao,16,9,Équipements / Profit / Matériel,Équipements / Profit / Matériel
20260901507.0,Commissariat Régional au Développement Agricole d'El Kef,17/09/2026,"Appel d'offres n° 15/2026 : Acquisition d'équipements au profit d'arrondissement des forêts, en deux lots répartis comme suit : - Lot n° 1 : Acquisition d'un bulldozer sur chenilles. - Lot n° 2 : Acquisition de deux tracteurs et de deux citernes a traction mécanique",19/10/2026 09:00,avis_ao,16,9,Équipements / Profit / Matériel,Équipements / Profit / Matériel
20260901506.0,Hôpital Abderrahmane Mami de Pneumophistiologie,17/09/2026,"Mise à la disposition d'une automate d'hémostase avec acquisition des réactifs, consommables et accessoires",19/10/2026 09:00,avis_ao,16,0,Médical / Santé,Mise / Installation / Service
20260901500.0,Office de la Marine Marchande et des Ports,17/09/2026,ACHEVEMENT DES TRAVAUX DE CONSTRUCTION D'UN ABRI EN CHARPENTE METALLIQUE POUR LES SERVICES DU CONTROLE DOUANIERE AU TERMINAL 7 AU PORT DE LA GOULETTE,27/10/2026 10:00,avis_ao,24,1,Travaux / Construction,Construction / Ao / Achat
20260901499.0,Commune Ghraiba,17/09/2026,"Étude, élaboration et révision d'un modèle de planification urbaine pour la municipalité d'El Ghariba",08/10/2026 10:00,avis_ao,5,1,Construction / Ao / Achat,Construction / Ao / Achat
20260901498.0,Caisse Nationale de la Sécurité Sociale,17/09/2026,ETUDES ET SUIVI DU PROJET DE RENOVATION DE L'INSTALLATION ELECTRIQUE A LA POLICLINIQUE DE LA CNSS A SOUSSE,20/10/2026 12:00,avis_ao,17,1,Médical / Santé,Construction / Ao / Achat
20260600856.0,Caisse Nationale de la Sécurité Sociale,17/09/2026,Acquisition D'Equipements Informatiques,20/10/2026 12:00,avis_ao,17,7,Informatique / IT,Matériels / Informatiques / Transport
20260901495.0,Hôpital Régional Mohamed Ben Sassi - Gabes,17/09/2026,"L'Acquisition, la livraison et l'installation des Equipements et des instruments médicaux pour l'année 2026",07/10/2026 11:00,avis_ao,4,1,Construction / Ao / Achat,Construction / Ao / Achat
20260901494.0,Commune Ettadhamen,17/09/2026,اقتناء وسائل نقل لفائدة بلدية التضامن لسنة 2026,20/10/2026 10:00,avis_ao,17,2,Transport / Véhicules,اقتناء / لفائدة / معدات
20260901493.0,Direction régionale de la santé publique de Gabes,17/09/2026,"Acquisition et installation d'équipements médicaux, de fournitures de bureau et d'appareils électroménagers au profit de la direction régionale de la santé de Gabès.",20/10/2026 10:00,avis_ao,17,9,Fournitures de bureau,Équipements / Profit / Matériel
20260901492.0,Direction régionale de la santé de Gafsa,17/09/2026,مشروع اقتناء وتركيز مولد كهربائي و صيانة المحول الكهربائي وصيانة الشبكة الكهربائية ببعض الأقسام بالمستشفى المحلي ببلخير,07/10/2026 08:00,avis_ao,4,2,Médical / Santé,اقتناء / لفائدة / معدات
20260901488.0,Ministère de la Défense Nationale,17/09/2026,Acquisition des habillements de sport pour les compétitions internationales,22/10/2026 10:00,avis_ao,19,1,Construction / Ao / Achat,Construction / Ao / Achat
20260901478.0,Commune Ghomrassen,17/09/2026,Aménagement d'Entrée Est de la commune de Ghomrassen,19/10/2026 10:00,avis_ao,16,8,Travaux / Construction,Commune / Réhabilitation / Gouvernorat
20260901485.0,Office de Logements des cadres Actifs du Ministère de l'Intérieur,17/09/2026,MARCHE CADRE POUR L'EXECUTION DES TRAVAUX D'ENTRETIEN DES CITES RESIDENTIELLES DE L'O.L.C.A.M.I. SISES AU GRAND TUNIS (2026-2029),19/10/2026 15:00,avis_ao,16,3,Travaux / Construction,Aménagement / Lots / Entretien
20260901484.0,Hôpital des forces de sécurité intérieure à Marsa,17/09/2026,انجاز أشغال عزل اسطح بناية المستشفى,10/10/2026 10:00,avis_ao,7,6,Médical / Santé,أشغال / تهيئة / إنجاز
20260901482.0,Gouvernorat de Tataouine,17/09/2026,استكمال أشغال تعبيد طرقات داخل بلدية تطاوين لسنة 2020 قسط عدد 03 (أعادة),19/10/2026 10:00,avis_ao,16,6,Travaux / Construction,أشغال / تهيئة / إنجاز
20260901481.0,Conseil regional de beja,17/09/2026,تهيئة وتوسعة المبيتات الخاصة بالأحداث بمركز اصلاح الأطفال الجانحين بمجاز الباب - قسط عدد 01,20/10/2026 10:00,avis_ao,17,1,Construction / Ao / Achat,Construction / Ao / Achat
20260901476.0,السجن المدني ببنزرت,17/09/2026,تزويد سجن بنزرت بالمواد الغذائية العامة لسنة 2027,20/10/2026 10:00,avis_ao,17,4,2027 / لسنة / سجن,2027 / لسنة / سجن
20260901475.0,Office de la Marine Marchande et des Ports,17/09/2026,"ACQUISITION, INSTALLATION ET MISE EN EXPLOITATION D'UN SYSTEME CENTRALISE DE POINTAGE BIOMETRIQUE PAR EMPREINTE DIGITALE ET D'UN SYSTEME DE VIDEOSURVEILLANCE A L'OFFICE DE LA MARINE MARCHANDE ET DES PORTS",02/11/2026 10:00,avis_ao,30,0,Mise / Installation / Service,Mise / Installation / Service
20260901430.0,Commissariat régional de l'éducation de Sidi Bouzid,17/09/2026,TRAVAUX D'EXTENSION AUX ECOLES PREPARATOIRES A SIDI BOUZID,20/10/2026 09:30,avis_ao,17,1,Travaux / Construction,Construction / Ao / Achat
20260901469.0,"Direction Régionale de l'Equipement, de l'Habitat et de l'Aménagement du Territoire de Gabès",17/09/2026,Travaux de confortement de stabilité des routes classées dans le gouvernorat de Gabes - lot 2 travaux de confortement de la stabilité de la route RL 958 au PK 8+300 dans la délégation de Matmata - gouvernorat de Gabes,20/10/2026 09:30,avis_ao,17,3,Travaux / Construction,Aménagement / Lots / Entretien
20260901468.0,Direction régionale des affaires sociales Siliana,17/09/2026,اقتناء أغنام من السلالة العربي أو الغربي أو الشركي في إطار بعث مشاريع لفائدة الإدارة الجهوية للشؤون الاجتماعية بسليانة (قسم النهوض الاجتماعي) لسنة 2026,08/10/2026 10:00,avis_ao,5,2,اقتناء / لفائدة / معدات,اقتناء / لفائدة / معدات
20260901467.0,Direction régional de santé Sfax,17/09/2026,TRAVAUX DE MISE A NIVEAU DES CENTRALES ET DES RESAUX DE DISTRIBUTION DES FLUIDES MEDICAUX A L'HOPITAL REGIONAL DE KERKENNAH,19/10/2026 10:00,avis_ao,16,0,Médical / Santé,Mise / Installation / Service
20260901446.0,Hôpital Razi de Manouba,17/09/2026,"la fourniture, l'installation, la configuration et la mise en œuvre d'un Holter EEG pour le service de Neurologie",19/10/2026 10:00,avis_ao,16,0,Mise / Installation / Service,Mise / Installation / Service
20260901462.0,Hôpital Hédi Chaker Sfax,17/09/2026,الفصول الغير مثمرة لطلب العروض عدد 16/2026 المتعلق باقتناء مستلزمات مخبرية لفائدة المستشفى الجامعي الهادي شاكر بصفاقس,19/10/2026 10:00,avis_ao,16,2,Médical / Santé,اقتناء / لفائدة / معدات
20260901459.0,Société Tunisienne de Sucre,17/09/2026,ELABORATION ET MISE EN ŒUVRE D'UN PLAN DE RESTRUCTURATION ET DE SUIVI POUR LA STS,20/10/2026 10:00,avis_ao,17,0,Mise / Installation / Service,Mise / Installation / Service
20260901391.0,Agence Technique des Transports Terrestres,17/09/2026,Matériels et logiciels Data center,19/10/2026 09:00,avis_ao,16,7,Informatique / IT,Matériels / Informatiques / Transport
20260901458.0,Société de Transport du Sahel,17/09/2026,اقتناء منظومة متكاملة لخزن وتوزيع ومتابعة المازوط,20/10/2026 10:00,avis_ao,17,2,اقتناء / لفائدة / معدات,اقتناء / لفائدة / معدات
20260901457.0,Université de la Manouba,17/09/2026,acquisition d'équipements informatiques et scientifiques dans le cadre du Projet ERASMUS+ EQUALCity au profit de l'École Supérieure des Sciences et Technologies de Design,19/10/2026 10:00,avis_ao,16,9,Informatique / IT,Équipements / Profit / Matériel
20260901456.0,"Ministère de l'Equipement, l'habitat et l'aménagement du territoire",16/09/2026,"Préparation de l'audit annuel de conformité environnementale et sociale relatif au Projet d'Appui à la Connectivité Routière (PACR) –Liaison permanente entre l'Autoroute A4 et la ville de Bizerte (Pont de Bizerte) pour les années 2026, 2027 et 2028.",22/10/2026 09:00,avis_ao,19,4,2027 / لسنة / سجن,2027 / لسنة / سجن
20260901454.0,Centre Informatique du Ministère des Finances,16/09/2026,"Acquisition, installation et mise en service d'équipements informatiques",19/10/2026 10:00,avis_ao,16,0,Informatique / IT,Mise / Installation / Service
20260901453.0,Institut Supérieur des Etudes Touristique de Sidi Dhrif,16/09/2026,طلب عروض عـدد 2026/06 أشغال تهيئة المعهد العالي لدراسات السياحية و الفندقية بسيدي الظريف,09/10/2026 10:00,avis_ao,6,6,Travaux / Construction,أشغال / تهيئة / إنجاز
20260901411.0,Société Régionale de Transport Gouvernorat de Médenine,16/09/2026,fourniture des tenues de travail,19/10/2026 16:00,avis_ao,16,1,Construction / Ao / Achat,Construction / Ao / Achat
20260901452.0,Institut Supérieur des Etudes Touristique de Sidi Dhrif,16/09/2026,طلب عروض عدد 01-2027 صفقة وفقا للإجراءات المبسّطة للتزويد المعهد العالي لدراسات السياحية و الفندقية بسيدي ظريف بالمواد الغذائية العامة لسنة 2027,12/10/2026 10:00,avis_ao,9,4,2027 / لسنة / سجن,2027 / لسنة / سجن
20260901451.0,Commune el haouaria,16/09/2026,voiries,20/10/2026 10:00,avis_ao,17,1,Construction / Ao / Achat,Construction / Ao / Achat
20260901450.0,Agence de Mise en Valeur du Patrimoine et de la Promotion Culturelle,16/09/2026,Acquisition de matériel de transport au profit de l'AMVPPC,16/10/2026 10:00,avis_ao,13,9,Transport / Véhicules,Équipements / Profit / Matériel
20260901449.0,Conseil Régional du gouvernorat de Mednine,16/09/2026,اشغال تهيئة قاعة الرياضة بمدنين,20/10/2026 09:30,avis_ao,17,5,بناء / اشغال / بالمستشفى,بناء / اشغال / بالمستشفى
20260901448.0,Présidence de la République,16/09/2026,Acquisition et installation d'équipements de restauration au profit de la Présidence de la République au titre de l'année 2026,16/10/2026 10:00,avis_ao,13,9,Équipements / Profit / Matériel,Équipements / Profit / Matériel
20260901447.0,Prison de jendouba,16/09/2026,تزويد سجن جندوبة بالمواد الغذائية العامة لسنة 2027,22/10/2026 10:00,avis_ao,19,4,2027 / لسنة / سجن,2027 / لسنة / سجن
20260901445.0,Faculté des Sciences de Sfax,16/09/2026,Acquisition matériels informatiques,19/10/2026 11:00,avis_ao,16,7,Informatique / IT,Matériels / Informatiques / Transport
20260800144.0,Commune el haouaria,16/09/2026,construction d' un marché municipale,20/10/2026 10:00,avis_ao,17,1,Travaux / Construction,Construction / Ao / Achat
20260901443.0,Société Nationale d'Exploitation et de Distribution des Eaux,16/09/2026,"AO 62-2026 Fourniture en rendu jusqu'aux différents parcs de la SO.N.E.D.E sis à Sousse, Mégrine, Sfax et Tunis pour les soumissionnaires résidents en Tunisie et en CFR (incoterm 2020) dans l'un des ports de Tunis pour les soumissionnaires non résidents en Tunisie de colliers de prise en charge de diamètre ≤ 63 mm pour tubes en polyéthylène et de bouches à clé,",20/10/2026 09:00,avis_ao,17,1,Construction / Ao / Achat,Construction / Ao / Achat
20260901444.0,Prison monastir,16/09/2026,طلب عروض عدد 01/2026لاقتناء مواد غذائية عامة لفائدة سجن المنستير لسنة 2027,21/10/2026 09:00,avis_ao,18,4,2027 / لسنة / سجن,2027 / لسنة / سجن
20260901442.0,Société Tunisienne de Sidérurgie ELFOULADH,16/09/2026,L'acquisition d'un tableau électrique MT,22/10/2026 11:00,avis_ao,19,1,Construction / Ao / Achat,Construction / Ao / Achat
20260901434.0,Office de la Topographie et du Cadastre,16/09/2026,Acquisition et Installation d'un Massicot,16/10/2026 10:00,avis_ao,13,0,Mise / Installation / Service,Mise / Installation / Service
20260901435.0,Instance nationale de l'accréditation en santé,16/09/2026,Acquisition de matériels et licence informatiques,16/10/2026 12:00,avis_ao,13,7,Informatique / IT,Matériels / Informatiques / Transport
20260901433.0,مجمع الصحة الأساسية بالمهدية,16/09/2026,13-2026 أشغال توسعة قسم طب الاسنان بالمستشفى الجامعي الطاهر صفر بالمهدية,20/10/2026 10:00,avis_ao,17,5,Médical / Santé,بناء / اشغال / بالمستشفى
20260901431.0,Etablissement FIDAA,16/09/2026,أشغال تهيئة مؤسسة فداء,06/10/2026 12:00,avis_ao,3,6,Travaux / Construction,أشغال / تهيئة / إنجاز
20260901432.0,Observatoire National pour la lutte contre la violence à l'égard des femmes,16/09/2026,"Réalisation d'une étude par des experts nationaux sur : La violence cybernétique à l'encontre des femmes et des filles en Tunisie : réalité, défis et mécanismes de protection",05/10/2026 10:00,avis_ao,2,1,Construction / Ao / Achat,Construction / Ao / Achat
20260901417.0,Société Tunisienne d'Electricité et de Gaz,16/09/2026,Travaux d'alimentation en gaz naturel de la zone industrielle Hached - Bouargoub,22/10/2026 09:00,avis_ao,19,1,Travaux / Construction,Construction / Ao / Achat
20260901416.0,Présidence de la République,16/09/2026,"Prestation de services d'organisation de réceptions, de déjeuners et de dîners officiels pour le compte de la présidence de la République au titre de l'année 2027.",16/10/2026 10:00,avis_ao,13,4,2027 / لسنة / سجن,2027 / لسنة / سجن
20260901365.0,Commissariat régional de l'éducation de Sidi Bouzid,16/09/2026,Travaux de réhabilitation de l'école primaire BIR EL HAFFEY 1 ꞉ démolition et reconstruction d'un mur de clôture,19/10/2026 09:30,avis_ao,16,8,Travaux / Construction,Commune / Réhabilitation / Gouvernorat
20260901413.0,Commissariat régional de l'éducation de l'Ariana,16/09/2026,Travaux d'aménagement et d'extensions aux écoles primaires à l'Ariana,22/10/2026 09:30,avis_ao,19,3,Travaux / Construction,Aménagement / Lots / Entretien
20260901414.0,Commissariat Régional au Développement Agricole de Sousse,16/09/2026,انجاز اشغال اصلاح وحدات قبيونية بمعتمدية بوفيشة و مصاطب ميكانيكية بمعتمدية النفيضة,19/10/2026 10:00,avis_ao,16,5,بناء / اشغال / بالمستشفى,بناء / اشغال / بالمستشفى
20260901412.0,Prison Civile De Sfax,16/09/2026,تزويد سجن صفاقس بالمواد الغذائيّة لسنة 2027,16/10/2026 09:00,avis_ao,13,4,2027 / لسنة / سجن,2027 / لسنة / سجن
20260901353.0,Groupe Chimique Tunisien,16/09/2026,"Fourniture de 15 lots de pompes et Motopompes centrifuges pour eaux et condensats pour les usines à Gabès, Skhira et M'dhilla du Groupe Chimique Tunisien",18/11/2026 08:30,avis_ao,46,3,Aménagement / Lots / Entretien,Aménagement / Lots / Entretien
20260901396.0,Office de l'Aviation Civile et des Aéroports,15/09/2026,NETTOYAGE DES GAINES AERAULIQUES ET FOURNITURE DES FILTRES,20/10/2026 10:00,avis_ao,17,1,Nettoyage / Entretien,Construction / Ao / Achat
20260901395.0,Institut National de Nutrition et de Technologies Alimentaires,15/09/2026,approvisionnement en produits alimentaires,06/10/2026 10:00,avis_ao,3,1,Construction / Ao / Achat,Construction / Ao / Achat
20260901394.0,Conseil Régional du gouvernorat de Mednine,15/09/2026,اشغال تهيئة السجن المدني بحربوب (للمرة الخامسة),16/10/2026 09:30,avis_ao,13,5,بناء / اشغال / بالمستشفى,بناء / اشغال / بالمستشفى
20260901393.0,Prison civile de Nadhour,15/09/2026,تزويد سجن الناظور بالمواد الغذائية العامة لسنة 2027,16/10/2026 10:30,avis_ao,13,4,2027 / لسنة / سجن,2027 / لسنة / سجن
20260901392.0,Hôpital La Rabta de Tunis,15/09/2026,ACQUISITION DE MOBILIER DE BUREAU POUR DIVERS SERVICES DE CHU LA RABTA,16/10/2026 09:00,avis_ao,13,1,Construction / Ao / Achat,Construction / Ao / Achat
20260901360.0,Hôpital régional de Sidi Bouzid,15/09/2026,اقتناء مستلزمات ومتممات طبية لقسم الصيدلية لسنة 2027,16/10/2026 10:00,avis_ao,13,4,Médical / Santé,2027 / لسنة / سجن
20260901386.0,Commune Sidi Zid-Ouled Moulahem,15/09/2026,PROJET DE REVETEMENT DES ROUTES DE LA COMMUNE DE SIDI ZID OULED MOULAHEM PROGRAMME 2026,17/10/2026 10:00,avis_ao,14,8,Commune / Réhabilitation / Gouvernorat,Commune / Réhabilitation / Gouvernorat
20260901286.0,Hôpital Régional du Kef,15/09/2026,acquisition accessoires et réactifs pour sce labo année 2027,14/10/2026 12:00,avis_ao,11,4,Médical / Santé,2027 / لسنة / سجن
20260901285.0,Hôpital Régional du Kef,15/09/2026,acquisition divers consommables et filtres hemodialyse 2027,14/10/2026 10:00,avis_ao,11,4,2027 / لسنة / سجن,2027 / لسنة / سجن
20260700880.0,Ministère de la Défense Nationale,15/09/2026,أشغال تجديد بيوت تبريد لفائدة وزارة الدفاع الوطني,16/10/2026 10:00,avis_ao,13,6,Travaux / Construction,أشغال / تهيئة / إنجاز
20260901379.0,Université de Sfax,15/09/2026,ACQUISITION DE MATERIELS SCIENTIFIQUES AU PROFIT DE L'Institut préparatoire aux études d'ingénierie de Sfax Et de l'Institut supérieur de gestion industrielle de Sfax.,14/10/2026 10:00,avis_ao,11,1,Construction / Ao / Achat,Construction / Ao / Achat
20260805147.0,Ecole de l'aviation de Borj El Amri,15/09/2026,Fourniture et pose et mise en marche d'un Laboratoire de Langue anglaise,16/10/2026 10:00,avis_ao,13,0,Médical / Santé,Mise / Installation / Service
20260901378.0,Gouvernorat de Kébili,15/09/2026,بناء القسط الثاني من المكتبة الجهوية بقبلي,20/10/2026 10:30,avis_ao,17,5,Travaux / Construction,بناء / اشغال / بالمستشفى
20260901376.0,PRISON CIVIL MAHDIA,15/09/2026,اقتناء مواد غذائية عامة لفائدة سجن المهدية لسنة 2027,16/10/2026 10:00,avis_ao,13,4,2027 / لسنة / سجن,2027 / لسنة / سجن
20260901377.0,Gouvernorat de Kébili,15/09/2026,اقتناء ونقل مواد بناء لفائدة منتفعي برنامج تحسين المسكن بمعتمديتي الفوار ورجيم معتوق (144 منتفعا- برنامج 2023),20/10/2026 10:00,avis_ao,17,2,Travaux / Construction,اقتناء / لفائدة / معدات
20260901374.0,Commune Midoun Djerba,15/09/2026,aménagement de l'espace limitrophe du stade municipal de Midoun (2éme fois),15/10/2026 10:00,avis_ao,12,3,Travaux / Construction,Aménagement / Lots / Entretien
20260901373.0,Gouvernorat de Kébili,15/09/2026,بناء مركز التربية والتأهيل الخاص بالقاصرين عن الحركة العضوية بدوز- قبلي,19/10/2026 10:30,avis_ao,16,5,Travaux / Construction,بناء / اشغال / بالمستشفى
20260901372.0,Gouvernorat de Kébili,15/09/2026,احداث وحدة نهارية للعلاج الكيميائي بالمستشفى الجهوي بقبلي,19/10/2026 10:00,avis_ao,16,5,Médical / Santé,بناء / اشغال / بالمستشفى
20260901364.0,Commissariat Régional au Développement Agricole de Gabès,15/09/2026,Acquisition des pièces de rechange pour le matériel roulant du CRDA de Gabès au titre de l'année 2026 en quatre lots,06/10/2026 10:00,avis_ao,3,3,Aménagement / Lots / Entretien,Aménagement / Lots / Entretien
20260901362.0,Commissariat Régional au Développement Agricole de Gabès,15/09/2026,Création de deux forages de remplacement en deux lots,19/10/2026 10:00,avis_ao,16,3,Aménagement / Lots / Entretien,Aménagement / Lots / Entretien
20260901369.0,Société Nationale du Transport Inter-Urbain,15/09/2026,Acquisition 3 boites à vitesse pour autocar volvo B11R,19/10/2026 10:00,avis_ao,16,1,Construction / Ao / Achat,Construction / Ao / Achat
20260901368.0,Commune Ghomrassen,15/09/2026,Acquisition d'équipements de nettoyage et des routes,16/10/2026 10:00,avis_ao,13,9,Nettoyage / Entretien,Équipements / Profit / Matériel
20260901367.0,Conseil régional de siliana,15/09/2026,إتمام انجاز اشغال إزالة المساكن البدائيةو تعويضها بمساكن جديدة في اطار البرنامج الخصوصي للسكن الاجتماعي لسنة 2012 موزعة على قسطين عدد 11 و 12بمعتمدية بوعرادة من ولاية سليانة,16/10/2026 09:00,avis_ao,13,5,بناء / اشغال / بالمستشفى,بناء / اشغال / بالمستشفى
20260901366.0,Commissariat Régional au Développement Agricole de Tataouine,15/09/2026,طلب عروض عـدد 22/2026 (إجراءات مبسطة): أشغال تعهد وصيانة وتعلية السياج الخارجي للمحمية الطبيعية بوادي دكوك بمعتمدية تطاوين الجنوبية,16/10/2026 10:00,avis_ao,13,6,Médical / Santé,أشغال / تهيئة / إنجاز
20260901292.0,Ministère de la Défense Nationale,15/09/2026,Acquisition des équipements informatiques,16/10/2026 10:00,avis_ao,13,7,Informatique / IT,Matériels / Informatiques / Transport
20260901363.0,Commune de Médenine,15/09/2026,Travaux d'aménagement et réhabilitation des routes dans le territoire de la commune de Médenine pour la deuxième fois,16/10/2026 10:00,avis_ao,13,8,Travaux / Construction,Commune / Réhabilitation / Gouvernorat
20260901297.0,Commissariat régional de l'éducation de Sidi Bouzid,15/09/2026,Travaux de construction d'une clôture à l'école Primaire AL KHCHAM Délégation SAIDA,16/10/2026 09:30,avis_ao,13,1,Travaux / Construction,Construction / Ao / Achat
20260901350.0,Université de la Manouba,14/09/2026,Travaux de restauration de l'Espace Hayet,14/10/2026 10:00,avis_ao,11,1,Travaux / Construction,Construction / Ao / Achat
20260901349.0,Hôpital Régional de Menzel Bourguiba,14/09/2026,ACQUISITION ANALYSES MEDICALES AVEC MAD AUTOMATES D'HEMOSTASE POUR LE LABO,19/10/2026 10:00,avis_ao,16,1,Médical / Santé,Construction / Ao / Achat
20260901347.0,Hôpital La Rabta de Tunis,14/09/2026,Acquisition des dispositifs médical pour le service de cardiologie pédiatrique au CHU LA RABTA,16/10/2026 09:00,avis_ao,13,0,Médical / Santé,Mise / Installation / Service
20260901339.0,Prison Houareb,14/09/2026,طلب عروض عدد 01 /2027 للتزود بالمواد الغذائية العامة لفائدة سجن الهوارب بعنوان سنة 2027,14/10/2026 09:00,avis_ao,11,4,2027 / لسنة / سجن,2027 / لسنة / سجن
20260901338.0,Pharmacie Centrale de Tunisie,14/09/2026,acquisition d'équipements de manutention,16/10/2026 09:00,avis_ao,13,9,Équipements / Profit / Matériel,Équipements / Profit / Matériel
20260901333.0,Prison civile Messaadine,14/09/2026,طلب عروض عدد 01/2026 لإقتناء مواد غذائية عامة لسنة 2027 لفائدة السجن المدني بالمسعدين,13/10/2026 08:00,avis_ao,10,4,2027 / لسنة / سجن,2027 / لسنة / سجن
20260901332.0,Manufacture des Tabacs de Kairouan,14/09/2026,Acquisition de licorice en poudre,20/10/2026 10:00,avis_ao,17,1,Construction / Ao / Achat,Construction / Ao / Achat
20260901331.0,Groupe Chimique Tunisien,14/09/2026,GFI2610058 Fourniture de pièces de rechange pour ventilateur de l'aérocondenseur pour l'usine Ammonitrate du GCT à Gbaès,27/10/2026 08:30,avis_ao,24,1,Construction / Ao / Achat,Construction / Ao / Achat
20260901321.0,Société Nationale d'Exploitation et de Distribution des Eaux,14/09/2026,"AO 60-2026 Fourniture et la livraison dans les parcs de la SONEDE ( à Sousse ou dans un rayon de 50 km de cette ville) de robinetterie et accessoires nécessaires aux projets 1- Alimentation en eau potable du lotissement El Mansoura Réseau Extra- Muros (Gouvernorat de Kairouan). 2- Alimentation en eau potable du technopôle, de la 2ème tranche de la zone industrielle et de la zone de textile de finition de Monastir (phase 1). 3- Renforcement de l'adduction des eaux du nord reliant BC3 Ezzouhour et les réservoirs de Harkoussia (phase 1). 4- Amélioration de l'alimentation en eau potable de la région d'Oued Béja Sidi Ali Ghedir de la délégation Sidi Alouane (Gouvernorat de Mahdia) 5- Alimentation en eau potable du poste frontalier Haidra (Gouvernorat de Kasserine)",20/10/2026 09:00,avis_ao,17,1,Construction / Ao / Achat,Construction / Ao / Achat
20260901324.0,مجمع الصحة الأساسية بالمهدية,14/09/2026,"12-2026 Acquisition des produits consommables ,Appareillages et instrumentation pour Sce dentaire Hôpital Tahar Sfar Mahdia",16/10/2026 10:00,avis_ao,13,1,Médical / Santé,Construction / Ao / Achat
20260901319.0,Groupe Chimique Tunisien,14/09/2026,GFI2610062 Fourniture de trois lots de pièces de rechange pour les échangeurs thermiques des usines du GCT à Gabès,27/10/2026 08:30,avis_ao,24,3,Aménagement / Lots / Entretien,Aménagement / Lots / Entretien
20260901318.0,Commissariat régional de l'éducation de Gafsa,14/09/2026,Travaux de Réaménagement des blocs sanitaires à l'école préparatoire Sidi-Aich à Gafsa -Pour la deuxième fois,16/10/2026 09:30,avis_ao,13,1,Médical / Santé,Construction / Ao / Achat
20260901317.0,مجمع الصحة الأساسية بالمهدية,14/09/2026,11-2026 Acquisition d'une Automate d'hémoculture,14/10/2026 10:00,avis_ao,11,1,Construction / Ao / Achat,Construction / Ao / Achat
20260901316.0,Prison harbou Mednine,14/09/2026,طلب عروض عدد01 /2027 للتزود بالمواد الغذائية لقائدة سجن حربوب لسنة 2027,15/10/2026 10:00,avis_ao,12,4,2027 / لسنة / سجن,2027 / لسنة / سجن
20260901298.0,Prison Kairouan,14/09/2026,اقتناء مواد غذائية عامة لفائدة سجن القيروان,14/10/2026 10:00,avis_ao,11,2,اقتناء / لفائدة / معدات,اقتناء / لفائدة / معدات
20260901296.0,Prison Sawef,14/09/2026,Appel d'offres pour l'achat de denrées alimentaires destinées à la prison de Sawaf pour toute l'année 2027,02/11/2026 11:00,avis_ao,30,4,2027 / لسنة / سجن,2027 / لسنة / سجن
20260901278.0,Conseil National des Régions et des Districts,11/09/2026,"Acquisition de mobilier et éléments d'agencement au profit du centre de recherches, d'études et de documentation au Conseil National des Régions et des Districts",13/10/2026 14:00,avis_ao,10,9,Équipements / Profit / Matériel,Équipements / Profit / Matériel
20260901277.0,Groupe Chimique Tunisien,11/09/2026,GEI2620121 :Fourniture de 500 tonnes de collecteur d'impureté de l'Acide Phosphorique pour l'usine Acide Phosphorique du GCT à Gabès,28/10/2026 08:30,avis_ao,25,1,Construction / Ao / Achat,Construction / Ao / Achat
20260901276.0,Commune de Denden,11/09/2026,مراجعة مثال التهيئة العمرانية بالدندان,15/10/2026 10:00,avis_ao,12,1,Construction / Ao / Achat,Construction / Ao / Achat
20260901275.0,Commune El Hencha,11/09/2026,Travaux de drainage des eaux pluviales sur la route hbib bourguiba à la commune El Hencha,12/10/2026 10:00,avis_ao,9,8,Travaux / Construction,Commune / Réhabilitation / Gouvernorat
20260901274.0,Ministère de la Santé,11/09/2026,projet de construction d'un centre national de radioprotection à Tunis – Lot : Unique,12/10/2026 10:00,avis_ao,9,1,Travaux / Construction,Construction / Ao / Achat
20260901273.0,Agence de Réhabilitation et de Rénovation Urbaine,11/09/2026,APPEL D'OFFRES N°78/2026 TRAVAUX DE REHABILITATION DU QUARTIER HJAR AMOR A BEJA GOUVERNORAT DE BEJA Programme Spécifique de Réhabilitation des Quartiers Populaires pour la Réduction des Disparités Régionales,19/10/2026 12:00,avis_ao,16,8,Travaux / Construction,Commune / Réhabilitation / Gouvernorat
20260901271.0,Mairie de Tunis,11/09/2026,"Travaux de maintenance, de réparation et de mise à niveau des carrefours à feux de signalisation lumineuse dans la ville de Tunis",13/10/2026 10:00,avis_ao,10,0,Travaux / Construction,Mise / Installation / Service
20260901270.0,Agence de Réhabilitation et de Rénovation Urbaine,11/09/2026,APPEL D'OFFRES N°77/2026 TRAVAUX D'ECLAIRAGE PUBLIC AU QUARTIER MARKEZ GADDOUR A LA COMMUNE DE SFAX - GOUVERNORAT DE SFAX Programme de Réhabilitation et d'Intégration des Quartiers d'Habitation - 2ème génération,14/10/2026 12:00,avis_ao,11,8,Travaux / Construction,Commune / Réhabilitation / Gouvernorat
20260901255.0,Ministère de la Santé,11/09/2026,Acquisition de meuble de bureau,12/10/2026 10:00,avis_ao,9,1,Construction / Ao / Achat,Construction / Ao / Achat
20260901256.0,Mairie de Tunis,11/09/2026,Acquisition de mobiliers de bureaux,13/10/2026 11:00,avis_ao,10,1,Construction / Ao / Achat,Construction / Ao / Achat
20260901253.0,Commune de Morneguia,11/09/2026,اقتناء معدات النظافة والطرقات عدد 1 شاحنة قالبة حمولة 3.5 طن,08/10/2026 10:00,avis_ao,5,2,اقتناء / لفائدة / معدات,اقتناء / لفائدة / معدات
20260901252.0,Office de l'Elevage et des Pâturages,11/09/2026,achat 11 tonne lait en poudre,26/10/2026 10:00,avis_ao,23,1,Construction / Ao / Achat,Construction / Ao / Achat
20260901248.0,Université de sousse,11/09/2026,Acquisition de matériel informatique au profit des établissements relevant de l'Université de Sousse,13/10/2026 10:00,avis_ao,10,9,Informatique / IT,Équipements / Profit / Matériel
20260901250.0,Commissariat Régional au Développement Agricole de Jendouba,11/09/2026,Travaux du Curage des fossés et des canaux de drainage dans PPI de Jendouba,09/10/2026 10:00,avis_ao,6,1,Travaux / Construction,Construction / Ao / Achat
20260901249.0,Conseil Régional de Tunis,11/09/2026,acquisition des produits alimentaires pour les restaurants du Ministère de L'Intérieur,16/10/2026 10:00,avis_ao,13,1,Construction / Ao / Achat,Construction / Ao / Achat
20260901247.0,Institut Supérieur Agronomique de Chott Mériem,11/09/2026,"Fourniture, Installation et mise en marche d'une chambre climatisée pour l'élevage des insectes",12/10/2026 10:00,avis_ao,9,0,Mise / Installation / Service,Mise / Installation / Service
20260901245.0,Commissariat Régional au Développement Agricole de Jendouba,11/09/2026,Travaux de maintenance des stations de pompage dans les PPI de Jendouba,08/10/2026 10:00,avis_ao,5,1,Travaux / Construction,Construction / Ao / Achat
20260901243.0,Commune d'Oued Ellil,11/09/2026,services de collecte et d'enlèvement des déchets ménagers et similaires dans les zones GOBBA ET SANHEJA pour l'année 2027,12/10/2026 10:00,avis_ao,9,4,2027 / لسنة / سجن,2027 / لسنة / سجن
20260901238.0,Société Tunisienne d'Electricité et de Gaz,11/09/2026,"Acquisition de jonctions pour câbles souterrains Haute Tension 90 kV, 150 kV et 225 kV.",21/10/2026 09:00,avis_ao,18,1,Construction / Ao / Achat,Construction / Ao / Achat
20260901244.0,Mairie de Tunis,11/09/2026,Travaux de réhabilitation de la voirie de quelques rues aux divers arrondissements la ville de Tunis - Lot 3,14/10/2026 10:00,avis_ao,11,8,Travaux / Construction,Commune / Réhabilitation / Gouvernorat
20260901241.0,Commune de Ksar Hellal,11/09/2026,La collecte et le transport des déchets ménagers à Ksar Hellal,12/10/2026 10:00,avis_ao,9,7,Transport / Véhicules,Matériels / Informatiques / Transport
20260901242.0,Office National de l'Assainissement,11/09/2026,"l'exploitation, l'entretien et la maintenance d'une partie de l'infrastructure de l'assainissement.",13/10/2026 11:00,avis_ao,10,1,Nettoyage / Entretien,Construction / Ao / Achat
20260901239.0,Commissariat Régional au Développement Agricole de Jendouba,11/09/2026,Travaux de construction des ouvrages de protection en gabion et corrections de ravins dans le Gouvernorat de Jendouba,12/10/2026 10:00,avis_ao,9,1,Travaux / Construction,Construction / Ao / Achat
20260901237.0,Ministère des finances,11/09/2026,اقتناء أثاث مكاتب,12/10/2026 10:00,avis_ao,9,2,اقتناء / لفائدة / معدات,اقتناء / لفائدة / معدات
20260901236.0,"Ministère de l'Equipement, l'habitat et l'aménagement du territoire",11/09/2026,Etudes de réparation des dégâts des tempêtes enregistrée le mois du Janvier 2026 sur des tronçons du littoral Tunisien en trois (03) lots : Lot N°3 : Zone Arsenal à Mahdia,13/10/2026 09:30,avis_ao,10,3,Aménagement / Lots / Entretien,Aménagement / Lots / Entretien
20260901050.0,"Ministère de l'Equipement, l'habitat et l'aménagement du territoire",11/09/2026,Achèvement des Travaux de protection contre les inondations de la ville de Kasserine,12/10/2026 09:00,avis_ao,9,1,Travaux / Construction,Construction / Ao / Achat
20260901071.0,Commissariat Régional au Développement Agricole de Kasserine,11/09/2026,Taille et coupe des raquettes à la base de l'arbuste de figuier de barbarie pour la deuxième fois à la délégation de Ayoun (AO 35/2025 lot n°2 ),13/10/2026 09:30,avis_ao,10,1,Construction / Ao / Achat,Construction / Ao / Achat
20260901073.0,Commissariat Régional au Développement Agricole de Kasserine,11/09/2026,Acquisition des pièges à phéromones pour scolytes,12/10/2026 09:30,avis_ao,9,1,Construction / Ao / Achat,Construction / Ao / Achat
20260901234.0,Conseil régional de Sidi Bouzid,11/09/2026,"PROJET DE DEMOLITION ET RECONSTRUCTION DU CENTRE DE SANTÉ DE BASE TYPE 02 DHOUIBET OULED HAFFOUZ,",13/10/2026 10:00,avis_ao,10,1,Travaux / Construction,Construction / Ao / Achat
20260901232.0,Agence des Ports et des Installations de la Pêche,11/09/2026,Acquisition et mise en service d'un moteur thermique pour portique GH 250 T au port de pèche de Gabes,12/10/2026 10:30,avis_ao,9,0,Mise / Installation / Service,Mise / Installation / Service
20260901233.0,Commune de Menzel Temime,11/09/2026,إنجاز اشغال لاصلاح الطرقات لبعض الأنهج ببلدية منزل تميم,13/10/2026 10:00,avis_ao,10,5,بناء / اشغال / بالمستشفى,بناء / اشغال / بالمستشفى
20260901229.0,Commissariat Régional au Développement Agricole de Béja,11/09/2026,إقتناء آلة كاسحة (BULLDOZER SUR CHENILLES) بعنوان سنة 2026 لفائدة المندوبية الجهوية للتنمية الفلاحية بباجة,13/10/2026 10:00,avis_ao,10,10,Agriculture,إقتناء / تجهيزات / بعنوان
20260901228.0,Agence Tunisienne de la Formation Professionnelle,11/09/2026,Choix d'une entreprise de bâtiment pour la réalisation des travaux d'aménagement de l'unité d'hébergement de Gammarth. (Procédure simplifiée) de la spécialité B0 - catégorie 1 au minimum,13/10/2026 10:00,avis_ao,10,3,Travaux / Construction,Aménagement / Lots / Entretien
20260901227.0,"Direction Régionale de l'Equipement, de l'Habitat et de l'Aménagement du Territoire de Jendouba",11/09/2026,أشغال تنظيف الخنادق والمنشآت المائية وتشذيب الأشجار بولاية جندوبة,12/10/2026 10:00,avis_ao,9,6,Travaux / Construction,أشغال / تهيئة / إنجاز
20260901225.0,Commune souk jedid,11/09/2026,"L'ACQUISITION ET LA MISE EN PLACE D'UNE APPLICATION DE PREPARATION ET ANALYSE DU BUDGET ET D'UNE APPLICATION DE GESTION DE LA TCL, L'OPVP, LES TP AINSI QUE LE RECENSEMENT DES LOCAUX OUVERTS AU PUBLIC ET DES LOCAUX OBJETS DE LA TAXE SUR LES IMMEUBLES BATIS (TIB) ET LEUR INSERTION SUR LE LOGICIEL GRB DE LA COMMUNE DE SOUK JEDID",13/10/2026 10:00,avis_ao,10,0,Informatique / IT,Mise / Installation / Service
20260901224.0,Commissariat régional de l'éducation de Mahdia,11/09/2026,"réaménagement, entretient et construction d'un bloc sanitaire, un bloc préparatoire et un réfectoire à l'école primaire Ksesba délégation Souassi",12/10/2026 10:00,avis_ao,9,1,Médical / Santé,Construction / Ao / Achat
20260901223.0,Imprimerie officielle de la république tunisienne,11/09/2026,20260100991-00 - Souscription contrats d'assurance pour les années 2027-2028 & 2029,19/10/2026 10:00,avis_ao,16,4,2027 / لسنة / سجن,2027 / لسنة / سجن
20260901222.0,Institut Salah Azaïez,11/09/2026,AMENAGEMENT ET MISE EN CONFORMITE SALLE SERVEUR,14/10/2026 10:00,avis_ao,11,0,Travaux / Construction,Mise / Installation / Service
20260901220.0,Commissariat régional de l'éducation de Bizerte,11/09/2026,travaux de démolition et reconstruction de la clôture de l'école primaire la pecherie bizerte sud,12/10/2026 10:00,avis_ao,9,1,Travaux / Construction,Construction / Ao / Achat
20260901219.0,ACADEMIE MILITAIRE,10/09/2026,Acquisition des équipement de musculation,12/10/2026 10:00,avis_ao,9,1,Construction / Ao / Achat,Construction / Ao / Achat
20260901088.0,Conseil National des Régions et des Districts,10/09/2026,Acquisition d'un minibus au profit du Conseil National des Régions et des Districts,12/10/2026 14:00,avis_ao,9,9,Équipements / Profit / Matériel,Équipements / Profit / Matériel
20260901085.0,Centre National de l'Informatique,10/09/2026,souscription des contrats d'assurances pour les années 2027-2028-2029,12/10/2026 10:00,avis_ao,9,4,2027 / لسنة / سجن,2027 / لسنة / سجن
20260901070.0,Commune El Amra,10/09/2026,–طلب عروض عدد 02/2026 صيانة شبكة التنوير العمومي ببلدية العامرة لسنة 2026 للمرة الثانية,07/10/2026 09:00,avis_ao,4,1,Construction / Ao / Achat,Construction / Ao / Achat
20260901068.0,Centre médical des Douanes,10/09/2026,ACQUISITION MATÉRIELS MÉDICAL,26/10/2026 10:00,avis_ao,23,7,Médical / Santé,Matériels / Informatiques / Transport
20260901062.0,Hôpital Sahloul de Sousse,10/09/2026,ACHAT DE REACTIFS ET DISPOSITIFS MEDICAUX POUR LE SERVICE D'ANATOMIE ET CYTOLOGIE PATHOLOGIQUES,13/10/2026 11:00,avis_ao,10,0,Médical / Santé,Mise / Installation / Service
20260901064.0,Hôpital Régional du Kef,10/09/2026,Projet d'extension et de construction d'un bâtiment (salle d'eau),09/10/2026 12:00,avis_ao,6,1,Travaux / Construction,Construction / Ao / Achat
20260901042.0,Ministère de la Défense Nationale,10/09/2026,Acquisition des groupes elegtrogenes,12/10/2026 10:00,avis_ao,9,1,Construction / Ao / Achat,Construction / Ao / Achat
20260901067.0,Musée militaire national,10/09/2026,Acquisition d'ameublements,12/10/2026 10:00,avis_ao,9,1,Construction / Ao / Achat,Construction / Ao / Achat
20260901066.0,"Direction Régionale de l'Equipement, de l'Habitat et de l'Aménagement du Territoire de Jendouba",10/09/2026,أشغــال إصلاح أضرار الفيضانات بالطرقات المرقمة والمســالك الريفيـة بولايـــــــة جندوبــــــة – برنامج 2026 -طبـــق الجـــدول الآتــي,12/10/2026 10:00,avis_ao,9,1,Construction / Ao / Achat,Construction / Ao / Achat
20260901065.0,Conseil régional de Gabès,10/09/2026,تهيئة فسحة شاطئية بمعتمدية غنوش ضمن القسط الثالث من برنامج التنمية المندمجة بولاية قابس,13/10/2026 09:00,avis_ao,10,6,أشغال / تهيئة / إنجاز,أشغال / تهيئة / إنجاز
20260901063.0,Direction régionale de la santé publique de Gabes,10/09/2026,اشغال صيانة المؤسسات الصحية بقابس لسنة 2026,09/10/2026 10:00,avis_ao,6,5,بناء / اشغال / بالمستشفى,بناء / اشغال / بالمستشفى
20260901061.0,Commune la Goulette,10/09/2026,لتزوّد بمواد حديدية وصحية وكهربائية ومعدات البستنة ونباتات الزينة,12/10/2026 11:00,avis_ao,9,1,Construction / Ao / Achat,Construction / Ao / Achat
20260901043.0,Agence Technique des Transports Terrestres,10/09/2026,Syst d édition Permis de Conduire et C d'immatriculation,30/10/2026 09:00,avis_ao,27,1,Construction / Ao / Achat,Construction / Ao / Achat
20260901044.0,Agence Technique des Transports Terrestres,10/09/2026,Refonte du système d'information de l'ATTT,22/10/2026 09:00,avis_ao,19,1,Construction / Ao / Achat,Construction / Ao / Achat
20260901058.0,Conseil Régional de Monastir,10/09/2026,Construction d'une Maison des Jeunes à Sidi Bannour.,09/10/2026 10:30,avis_ao,6,1,Travaux / Construction,Construction / Ao / Achat
20260901055.0,Commune jbel ouest,10/09/2026,projet d'aménagement et d'éxtention du palais municipal,09/10/2026 10:00,avis_ao,6,3,Travaux / Construction,Aménagement / Lots / Entretien
20260901056.0,Commune bir ali nord,10/09/2026,Projet d'aménagement du complexe de marchés de la municipalité de Bir Ali Nord – Lot : Aménagements extérieurs.,09/10/2026 10:00,avis_ao,6,3,Travaux / Construction,Aménagement / Lots / Entretien
20260901057.0,Commissariat Régional au Développement Agricole de Gafsa,10/09/2026,إنجاز أشغال المحافظة على المياه والتربة لسنة,12/10/2026 10:00,avis_ao,9,6,Travaux / Construction,أشغال / تهيئة / إنجاز
20260701338.0,Ministère de la Défense Nationale,10/09/2026,أشغال بناء مأوى أنياب بالعوينة,12/10/2026 10:00,avis_ao,9,5,Travaux / Construction,بناء / اشغال / بالمستشفى
20260901036.0,Commune de Medjez el-Bab,10/09/2026,Achèvement des travaux de drainage des eaux pluviales à Mjez El Beb,09/10/2026 10:00,avis_ao,6,1,Travaux / Construction,Construction / Ao / Achat
20260901053.0,Agence de Réhabilitation et de Rénovation Urbaine,10/09/2026,APPEL D'OFFRES N°76 /2026 Travaux de Réhabilitation du quartier Nefta medina -Commune de Nefta- Gouvernorat de Tozeur Programme de Réhabilitation et d'Intégration des Quartiers d'Habitation - 2ème génération,13/10/2026 12:00,avis_ao,10,8,Travaux / Construction,Commune / Réhabilitation / Gouvernorat
20260901052.0,Compagnie des Transports par Pipe- lines au Sahara,10/09/2026,UN MARCHE CADRE RELATIF AU TRANSPORT DU PERSONNEL DE LA TRAPSA ENTRE SFAX/LA SKHIRA ET LA SKHIRA/LA SKHIRA,12/10/2026 10:00,avis_ao,9,1,Transport / Véhicules,Construction / Ao / Achat
20260901051.0,Agence de Réhabilitation et de Rénovation Urbaine,10/09/2026,APPEL D'OFFRES N° 75 /2026 Travaux de Réhabilitation du quartier Echabeb -Commune de Gafsa- Gouvernorat de Gafsa. Programme de Réhabilitation et d'Intégration des Quartiers d'Habitation - 2ème génération,13/10/2026 12:00,avis_ao,10,8,Travaux / Construction,Commune / Réhabilitation / Gouvernorat
20260901049.0,سجن سليانة,10/09/2026,Acquisition de divers produits alimentaires aromatiques tout au long de l'année 2027,16/10/2026 09:01,avis_ao,13,4,2027 / لسنة / سجن,2027 / لسنة / سجن
20260901047.0,Commissariat Régional au Développement Agricole de Gafsa,10/09/2026,صيانة مقرات إدارية ودور مياه تابعة للمندوبية الجهوية للتنمية الفلاحية بقفصة,12/10/2026 09:00,avis_ao,9,1,Agriculture,Construction / Ao / Achat
20260901045.0,Commissariat régional de l'éducation de Sfax 2,10/09/2026,أشغال تهيئة و صيانة المدرسة الابتدائية سيدي محمد بن عمر,09/10/2026 09:30,avis_ao,6,6,Travaux / Construction,أشغال / تهيئة / إنجاز
20260901027.0,Commune de Teboulba,10/09/2026,Acquisition de chargeuse sur pneus,12/10/2026 10:00,avis_ao,9,1,Construction / Ao / Achat,Construction / Ao / Achat
20260901039.0,Office National de la Protection Civile,09/09/2026,اقتناء اطارات مطاطية,15/10/2026 09:00,avis_ao,12,2,اقتناء / لفائدة / معدات,اقتناء / لفائدة / معدات
20260901037.0,Conseil Régional de Monastir,09/09/2026,Construction d'Une Salle d'Opération et de Réaménagement de Service et Projet de Mise a Niveau du Bloc Opératoire de Réanimation Médical et de la Stérilisation Centrale à la Clinique Dentaire de Monastir,09/10/2026 10:00,avis_ao,6,0,Médical / Santé,Mise / Installation / Service
20260901034.0,Commissariat Régional au Développement Agricole de Gafsa,09/09/2026,إقتناء أزياء الشغل بعنوان لسنة 2024,05/10/2026 09:00,avis_ao,2,10,إقتناء / تجهيزات / بعنوان,إقتناء / تجهيزات / بعنوان
20260900986.0,Ministère de l'Education,09/09/2026,Projet de Construction du Collège Centre-Ville Midoun-Djerba-Mednine,13/10/2026 10:00,avis_ao,10,1,Travaux / Construction,Construction / Ao / Achat
20260901030.0,Office National de la Protection Civile,09/09/2026,TRAVAUX DE CONSTRUCTION D'UN HANGAR ET DALLAGE DE LA COURS AU SEIN DE LA BRIGADE DE PROTECTION CIVILE DE SMAR,14/10/2026 09:00,avis_ao,11,1,Travaux / Construction,Construction / Ao / Achat
20260901028.0,CENTRE DE REEDUCATION DES ENFANTS MINEURS SOUK-JEDID,09/09/2026,تزويد مركز إصلاح الأطفال الجانحين سوق الجديد بالمواد الغذائية العامة لسنة 2027,12/10/2026 10:00,avis_ao,9,4,2027 / لسنة / سجن,2027 / لسنة / سجن
20260901026.0,Agence de Réhabilitation et de Rénovation Urbaine,09/09/2026,"APPEL D'OFFRES N°74 /2026 TRAVAUX DE REHABILITATION DES QUARTIERS LAHKAIMA A LAHKAIMA, HACHAAD2 A SIDI ALOUAN ET EL CHAABI-MINAA-EL MENAKA A KSSOUR EL SAF GOUVERNORAT MAHDIA EN TROIS LOTS (EN 03 LOTS)",12/10/2026 12:00,avis_ao,9,3,Travaux / Construction,Aménagement / Lots / Entretien
20260901025.0,Gouvernorat de Gafsa,09/09/2026,PROJET D'EXTENSION DE L'INSTITUT SUPERIEUR DES SCIENCES ET DES TECHNOLOGIES DE L'ENERGIE (INSTITUT SUPERIEUR DES SCIENCES SOCIALES ET DE L'EDUCATION) DE GAFSA,09/10/2026 10:00,avis_ao,6,1,Construction / Ao / Achat,Construction / Ao / Achat
20260901024.0,Office des oeuvres universitaires pour le Nord,09/09/2026,Travaux de fourniture et pose de chambres froides préfabriqués,19/10/2026 10:00,avis_ao,16,1,Travaux / Construction,Construction / Ao / Achat
20260901023.0,Hopital Régional Mahress,09/09/2026,Acquisition des accessoires medicaux,09/10/2026 10:30,avis_ao,6,1,Construction / Ao / Achat,Construction / Ao / Achat
20260901021.0,Ministère de l'Education,09/09/2026,Assurance unique ralatif à la responsabilité décennale dans le domaine de la construction,08/10/2026 14:00,avis_ao,5,1,Travaux / Construction,Construction / Ao / Achat
20260901019.0,Société de Promotion de Logements Sociaux,09/09/2026,"CONSTRUCTION D'UN IMMEUBLE RESIDENTIEL COMPOSÈ DE 38 LOGEMENTS, LOGE GARDIEN ET LOCAL SYNDIC SIS AU JARDIN DE CARTHAGE- LOT HC5 (En 03 lots séparés)",19/10/2026 09:30,avis_ao,16,3,Travaux / Construction,Aménagement / Lots / Entretien
20260901014.0,Le conseil régional de gouvernorat de Ariana,09/09/2026,"Travaux d'aménagement et de revetement de routes et pistes rurales dans le gouvernorat d'Ariana, dans le cadre du PRD 2026, en trois lots séparés.",13/10/2026 09:30,avis_ao,10,3,Travaux / Construction,Aménagement / Lots / Entretien
20260901017.0,Commissariat Régional au Développement Agricole de Sidi Bouzid,09/09/2026,Réalisation d'une étude pour deux projets intégrés d'aménagement du territoire et de planification,13/10/2026 09:30,avis_ao,10,3,Travaux / Construction,Aménagement / Lots / Entretien
20260901015.0,Commissariat Régional au Développement Agricole de Sidi Bouzid,09/09/2026,Réalisation de l'étude d'exécution pour deux retenues collinaires et de l'étude de réaménagement de cinq zones d'épandage des eaux d'oued.,12/10/2026 09:30,avis_ao,9,1,Travaux / Construction,Construction / Ao / Achat
20260900832.0,Centre de Maternité et de Néonatalogie,09/09/2026,PROJET DE RENFORCEMENT DES FONDATIONS DU CENTRE DE MATERNITE ET DE NEONATOLOGIE DE TUNIS « LOT STRUCTURE »,12/10/2026 10:00,avis_ao,9,1,Construction / Ao / Achat,Construction / Ao / Achat
20260900987.0,"Ministère de l'Equipement, l'habitat et l'aménagement du territoire",09/09/2026,Achèvement des Travaux de réhabilitation des bassins d'écrêtement et des ouvrages de protection contre les inondations en liaison à l'Ariana.,09/10/2026 09:00,avis_ao,6,8,Travaux / Construction,Commune / Réhabilitation / Gouvernorat
20260901013.0,Centre National des Technologies en Education,09/09/2026,Acquisition voitures pour au profit de CNTE,09/10/2026 10:00,avis_ao,6,9,Transport / Véhicules,Équipements / Profit / Matériel
20260900998.0,Office National de l'Assainissement,08/09/2026,"la réalisation des travaux de réhabilitation de la conduite de refoulement et de la station de pompage Hammam Laghzez Plage dans le gouvernorat de Nabeul- Fourniture, transport et pose de conduites et pièces en fonte, Génie civil et équipements de la station de pompage.",13/10/2026 10:00,avis_ao,10,8,Travaux / Construction,Commune / Réhabilitation / Gouvernorat
20260900997.0,Commissariat Régional au Développement Agricole de Kairouan,08/09/2026,اقتناء الة كاسحة (جارفة مزنجرة) Bulldozer sur Chenilles,09/10/2026 15:00,avis_ao,6,2,اقتناء / لفائدة / معدات,اقتناء / لفائدة / معدات
20260900996.0,Office National de l'Assainissement,08/09/2026,l'acquisition de matériels de sécurité et d'intervention,10/11/2026 10:00,avis_ao,38,7,Matériels / Informatiques / Transport,Matériels / Informatiques / Transport
20260900995.0,Office de Développement Sylvo Pastoral du Nord-Ouest,08/09/2026,اكتتاب عقود تأمين للأخطار المتعلقة بنشاط ديوان تنمية الغابات والمراعي بالشمال الغربي لسنوات 2027 و2028 و2029,21/10/2026 10:00,avis_ao,18,4,2027 / لسنة / سجن,2027 / لسنة / سجن
20260900994.0,"Direction Régionale de l'Equipement, de l'Habitat et de l'Aménagement du Territoire de la Manouba",08/09/2026,Travaux d'emploi partiel des sections dégradées des routes classées au Gouvernorat de Manouba – Programme d'entretien 2026.,09/10/2026 10:00,avis_ao,6,3,Travaux / Construction,Aménagement / Lots / Entretien
20260900993.0,ولاية منوبة,08/09/2026,مشروع صيانة مركز الصحةالاساسية بالدريجات من معتمدية طبربة,12/10/2026 10:00,avis_ao,9,5,بناء / اشغال / بالمستشفى,بناء / اشغال / بالمستشفى
20260900992.0,Commune d'El Kram,08/09/2026,Travaux de curage et de nettoyage du réseau d'évacuation des eaux pluviales et des avaloirs dans la zone municipale du Kram pour l'année 2026.,08/10/2026 11:00,avis_ao,5,1,Travaux / Construction,Construction / Ao / Achat
20260900989.0,Gouvernorat de Kébili,08/09/2026,تكملة بناء مقر معتمدية ومسكن وظيفي برجيم معتوق-قبلي,12/10/2026 10:00,avis_ao,9,5,Travaux / Construction,بناء / اشغال / بالمستشفى
20260900945.0,Gouvernorat de Kébili,08/09/2026,انجاز الأشغال الخاصة بالقناة الرئيسية للماء الصالح للشراب بالمستشفى الجهوي بقبلي,12/10/2026 10:30,avis_ao,9,5,Médical / Santé,بناء / اشغال / بالمستشفى
20260900955.0,Office de la Marine Marchande et des Ports,08/09/2026,ACQUISITION ET INSTALLATION D'UN ABRI METALLIQUE POUR VOITURES A LA DIRECTION GENERALE DE L'OFFICE DE LA MARINE MARCHANDE ET DES PORTS,16/10/2026 10:00,avis_ao,13,1,Transport / Véhicules,Construction / Ao / Achat
20260900944.0,Office de la Marine Marchande et des Ports,08/09/2026,"TRAVAUX DE REPARATION DES BUREAUX, L'ESPACE EXTERIEUR ET LES TERRES PLEINS DE LA RIVE SUD DU PORT DE SOUSSE",14/10/2026 10:00,avis_ao,11,1,Travaux / Construction,Construction / Ao / Achat
20260900930.0,Présidence de la République,08/09/2026,"Acquisition de matériel photographique et d'accessoires au profit de la Présidence de la République, au titre de l'exercice 2026",08/10/2026 10:30,avis_ao,5,9,Équipements / Profit / Matériel,Équipements / Profit / Matériel
20260900954.0,Commune de Bou Salem,08/09/2026,Travaux de réhabilitation de la rue d'orange « route vers Somrane » dans la commune de Bousalem.,12/10/2026 10:00,avis_ao,9,8,Travaux / Construction,Commune / Réhabilitation / Gouvernorat
20260900948.0,Commissariat régional des affaires de la femme et de la famille à monastir,08/09/2026,اقتناء تجهيزات اعلامية لفائدة مؤسسات الطفولة العمومية بولاية المنستير,08/10/2026 10:00,avis_ao,5,2,اقتناء / لفائدة / معدات,اقتناء / لفائدة / معدات
20260900947.0,Commissariat régional des affaires et de la femme à Jendouba,08/09/2026,"اقتناء و توزيع رؤوس أغنام في اطار تنفيذ برنامج الاحاطة بالعاملات في القطاع الفلاحي بولاية جندوبة بعنوان سنة 2026 و برنامج التمكين الاقتصادي لفائدة أمهات التلاميذ المهدّدين بالانقطاع المدرسي و برنامج التمكين الاقتصادي للنساء ضحايا العنف الزوجي ""صامدة""",07/10/2026 10:00,avis_ao,4,2,Agriculture,اقتناء / لفائدة / معدات
20260900936.0,Conseil Régional de Sfax,08/09/2026,44/2026-تركيز أنظمة استشعار وتنبيه من الحرائق بالمؤسسات التابعة ﻷمانة المال الجهوية صفاقس2 قسط1,12/10/2026 09:00,avis_ao,9,1,Construction / Ao / Achat,Construction / Ao / Achat
20260900922.0,Commissariat régional de l'éducation de Médnine,07/09/2026,صيانة وتهيئة المدارس الاعدادية بمدنين.,09/10/2026 09:00,avis_ao,6,1,Construction / Ao / Achat,Construction / Ao / Achat
20260900924.0,Commune Borj El Amri,07/09/2026,Projet d'assainissement de réseau d'éclairage public de la commune de Borj el amri,08/10/2026 10:30,avis_ao,5,8,Commune / Réhabilitation / Gouvernorat,Commune / Réhabilitation / Gouvernorat
20260900923.0,Commune de Moknine,07/09/2026,"Balayage manuel des rues principales, des entrées de la ville, des routes et des trottoirs, enlèvement des saletés et des pierres, arrachage des mauvaises herbes, ramassage et transport des déchets vers le site d'élimination désigné.",08/10/2026 10:00,avis_ao,5,7,Transport / Véhicules,Matériels / Informatiques / Transport
20260900910.0,Agence d'Urbanisme du Grand Tunis,07/09/2026,Approches de requalification des tissus urbains dans le Grand Tunis,06/10/2026 10:00,avis_ao,3,1,Construction / Ao / Achat,Construction / Ao / Achat
20260900855.0,Agence de Réhabilitation et de Rénovation Urbaine,07/09/2026,APPEL D'OFFRES N°72 /2026 Travaux de Réhabilitation du quartier Lakhwa Laabidi -Commune d'El Guettar et du quartier Ennour-commune de Sned Gouvernorat de Gafsa en 02 lots Programme de Réhabilitation et d'Intégration des Quartiers d'Habitation - 2ème génération,07/10/2026 12:00,avis_ao,4,8,Travaux / Construction,Commune / Réhabilitation / Gouvernorat
20260900920.0,Prison Gafsa,07/09/2026,إقتناء مواد غذائية,08/10/2026 10:00,avis_ao,5,10,إقتناء / تجهيزات / بعنوان,إقتناء / تجهيزات / بعنوان
20260900918.0,Agence Tunisienne de la Formation Professionnelle,07/09/2026,"Acquisition des fournitures des bureaux et des cartouches d'encre pour les directions centrales de l'ATFP, dans le cadre d'un marché-cadre d'une durée d'une année à partir de la date de signature du contrat, renouvelable deux fois. Les contrats sont conclus pour une durée maximale de trois (03) ans",14/10/2026 10:00,avis_ao,11,3,Photovoltaïque / Énergie solaire,Aménagement / Lots / Entretien
20260900917.0,Institut National de la Statistique,07/09/2026,Appel d'offres N°03/2026 Renforcement de l'infrastructure de stockage et mise à niveau de l'infrastructure informatique de l'institut National de la Statistique année 2026,07/10/2026 10:00,avis_ao,4,0,Informatique / IT,Mise / Installation / Service
20260900914.0,Institut National du Patrimoine,07/09/2026,CHOIX SUR DOSSIER D'UN INGENIEUR CONSEIL OU D'UN BUREAU D'ETUDES RELATIF A L'ELABORATION DES ETUDES TECHNIQUES ET AU SUIVI DE L'EXECUTION DES TRAVAUX DU PROJET DE RESTAURATION ET DE MISE HORS D'EAU DE L'AMPHITHEATRE D'EL-JEM – GOUVERNORAT DE MAHDIA,07/10/2026 12:00,avis_ao,4,1,Travaux / Construction,Construction / Ao / Achat
20260900903.0,Ministère de la Défense Nationale,07/09/2026,Acquisition des armoires et lits métalliques,12/10/2026 10:00,avis_ao,9,1,Construction / Ao / Achat,Construction / Ao / Achat
20260900902.0,Bibliothèque Nationale,07/09/2026,"Acquisition de fournitures, d'équipements et de logiciels informatiques",05/10/2026 11:00,avis_ao,2,7,Informatique / IT,Matériels / Informatiques / Transport
20260900901.0,Caisse Nationale de Retraite et de Prévoyance Sociale,07/09/2026,TRAVAUX DE RENOUVELLEMENT DES ONDULEURS ELECTRIQUES DE BÂTIMENT ADMINISTRATIF ET DE DATA CENTER DE LA CNRPS SIS A EL MENZAH VI-ARIANA,08/10/2026 09:00,avis_ao,5,3,Photovoltaïque / Énergie solaire,Aménagement / Lots / Entretien
20260900898.0,Caisse Nationale de Retraite et de Prévoyance Sociale,07/09/2026,Acquisition de consommables pour imprimantes et photocopieurs,07/10/2026 09:00,avis_ao,4,1,Informatique / IT,Construction / Ao / Achat
20260900897.0,Institut National de la Météorologie,07/09/2026,"ACQUISITION, INSTALLATION ET MISE EN SERVICE D'UN SYSTEME INTEGRE (ERP) ET D'UN SYSTEME D'INFORMATION DES RESSOURCES HUMAINES (SIRH)",23/10/2026 10:00,avis_ao,20,0,Mise / Installation / Service,Mise / Installation / Service
20260900895.0,TUNISAIR,07/09/2026,Souscription de contrats d'assurances au titre des années 2027-2028 pour le personnel navigant,08/10/2026 09:00,avis_ao,5,4,2027 / لسنة / سجن,2027 / لسنة / سجن
20260900893.0,Institut Supérieur des Etudes Technologiques en Communications de Tunis,07/09/2026,Travaux d'étanchéité et d'isolation des terrasses de l'iset'com,08/10/2026 10:00,avis_ao,5,1,Travaux / Construction,Construction / Ao / Achat
20260900891.0,Société d'Exploitation du Canal et des Adductions des Eaux du Nord,07/09/2026,Rénovation des tableaux électriques au complexe Kalâat landalous-Ras jbel,09/10/2026 10:00,avis_ao,6,1,Travaux / Construction,Construction / Ao / Achat
20260900890.0,Société d'Exploitation du Canal et des Adductions des Eaux du Nord,07/09/2026,AUDIT ENERGETIQUE,08/10/2026 10:00,avis_ao,5,1,Construction / Ao / Achat,Construction / Ao / Achat
20260900889.0,Société d'Exploitation du Canal et des Adductions des Eaux du Nord,07/09/2026,Fourniture et remplacement des équipements hydromécaniques,07/10/2026 10:00,avis_ao,4,9,Équipements / Profit / Matériel,Équipements / Profit / Matériel
20260900888.0,Commissariat régional de l'éducation de l'Ariana,06/09/2026,Travaux d'aménagement et d'extensions aux écoles primaires à l'Ariana,09/10/2026 09:30,avis_ao,6,3,Travaux / Construction,Aménagement / Lots / Entretien
20260900887.0,Commune de Djerba Houmt Souk,06/09/2026,Travaux d'extension du réseau d'éclairage public dans la Commune de Djerba Houmt Souk prog 2026-2026,12/10/2026 11:00,avis_ao,9,8,Travaux / Construction,Commune / Réhabilitation / Gouvernorat
20260900886.0,Commissariat régional de l'éducation de l'Ariana,05/09/2026,Travaux d'aménagement et d'extensions aux collèges et lycées à l'Ariana,07/10/2026 09:30,avis_ao,4,3,Travaux / Construction,Aménagement / Lots / Entretien
20260900874.0,Commissariat régional des affaires des jeunesses et des sports de kasserine,04/09/2026,approvisionnement des materiels et divers equipements,05/10/2026 10:00,avis_ao,2,1,Construction / Ao / Achat,Construction / Ao / Achat
20260900873.0,Mairie de Tunis,04/09/2026,Travaux de construction d'une salle de sports individuels sise à Ibn Khaldoun - Tunis,06/10/2026 10:00,avis_ao,3,1,Travaux / Construction,Construction / Ao / Achat
20260900872.0,Pharmacie Centrale de Tunisie,04/09/2026,"Mission d'assistance à la maîtrise d'ouvrage (AMOA) pour l'étude stratégique, le choix et l'accompagnement à la mise en œuvre du système d'information de gestion des ressources humaines (SIRH)",07/10/2026 09:00,avis_ao,4,0,Mise / Installation / Service,Mise / Installation / Service
20260900871.0,Mairie de Tunis,04/09/2026,l'assurance de flotte automobile municipal durant l'année 2027-2028-2029,05/10/2026 10:00,avis_ao,2,4,2027 / لسنة / سجن,2027 / لسنة / سجن
20260900870.0,Commissariat régionale de la jeunesse et des sports de Mahdia,04/09/2026,acquisition matériels et équipements de sports 2026,06/10/2026 10:00,avis_ao,3,7,Matériels / Informatiques / Transport,Matériels / Informatiques / Transport
20260900869.0,Ministère du Commerce,04/09/2026,acquisition de materiels informatiques,12/10/2026 10:00,avis_ao,9,7,Informatique / IT,Matériels / Informatiques / Transport
20260800597.0,Ministère de la Défense Nationale,04/09/2026,أشغال تصليح كتامة سقف ورشة بفندق الجديد,05/10/2026 10:00,avis_ao,2,6,Travaux / Construction,أشغال / تهيئة / إنجاز
20260900835.0,Centre International des Technologies de l'Environnement de Tunis,04/09/2026,Acquisition de matériels et équipements Informatique au profit du CITET,06/10/2026 10:00,avis_ao,3,9,Informatique / IT,Équipements / Profit / Matériel
20260900867.0,Ministère des Affaires Sociales,04/09/2026,acquisition de fournitures de bureaux divers et rames de papier,07/10/2026 11:00,avis_ao,4,1,Fournitures de bureau,Construction / Ao / Achat
20260900866.0,Commissariat Régional au Développement Agricole de Siliana,04/09/2026,إنجاز أشغال إعادة تهيئة المنطقة السقوية العمومية الحميمة 2 معتمدية من الروحية,05/10/2026 10:00,avis_ao,2,6,Travaux / Construction,أشغال / تهيئة / إنجاز
20260900865.0,Commune de Nabeul,04/09/2026,Acquisition d'équipements de propriété et voiries en 2026,05/10/2026 10:00,avis_ao,2,9,Équipements / Profit / Matériel,Équipements / Profit / Matériel
20260900854.0,Agence de Réhabilitation et de Rénovation Urbaine,04/09/2026,APPEL D'OFFRES N° 71 /2026 Travaux de Réhabilitation de quartier El Thawra-Commune de MENZEL BOURGUIBA-Gouvernorat de BIZERTE Programme de Réhabilitation et d'Intégration des Quartiers d'Habitation - 2ème génération,07/10/2026 12:00,avis_ao,4,8,Travaux / Construction,Commune / Réhabilitation / Gouvernorat
20260900853.0,Société Tunisienne de Sidérurgie ELFOULADH,04/09/2026,Souscription des polices d'assurance du patrimoine et du personnel de la STS ELFOULADH,12/10/2026 11:00,avis_ao,9,1,Construction / Ao / Achat,Construction / Ao / Achat
20260900852.0,Agence de Réhabilitation et de Rénovation Urbaine,04/09/2026,APPEL D'OFFRES N°70 /2026 Travaux de Réhabilitation de quartier Dkhilet Toujene-Commune de Dkhilet Toujene-Gouvernorat de GABES Programme de Réhabilitation et d'Intégration des Quartiers d'Habitation - 2ème génération,06/10/2026 12:00,avis_ao,3,8,Travaux / Construction,Commune / Réhabilitation / Gouvernorat
20260900851.0,"Direction Régionale de l'Equipement, de l'Habitat et de l'Aménagement du Territoire de Tunis",04/09/2026,صيانة التجهيزات الكهربائية والكهروميكانيكية لنفقي باب سويقة وباب سعدون -برنامج 2026/2027-,05/10/2026 10:00,avis_ao,2,4,2027 / لسنة / سجن,2027 / لسنة / سجن
20260900849.0,Commissariat Régional au Développement Agricole de Mahdia,04/09/2026,إقتناء و تركيب تجهيزات هيدروميكانيكية ببئر الجروية,06/10/2026 10:00,avis_ao,3,10,إقتناء / تجهيزات / بعنوان,إقتناء / تجهيزات / بعنوان
20260900844.0,Agence des Ports et des Installations de la Pêche,04/09/2026,"Diagnostic et réalisation d'une étude de maintenance de la grue mobile PND 140T située au port de pèche de Houmet Essouk , et préparation du dossier d'appel d'offres pour sa réparation",16/10/2026 10:30,avis_ao,13,1,Construction / Ao / Achat,Construction / Ao / Achat
20260900850.0,Agence Nationale de Gestion des Déchets,04/09/2026,"TRAVAUX DE REHABILITATION DES DEPOTOIRS SAUVAGES dans les Gouvernorats de Sidi Bouzid, Gafsa et Kébili",05/10/2026 10:00,avis_ao,2,1,Travaux / Construction,Construction / Ao / Achat
20260900848.0,Société Tunisienne d'Electricité et de Gaz,04/09/2026,TRANSFORMATEURS DE MESURE BT,20/10/2026 09:00,avis_ao,17,1,Construction / Ao / Achat,Construction / Ao / Achat
20260900847.0,Commune de Soliman,04/09/2026,تهذيب حي سليمان الشمالية قسط ب,13/10/2026 10:00,avis_ao,10,1,Construction / Ao / Achat,Construction / Ao / Achat
20260900846.0,Commissariat Régional au Développement Agricole de Mahdia,04/09/2026,إنجاز أشغال صيانة تجهيزات محطات الضخ للآبار العميقة,06/10/2026 10:00,avis_ao,3,6,Travaux / Construction,أشغال / تهيئة / إنجاز
20260900845.0,Commune de Soliman,04/09/2026,صفقة باجراءات مبسطة لاقتناء وسائل نقل لفائدة بلدية سليمان,16/10/2026 10:00,avis_ao,13,2,Transport / Véhicules,اقتناء / لفائدة / معدات
20260800600.0,Ministère de la Défense Nationale,04/09/2026,اقتناء تجهيزات ومعدات محاضرات لقاعات عمليات محاكيات الطيران لفائدة مدرسة الطيران ببرج العامري,05/10/2026 10:00,avis_ao,2,2,اقتناء / لفائدة / معدات,اقتناء / لفائدة / معدات
20260900842.0,المدرسة الوطنية للحرس الوطني ببئر بورقبة,04/09/2026,acquisition des denrées alimentaire au profit de l'école national de la garde nationale pour l'année 2027,05/10/2026 09:00,avis_ao,2,4,2027 / لسنة / سجن,2027 / لسنة / سجن
20260900841.0,Commissariat régional de l'éducation de Gabès,04/09/2026,تهيئة و صيانة المدارس الابتدائية,06/10/2026 09:00,avis_ao,3,6,أشغال / تهيئة / إنجاز,أشغال / تهيئة / إنجاز
20260900840.0,Agence de Réhabilitation et de Rénovation Urbaine,04/09/2026,AO-69-2026 : AVIS D'APPEL D'OFFRES Travaux d'éclairage public de quartier Menzel Hbib-Commune de Menzel Hbib-Gouvernorat de GABES Programme de Réhabilitation et d'Intégration des Quartiers d'Habitation - 2ème génération,12/10/2026 12:00,avis_ao,9,8,Travaux / Construction,Commune / Réhabilitation / Gouvernorat
20260900839.0,ولاية منوبة,04/09/2026,مشروع اعادة بناء دار الشباب بالمرناقية,12/10/2026 10:00,avis_ao,9,5,Travaux / Construction,بناء / اشغال / بالمستشفى
20260900838.0,ولاية منوبة,04/09/2026,مشروع بناء قسط مقر المندوبية الجهوية للشؤون الثقافية بمنوبة,07/10/2026 10:00,avis_ao,4,5,Travaux / Construction,بناء / اشغال / بالمستشفى
20260900836.0,Conseil régional de Sidi Bouzid,04/09/2026,Construction d'un dortoir à la brigade des canines de la garde nationale à Lessouda,06/10/2026 10:00,avis_ao,3,1,Travaux / Construction,Construction / Ao / Achat
20260900825.0,Société Régionale de Transport de Siliana,03/09/2026,Acquisition des pneumatiques,05/10/2026 10:00,avis_ao,2,1,Construction / Ao / Achat,Construction / Ao / Achat
20260900823.0,Groupement de santé de base Beja,03/09/2026,Travaux d'aménagement de CSB,03/10/2026 11:00,avis_ao,0,3,Travaux / Construction,Aménagement / Lots / Entretien
20260900822.0,Commissariat Régional au Développement Agricole de Monastir,03/09/2026,أشغال ميكانيكية لتهيئة الاراضي الفلاحية على مساحة 35 هكتار بمعتمدية بني حسان من ولاية المنستير.,05/10/2026 10:00,avis_ao,2,6,Travaux / Construction,أشغال / تهيئة / إنجاز
20260900820.0,Gouvernorat de sousse,03/09/2026,دعوة للترشح حسب الملفات قصد اختيار مكتب دراسات متعدد الاختصاصات او مجمع مكاتب دراسات او مجمع مهندسين مستشارين او مجمع مكاتب دراسات و مهندسين مستشارين للقيام بدراسات الاقساط الخاصة (هندسة مدنية و شبكات مختلفة ، كهرباء و الوقاية من الحرائق ، سوائل) و متابعة انجاز مشروع بناء الإدارة الجهوية للعدل و مجمع الأرشيف بسوسة,09/10/2026 10:00,avis_ao,6,5,Travaux / Construction,بناء / اشغال / بالمستشفى
20260900792.0,Commune de Bizerte,03/09/2026,انجاز اشغال بمقبرة الجلاء 2 حفر و بناء قبر جديد تاما مع محيطه بمقبرة الجلاء 2,05/10/2026 09:00,avis_ao,2,5,Travaux / Construction,بناء / اشغال / بالمستشفى
20260900751.0,Office de l'Elevage et des Pâturages,03/09/2026,acquisition de matériel informatique,16/10/2026 10:00,avis_ao,13,9,Informatique / IT,Équipements / Profit / Matériel
20260900752.0,Ministère de l'Agriculture,03/09/2026,Acquisition d'un circuit de traitement de la boue Pour la sondeuse Frank 500,13/10/2026 10:30,avis_ao,10,1,Construction / Ao / Achat,Construction / Ao / Achat
20260900613.0,Institut Supérieur du Sport et de l'Education Physique de Sfax,03/09/2026,PROJET D'AMENAGEMENT D'UN PARKING (2ème fois),05/10/2026 09:00,avis_ao,2,1,Travaux / Construction,Construction / Ao / Achat
20260900612.0,Commune Ain Draham,03/09/2026,تعبيد طرقات و تصريف مياه الأمطار(طريق الغدير دار فاطمة) ببلديّة عين دراهم ضمن برنامج 2023,05/10/2026 10:00,avis_ao,2,1,Construction / Ao / Achat,Construction / Ao / Achat
20260900611.0,Office de l'Elevage et des Pâturages,03/09/2026,"Achat d'un Système de remplissage, de soudure et d'impression des paillettes de semences animales",22/10/2026 10:00,avis_ao,19,1,Construction / Ao / Achat,Construction / Ao / Achat
20260900418.0,Hôpital La Rabta de Tunis,03/09/2026,Travaux d'aménagement de la salle de Catheterisme du service cardiologique -CHU LA RABTA,03/10/2026 09:00,avis_ao,0,0,Travaux / Construction,Mise / Installation / Service
20260900610.0,Centre Culturel International De Hammamet Maison De La Méditerrané Pour La Culture,03/09/2026,طلب عروض وفق الإجراءات المبسطة عدد 2026/03 يتعلّق بتهيئة وتزويق المطعم الجماعي بالمركز الثقافي الدولي بالحمامات,13/10/2026 11:00,avis_ao,10,1,Construction / Ao / Achat,Construction / Ao / Achat
20260900609.0,Commune de Sfax,03/09/2026,Travaux d'entretien et réparation des engins Municipaux en 08 lots,08/10/2026 10:00,avis_ao,5,3,Travaux / Construction,Aménagement / Lots / Entretien
20260900597.0,Ministère de l'Agriculture,03/09/2026,Acquisition de matériel pour Forages d'eau réparti en trois (03) lots,08/10/2026 10:30,avis_ao,5,3,Aménagement / Lots / Entretien,Aménagement / Lots / Entretien
20260900579.0,Ministère de la Jeunesse et des Sports,03/09/2026,Acquisition des équipements scientifiques pour les laboratoires et les unités de recherches des ISSEP de CNMSS et de l'observatoire national des sports,14/10/2026 10:00,avis_ao,11,9,Médical / Santé,Équipements / Profit / Matériel
20260900408.0,Centre de Biotechnologie de Borj Cedria,03/09/2026,acquisition de matériels scientifiques,05/10/2026 10:00,avis_ao,2,7,Matériels / Informatiques / Transport,Matériels / Informatiques / Transport
20260900577.0,Commissariat Régional au Développement Agricole de Kébili,03/09/2026,تعلية 30 كلم طوابي بتركيز حباك من الجريد الجاف بمعتمديتي الفوار ورجيم معتوق,05/10/2026 09:30,avis_ao,2,1,Construction / Ao / Achat,Construction / Ao / Achat
20260900576.0,Commissariat Régional au Développement Agricole de Médenine,03/09/2026,اقتناء شاحنة ثقيلة مجهزة برافعة معدات,06/10/2026 10:00,avis_ao,3,2,اقتناء / لفائدة / معدات,اقتناء / لفائدة / معدات
20260900479.0,Commune de Sfax,03/09/2026,Travaux de peinture Artisanale à l'hôtel de ville de Sfax,05/10/2026 10:00,avis_ao,2,1,Travaux / Construction,Construction / Ao / Achat
20260900574.0,Conseil régional de Gabès,03/09/2026,أشغال تهيئة وتعبيد طرقات ومسالك بمعتمديّات دخيلة توجان ومطماطة ومنزل الحبيب ضمن القسط الثّالث من برنامج التّنمية المندمجة بولاية قابس - القسط عدد 2: أشغال تهيئة وتعبيد مسلك العوسج - حرب بمعتمدية منزل الحبيب (للمرة الثانية),07/10/2026 09:00,avis_ao,4,6,Travaux / Construction,أشغال / تهيئة / إنجاز
20260900436.0,Office National de l'Assainissement,03/09/2026,prestations de services de révision de quatre surpresseurs de marques AERZEN et RKR des stations d'épuration Sud Méliène 2 et chotrana1,05/10/2026 10:00,avis_ao,2,1,Construction / Ao / Achat,Construction / Ao / Achat
20260800810.0,Hôpital Habib Bourguiba Sfax,03/09/2026,طلب عروض تأهيل الشبكة الكهرباء والسلامة بمغازة المستشفى الجامعي الحبيب بورقيبة بصفاقس (قسط وحيد).,05/10/2026 13:00,avis_ao,2,1,Médical / Santé,Construction / Ao / Achat
20260900573.0,Commissariat régional de l'éducation de Jendouba,03/09/2026,réhabilitation et réaménagement de l'école primaire place des martyrs Jendouba,16/10/2026 10:00,avis_ao,13,8,Travaux / Construction,Commune / Réhabilitation / Gouvernorat
20260900572.0,Commune de Djerba Houmt Souk,02/09/2026,Travaux d'aménagement des carrefours dans la Commune de Djerba Houmt Souk –programme 2025,08/10/2026 11:00,avis_ao,5,8,Travaux / Construction,Commune / Réhabilitation / Gouvernorat
20260900570.0,Commune ennour,02/09/2026,TRAVAUX D'ECLAIRAGE PUBLIC AWLED ALI COMMUNE ENNOUR KASSERINE,07/10/2026 10:00,avis_ao,4,8,Travaux / Construction,Commune / Réhabilitation / Gouvernorat
20260900454.0,"Direction Régionale de l'Equipement, de l'Habitat et de l'Aménagement du Territoire de Siliana",02/09/2026,أشغال إصلاح أضرار الفيضانات جانفي 2026 بولاية سليانة,07/10/2026 10:00,avis_ao,4,6,Travaux / Construction,أشغال / تهيئة / إنجاز
20260900512.0,Conseil Régional du Gouvernorat de Nabeul,02/09/2026,أشغال توسعة محكمة الناحية بمنزل تميم,05/10/2026 09:00,avis_ao,2,6,Travaux / Construction,أشغال / تهيئة / إنجاز
20260900501.0,Conseil Régional du gouvernorat de Mednine,02/09/2026,اشغال تهيئة مركز التخييم والاصطياف -مرسى القصيبة ببنقردان,06/10/2026 10:00,avis_ao,3,5,بناء / اشغال / بالمستشفى,بناء / اشغال / بالمستشفى
20260900427.0,سجن قبلي,02/09/2026,التزود بمواد غذائية عامة لفائدة سجن قبلي,06/10/2026 10:00,avis_ao,3,4,2027 / لسنة / سجن,2027 / لسنة / سجن
20260900412.0,Commune de Ben Gardène,02/09/2026,إقتناء معدات النظافة والطرقات برنامج سنة 2026,05/10/2026 10:00,avis_ao,2,10,إقتناء / تجهيزات / بعنوان,إقتناء / تجهيزات / بعنوان
20260900410.0,Conseil régional de Gabès,02/09/2026,إنجاز أشغال المسبح بمركز الإقامة الشالة بشنني - قابس (للمرة الثانية),06/10/2026 09:00,avis_ao,3,6,Travaux / Construction,أشغال / تهيئة / إنجاز
20260900407.0,Le conseil régional de gouvernorat de Ariana,02/09/2026,TRVX D'AMENAGEMENT DU BATIMENT ABRITANT L'INSTITUT DE RECHERCHE ET D'ANALYSE PHYSICO-CHIMIQUE A SIDI THABET,05/10/2026 09:30,avis_ao,2,1,Travaux / Construction,Construction / Ao / Achat
20260900406.0,المستشفى الجهوي بجبنيانة,02/09/2026,"collecte, transport et traitement des déchets chimiques dangereux",03/10/2026 10:00,avis_ao,0,7,Transport / Véhicules,Matériels / Informatiques / Transport
20260900405.0,Hôpital Aziza Othmana de Tunis,02/09/2026,MISE À DISPOSITION D'UN AUTOMATE D'HEMOCULTURE AVEC ACHAT DE REACTIFS ET CONSOMMABLES LIES,07/10/2026 10:00,avis_ao,4,0,Médical / Santé,Mise / Installation / Service
20260900404.0,Hôpital Aziza Othmana de Tunis,02/09/2026,LA MISE A LA DISPOSITION D'UN AUTOMATE D'IMMUNOANALYSE POUR LE MONITORAGE DE LA FIV ET POUR LES PARAMETRES D'URGENCE AVEC ACHAT DE REACTIFS ET CONSOMMABLES LIES,06/10/2026 10:00,avis_ao,3,0,Médical / Santé,Mise / Installation / Service
20260900028.0,"Direction Régionale de l'Equipement, de l'Habitat et de l'Aménagement du Territoire de Ben Arous",01/09/2026,Travaux de rénovation du réseau d'éclairage public dans le gouvernorat de Ben Arous sur la route locale n° 457 (Z4),05/10/2026 10:00,avis_ao,2,8,Travaux / Construction,Commune / Réhabilitation / Gouvernorat
20260900403.0,Commune de Djerba Houmt Souk,01/09/2026,"acquisition de matériels de propreté et de voirie au profit des collectivités locales tunisiennes, répartis en 04 lots",08/10/2026 11:00,avis_ao,5,9,Nettoyage / Entretien,Équipements / Profit / Matériel
20260900402.0,Commune de Djerba Houmt Souk,01/09/2026,Travaux d'entretien et réparation des voiries dans le périmètre communal de Djerba Houmt Souk—PROG 2025- 2026,08/10/2026 11:00,avis_ao,5,1,Travaux / Construction,Construction / Ao / Achat
20260900390.0,"Direction Régionale de l'Equipement, de l'Habitat et de l'Aménagement du Territoire de Medenine",01/09/2026,TRAVAUX D'ENTRETIEN DE PAVEE ET BORDURE DANS L'ILE DE DJERBA RL 941-RL939 - RL 1031,09/10/2026 10:00,avis_ao,6,1,Travaux / Construction,Construction / Ao / Achat
20260900389.0,Prison sers,01/09/2026,تزويد سجن السرس بالمواد الغذائية العامة لسنة 2027,13/10/2026 09:00,avis_ao,10,4,2027 / لسنة / سجن,2027 / لسنة / سجن
20260900388.0,Société Tunisienne de Sidérurgie ELFOULADH,01/09/2026,Deux lots de disjoncteurs,13/10/2026 11:00,avis_ao,10,3,Aménagement / Lots / Entretien,Aménagement / Lots / Entretien
20260900387.0,Office des Céréales,01/09/2026,Acquisition d'une solution d'infrastructure de production informatique,08/10/2026 12:00,avis_ao,5,9,Informatique / IT,Équipements / Profit / Matériel
20260900032.0,Hôpital Charles Nicolle de Tunis,01/09/2026,Projet rénovation des équipements médicaux techniques fixes du bloc urologie,08/10/2026 09:30,avis_ao,5,9,Travaux / Construction,Équipements / Profit / Matériel
20260805231.0,Hôpital d'Enfants,01/09/2026,"LA COLLECTE, TRANSPORT, TRAITEMENT ET L'ELIMINATION FINALE DES DECHETS D'ACTIVITES DE SOINS A RISQUES INFECTIEUX",03/10/2026 10:00,avis_ao,0,7,Transport / Véhicules,Matériels / Informatiques / Transport
20260805366.0,Office de Développement Sylvo Pastoral du Nord-Ouest,31/08/2026,"Travaux de construction de 62 citernes individuelles de collecte d'eau pluviale, équipées d'une pompe photovoltaïque, et aménagement des toits des habitations dans les gouvernorats de Béja, Jandouba, Le Kef, siliana et Bizerte.",12/10/2026 10:00,avis_ao,9,3,Photovoltaïque / Énergie solaire,Aménagement / Lots / Entretien
20260805292.0,Office de la Marine Marchande et des Ports,31/08/2026,ACHEVEMENT DES TRAVAUX DE REVETEMENT DE LA SALLE DES VOYAGEURS DE LA GARE MARITIME AU PORT DE LA GOULETTE,13/10/2026 10:00,avis_ao,10,1,Travaux / Construction,Construction / Ao / Achat
20260805298.0,Conseil régional de siliana,31/08/2026,"أشغال تهيئة الملعب البلدي بقعفور""قسط تهيئة مداخل النجدة وصيانة المدارج""",06/10/2026 09:00,avis_ao,3,6,Travaux / Construction,أشغال / تهيئة / إنجاز
20260805270.0,Hôpital Hédi Chaker Sfax,31/08/2026,Acquisition systéme d'imagerie intra vasculaire avec mesure fonctionnelle de la réserve coronaire pour le service de cardiologie,16/10/2026 10:00,avis_ao,13,0,Mise / Installation / Service,Mise / Installation / Service
