2026-08-21 10:44:29,465 [INFO] [Pipeline] Interpréteur Python utilisé : C:\Users\user\AppData\Local\Programs\Python\Python311\python.exe
2026-08-21 10:44:33,560 [INFO] [Pipeline] ########## Démarrage du pipeline Aker Service — 21/08/2026 10:44 ##########
2026-08-21 10:44:33,560 [INFO] [Pipeline] === Agent 1 : Scraping ===
2026-08-21 10:44:33,560 [INFO] [Pipeline] ====== WebDriver manager ======
2026-08-21 10:44:34,724 [INFO] [Pipeline] Get LATEST chromedriver version for google-chrome
2026-08-21 10:44:36,090 [INFO] [Pipeline] Get LATEST chromedriver version for google-chrome
2026-08-21 10:44:37,770 [INFO] [Pipeline] WebDriver version 151.0.7922.138 selected
2026-08-21 10:44:37,774 [INFO] [Pipeline] Modern chrome version https://storage.googleapis.com/chrome-for-testing-public/151.0.7922.138/win64/chromedriver-win64.zip
2026-08-21 10:44:37,774 [INFO] [Pipeline] About to download new driver from https://storage.googleapis.com/chrome-for-testing-public/151.0.7922.138/win64/chromedriver-win64.zip
2026-08-21 10:44:38,795 [INFO] [Pipeline] Driver downloading response is 200
2026-08-21 10:46:31,118 [INFO] [Pipeline] Driver has been saved in cache [C:\Users\user\.wdm\drivers\chromedriver\win64\151.0.7922.138]
2026-08-21 10:46:32,646 [INFO] [Pipeline] Ouverture : https://www.tuneps.tn/portail/offres
2026-08-21 10:47:08,168 [INFO] [Pipeline]   Page 1...
2026-08-21 10:47:08,452 [INFO] [Pipeline]     10 lignes.
2026-08-21 10:47:08,452 [INFO] [Pipeline]     dont 10 encore actives.
2026-08-21 10:47:13,829 [INFO] [Pipeline]   Page 2...
2026-08-21 10:47:14,076 [INFO] [Pipeline]     10 lignes.
2026-08-21 10:47:14,076 [INFO] [Pipeline]     dont 10 encore actives.
2026-08-21 10:47:19,103 [INFO] [Pipeline]   Page 3...
2026-08-21 10:47:19,356 [INFO] [Pipeline]     10 lignes.
2026-08-21 10:47:19,356 [INFO] [Pipeline]     dont 10 encore actives.
2026-08-21 10:47:24,452 [INFO] [Pipeline]   Page 4...
2026-08-21 10:47:24,718 [INFO] [Pipeline]     10 lignes.
2026-08-21 10:47:24,719 [INFO] [Pipeline]     dont 10 encore actives.
2026-08-21 10:47:31,653 [INFO] [Pipeline]   Page 5...
2026-08-21 10:47:31,893 [INFO] [Pipeline]     10 lignes.
2026-08-21 10:47:31,909 [INFO] [Pipeline]     dont 10 encore actives.
2026-08-21 10:47:37,600 [INFO] [Pipeline]   Page 6...
2026-08-21 10:47:37,877 [INFO] [Pipeline]     10 lignes.
2026-08-21 10:47:37,877 [INFO] [Pipeline]     dont 10 encore actives.
2026-08-21 10:47:44,291 [INFO] [Pipeline]   Page 7...
2026-08-21 10:47:44,592 [INFO] [Pipeline]     10 lignes.
2026-08-21 10:47:44,592 [INFO] [Pipeline]     dont 10 encore actives.
2026-08-21 10:47:50,629 [INFO] [Pipeline]   Page 8...
2026-08-21 10:47:50,878 [INFO] [Pipeline]     10 lignes.
2026-08-21 10:47:50,879 [INFO] [Pipeline]     dont 10 encore actives.
2026-08-21 10:47:59,464 [INFO] [Pipeline]   Page 9...
2026-08-21 10:47:59,749 [INFO] [Pipeline]     10 lignes.
2026-08-21 10:47:59,749 [INFO] [Pipeline]     dont 10 encore actives.
2026-08-21 10:48:05,335 [INFO] [Pipeline]   Page 10...
2026-08-21 10:48:05,633 [INFO] [Pipeline]     10 lignes.
2026-08-21 10:48:05,634 [INFO] [Pipeline]     dont 10 encore actives.
2026-08-21 10:48:12,660 [INFO] [Pipeline]   Page 11...
2026-08-21 10:48:12,905 [INFO] [Pipeline]     10 lignes.
2026-08-21 10:48:12,905 [INFO] [Pipeline]     dont 10 encore actives.
2026-08-21 10:48:17,856 [INFO] [Pipeline]   Page 12...
2026-08-21 10:48:18,124 [INFO] [Pipeline]     10 lignes.
2026-08-21 10:48:18,124 [INFO] [Pipeline]     dont 10 encore actives.
2026-08-21 10:48:23,068 [INFO] [Pipeline]   Page 13...
2026-08-21 10:48:23,316 [INFO] [Pipeline]     10 lignes.
2026-08-21 10:48:23,316 [INFO] [Pipeline]     dont 10 encore actives.
2026-08-21 10:48:28,222 [INFO] [Pipeline]   Page 14...
2026-08-21 10:48:28,451 [INFO] [Pipeline]     7 lignes.
2026-08-21 10:48:28,451 [INFO] [Pipeline]     dont 7 encore actives.
2026-08-21 10:48:33,534 [INFO] [Pipeline]   Page 15...
2026-08-21 10:48:33,764 [INFO] [Pipeline]     8 lignes.
2026-08-21 10:48:33,764 [INFO] [Pipeline]     dont 8 encore actives.
2026-08-21 10:48:38,912 [INFO] [Pipeline]   Page 16...
2026-08-21 10:48:39,185 [INFO] [Pipeline]     10 lignes.
2026-08-21 10:48:39,186 [INFO] [Pipeline]     dont 10 encore actives.
2026-08-21 10:48:44,100 [INFO] [Pipeline]   Page 17...
2026-08-21 10:48:44,348 [INFO] [Pipeline]     10 lignes.
2026-08-21 10:48:44,348 [INFO] [Pipeline]     dont 10 encore actives.
2026-08-21 10:48:50,277 [INFO] [Pipeline]   Page 18...
2026-08-21 10:48:50,526 [INFO] [Pipeline]     10 lignes.
2026-08-21 10:48:50,526 [INFO] [Pipeline]     dont 10 encore actives.
2026-08-21 10:48:55,470 [INFO] [Pipeline]   Page 19...
2026-08-21 10:48:55,725 [INFO] [Pipeline]     10 lignes.
2026-08-21 10:48:55,725 [INFO] [Pipeline]     dont 10 encore actives.
2026-08-21 10:49:00,937 [INFO] [Pipeline]   Page 20...
2026-08-21 10:49:01,196 [INFO] [Pipeline]     10 lignes.
2026-08-21 10:49:01,196 [INFO] [Pipeline]     dont 10 encore actives.
2026-08-21 10:49:06,320 [INFO] [Pipeline]   Page 21...
2026-08-21 10:49:06,576 [INFO] [Pipeline]     10 lignes.
2026-08-21 10:49:06,576 [INFO] [Pipeline]     dont 10 encore actives.
2026-08-21 10:49:11,531 [INFO] [Pipeline]   Page 22...
2026-08-21 10:49:11,776 [INFO] [Pipeline]     10 lignes.
2026-08-21 10:49:11,776 [INFO] [Pipeline]     dont 10 encore actives.
2026-08-21 10:49:16,580 [INFO] [Pipeline]   Page 23...
2026-08-21 10:49:16,828 [INFO] [Pipeline]     10 lignes.
2026-08-21 10:49:16,828 [INFO] [Pipeline]     dont 9 encore actives.
2026-08-21 10:49:21,691 [INFO] [Pipeline]   Page 24...
2026-08-21 10:49:21,927 [INFO] [Pipeline]     10 lignes.
2026-08-21 10:49:21,927 [INFO] [Pipeline]     dont 10 encore actives.
2026-08-21 10:49:26,791 [INFO] [Pipeline]   Page 25...
2026-08-21 10:49:27,037 [INFO] [Pipeline]     10 lignes.
2026-08-21 10:49:27,037 [INFO] [Pipeline]     dont 10 encore actives.
2026-08-21 10:49:31,932 [INFO] [Pipeline]   Page 26...
2026-08-21 10:49:32,176 [INFO] [Pipeline]     10 lignes.
2026-08-21 10:49:32,176 [INFO] [Pipeline]     dont 9 encore actives.
2026-08-21 10:49:38,238 [INFO] [Pipeline]   Page 27...
2026-08-21 10:49:38,487 [INFO] [Pipeline]     10 lignes.
2026-08-21 10:49:38,487 [INFO] [Pipeline]     dont 10 encore actives.
2026-08-21 10:49:43,407 [INFO] [Pipeline]   Page 28...
2026-08-21 10:49:43,647 [INFO] [Pipeline]     10 lignes.
2026-08-21 10:49:43,647 [INFO] [Pipeline]     dont 10 encore actives.
2026-08-21 10:49:48,524 [INFO] [Pipeline]   Page 29...
2026-08-21 10:49:48,758 [INFO] [Pipeline]     10 lignes.
2026-08-21 10:49:48,758 [INFO] [Pipeline]     dont 10 encore actives.
2026-08-21 10:49:53,680 [INFO] [Pipeline]   Page 30...
2026-08-21 10:49:53,919 [INFO] [Pipeline]     10 lignes.
2026-08-21 10:49:53,919 [INFO] [Pipeline]     dont 9 encore actives.
2026-08-21 10:49:58,753 [INFO] [Pipeline]   Page 31...
2026-08-21 10:49:58,998 [INFO] [Pipeline]     10 lignes.
2026-08-21 10:49:58,998 [INFO] [Pipeline]     dont 10 encore actives.
2026-08-21 10:50:03,922 [INFO] [Pipeline]   Page 32...
2026-08-21 10:50:04,172 [INFO] [Pipeline]     10 lignes.
2026-08-21 10:50:04,172 [INFO] [Pipeline]     dont 8 encore actives.
2026-08-21 10:50:10,076 [INFO] [Pipeline]   Page 33...
2026-08-21 10:50:10,331 [INFO] [Pipeline]     10 lignes.
2026-08-21 10:50:10,331 [INFO] [Pipeline]     dont 9 encore actives.
2026-08-21 10:50:15,237 [INFO] [Pipeline]   Page 34...
2026-08-21 10:50:15,484 [INFO] [Pipeline]     10 lignes.
2026-08-21 10:50:15,484 [INFO] [Pipeline]     dont 9 encore actives.
2026-08-21 10:50:19,693 [WARNING] [Pipeline]   Élément devenu obsolète pendant le clic (page redessinée), nouvelle tentative...
2026-08-21 10:50:19,693 [INFO] [Pipeline]   Clic sans effet, nouvelle recherche du bouton (tentative 1/2)...
2026-08-21 10:50:26,575 [INFO] [Pipeline]   Page 35...
2026-08-21 10:50:26,818 [INFO] [Pipeline]     10 lignes.
2026-08-21 10:50:26,818 [INFO] [Pipeline]     dont 9 encore actives.
2026-08-21 10:50:32,300 [INFO] [Pipeline]   Page 36...
2026-08-21 10:50:32,553 [INFO] [Pipeline]     10 lignes.
2026-08-21 10:50:32,553 [INFO] [Pipeline]     dont 9 encore actives.
2026-08-21 10:50:37,992 [INFO] [Pipeline]   Page 37...
2026-08-21 10:50:38,246 [INFO] [Pipeline]     10 lignes.
2026-08-21 10:50:38,246 [INFO] [Pipeline]     dont 10 encore actives.
2026-08-21 10:50:43,574 [INFO] [Pipeline]   Page 38...
2026-08-21 10:50:43,817 [INFO] [Pipeline]     10 lignes.
2026-08-21 10:50:43,817 [INFO] [Pipeline]     dont 10 encore actives.
2026-08-21 10:50:50,331 [INFO] [Pipeline]   Page 39...
2026-08-21 10:50:50,569 [INFO] [Pipeline]     10 lignes.
2026-08-21 10:50:50,569 [INFO] [Pipeline]     dont 10 encore actives.
2026-08-21 10:50:55,485 [INFO] [Pipeline]   Page 40...
2026-08-21 10:50:55,626 [INFO] [Pipeline]     4 lignes.
2026-08-21 10:50:55,626 [INFO] [Pipeline]     dont 4 encore actives.
2026-08-21 10:51:02,698 [INFO] [Pipeline]   Page 41...
2026-08-21 10:51:02,932 [INFO] [Pipeline]     10 lignes.
2026-08-21 10:51:02,932 [INFO] [Pipeline]     dont 8 encore actives.
2026-08-21 10:51:07,892 [INFO] [Pipeline]   Page 42...
2026-08-21 10:51:08,135 [INFO] [Pipeline]     10 lignes.
2026-08-21 10:51:08,135 [INFO] [Pipeline]     dont 9 encore actives.
2026-08-21 10:51:13,005 [INFO] [Pipeline]   Page 43...
2026-08-21 10:51:13,266 [INFO] [Pipeline]     9 lignes.
2026-08-21 10:51:13,266 [INFO] [Pipeline]     dont 8 encore actives.
2026-08-21 10:51:18,318 [INFO] [Pipeline]   Page 44...
2026-08-21 10:51:18,564 [INFO] [Pipeline]     10 lignes.
2026-08-21 10:51:18,564 [INFO] [Pipeline]     dont 9 encore actives.
2026-08-21 10:51:23,446 [INFO] [Pipeline]   Page 45...
2026-08-21 10:51:23,701 [INFO] [Pipeline]     10 lignes.
2026-08-21 10:51:23,701 [INFO] [Pipeline]     dont 9 encore actives.
2026-08-21 10:51:29,247 [INFO] [Pipeline]   Page 46...
2026-08-21 10:51:29,502 [INFO] [Pipeline]     10 lignes.
2026-08-21 10:51:29,502 [INFO] [Pipeline]     dont 8 encore actives.
2026-08-21 10:51:34,831 [INFO] [Pipeline]   Page 47...
2026-08-21 10:51:35,154 [INFO] [Pipeline]     10 lignes.
2026-08-21 10:51:35,154 [INFO] [Pipeline]     dont 10 encore actives.
2026-08-21 10:51:40,368 [INFO] [Pipeline]   Page 48...
2026-08-21 10:51:40,603 [INFO] [Pipeline]     10 lignes.
2026-08-21 10:51:40,603 [INFO] [Pipeline]     dont 10 encore actives.
2026-08-21 10:51:45,447 [INFO] [Pipeline]   Page 49...
2026-08-21 10:51:45,697 [INFO] [Pipeline]     10 lignes.
2026-08-21 10:51:45,697 [INFO] [Pipeline]     dont 8 encore actives.
2026-08-21 10:51:50,611 [INFO] [Pipeline]   Page 50...
2026-08-21 10:51:50,854 [INFO] [Pipeline]     10 lignes.
2026-08-21 10:51:50,854 [INFO] [Pipeline]     dont 6 encore actives.
2026-08-21 10:51:55,676 [INFO] [Pipeline]   Page 51...
2026-08-21 10:51:55,920 [INFO] [Pipeline]     10 lignes.
2026-08-21 10:51:55,920 [INFO] [Pipeline]     dont 9 encore actives.
2026-08-21 10:52:00,807 [INFO] [Pipeline]   Page 52...
2026-08-21 10:52:01,054 [INFO] [Pipeline]     10 lignes.
2026-08-21 10:52:01,054 [INFO] [Pipeline]     dont 8 encore actives.
2026-08-21 10:52:05,876 [INFO] [Pipeline]   Page 53...
2026-08-21 10:52:06,121 [INFO] [Pipeline]     10 lignes.
2026-08-21 10:52:06,121 [INFO] [Pipeline]     dont 9 encore actives.
2026-08-21 10:52:10,989 [INFO] [Pipeline]   Page 54...
2026-08-21 10:52:11,239 [INFO] [Pipeline]     10 lignes.
2026-08-21 10:52:11,239 [INFO] [Pipeline]     dont 5 encore actives.
2026-08-21 10:52:16,045 [INFO] [Pipeline]   Page 55...
2026-08-21 10:52:16,278 [INFO] [Pipeline]     10 lignes.
2026-08-21 10:52:16,278 [INFO] [Pipeline]     dont 8 encore actives.
2026-08-21 10:52:21,141 [INFO] [Pipeline]   Page 56...
2026-08-21 10:52:21,391 [INFO] [Pipeline]     10 lignes.
2026-08-21 10:52:21,391 [INFO] [Pipeline]     dont 8 encore actives.
2026-08-21 10:52:26,217 [INFO] [Pipeline]   Page 57...
2026-08-21 10:52:26,519 [INFO] [Pipeline]     10 lignes.
2026-08-21 10:52:26,519 [INFO] [Pipeline]     dont 9 encore actives.
2026-08-21 10:52:31,346 [INFO] [Pipeline]   Page 58...
2026-08-21 10:52:31,636 [INFO] [Pipeline]     10 lignes.
2026-08-21 10:52:31,636 [INFO] [Pipeline]     dont 8 encore actives.
2026-08-21 10:52:36,483 [INFO] [Pipeline]   Page 59...
2026-08-21 10:52:36,760 [INFO] [Pipeline]     10 lignes.
2026-08-21 10:52:36,760 [INFO] [Pipeline]     dont 9 encore actives.
2026-08-21 10:52:41,651 [INFO] [Pipeline]   Page 60...
2026-08-21 10:52:41,935 [INFO] [Pipeline]     10 lignes.
2026-08-21 10:52:41,935 [INFO] [Pipeline]     dont 10 encore actives.
2026-08-21 10:52:46,777 [INFO] [Pipeline]   Page 61...
2026-08-21 10:52:47,053 [INFO] [Pipeline]     10 lignes.
2026-08-21 10:52:47,053 [INFO] [Pipeline]     dont 8 encore actives.
2026-08-21 10:52:51,912 [INFO] [Pipeline]   Page 62...
2026-08-21 10:52:52,202 [INFO] [Pipeline]     10 lignes.
2026-08-21 10:52:52,202 [INFO] [Pipeline]     dont 8 encore actives.
2026-08-21 10:53:00,028 [INFO] [Pipeline]   Page 63...
2026-08-21 10:53:00,268 [INFO] [Pipeline]     10 lignes.
2026-08-21 10:53:00,268 [INFO] [Pipeline]     dont 8 encore actives.
2026-08-21 10:53:05,108 [INFO] [Pipeline]   Page 64...
2026-08-21 10:53:05,361 [INFO] [Pipeline]     10 lignes.
2026-08-21 10:53:05,361 [INFO] [Pipeline]     dont 9 encore actives.
2026-08-21 10:53:10,658 [INFO] [Pipeline]   Page 65...
2026-08-21 10:53:10,903 [INFO] [Pipeline]     10 lignes.
2026-08-21 10:53:10,903 [INFO] [Pipeline]     dont 9 encore actives.
2026-08-21 10:53:15,731 [INFO] [Pipeline]   Page 66...
2026-08-21 10:53:15,982 [INFO] [Pipeline]     10 lignes.
2026-08-21 10:53:15,983 [INFO] [Pipeline]     dont 9 encore actives.
2026-08-21 10:53:21,088 [INFO] [Pipeline]   Page 67...
2026-08-21 10:53:21,346 [INFO] [Pipeline]     10 lignes.
2026-08-21 10:53:21,346 [INFO] [Pipeline]     dont 8 encore actives.
2026-08-21 10:53:26,413 [INFO] [Pipeline]   Page 68...
2026-08-21 10:53:26,667 [INFO] [Pipeline]     10 lignes.
2026-08-21 10:53:26,667 [INFO] [Pipeline]     dont 9 encore actives.
2026-08-21 10:53:32,378 [INFO] [Pipeline]   Page 69...
2026-08-21 10:53:32,628 [INFO] [Pipeline]     10 lignes.
2026-08-21 10:53:32,629 [INFO] [Pipeline]     dont 6 encore actives.
2026-08-21 10:53:37,715 [INFO] [Pipeline]   Page 70...
2026-08-21 10:53:37,961 [INFO] [Pipeline]     10 lignes.
2026-08-21 10:53:37,961 [INFO] [Pipeline]     dont 8 encore actives.
2026-08-21 10:53:42,794 [INFO] [Pipeline]   Page 71...
2026-08-21 10:53:43,025 [INFO] [Pipeline]     10 lignes.
2026-08-21 10:53:43,025 [INFO] [Pipeline]     dont 5 encore actives.
2026-08-21 10:53:47,952 [INFO] [Pipeline]   Page 72...
2026-08-21 10:53:48,190 [INFO] [Pipeline]     10 lignes.
2026-08-21 10:53:48,190 [INFO] [Pipeline]     dont 4 encore actives.
2026-08-21 10:53:54,556 [INFO] [Pipeline]   Page 73...
2026-08-21 10:53:54,806 [INFO] [Pipeline]     10 lignes.
2026-08-21 10:53:54,806 [INFO] [Pipeline]     dont 7 encore actives.
2026-08-21 10:53:59,642 [INFO] [Pipeline]   Page 74...
2026-08-21 10:53:59,887 [INFO] [Pipeline]     10 lignes.
2026-08-21 10:53:59,887 [INFO] [Pipeline]     dont 4 encore actives.
2026-08-21 10:54:05,191 [INFO] [Pipeline]   Page 75...
2026-08-21 10:54:05,434 [INFO] [Pipeline]     10 lignes.
2026-08-21 10:54:05,434 [INFO] [Pipeline]     dont 5 encore actives.
2026-08-21 10:54:10,279 [INFO] [Pipeline]   Page 76...
2026-08-21 10:54:10,521 [INFO] [Pipeline]     10 lignes.
2026-08-21 10:54:10,521 [INFO] [Pipeline]     dont 3 encore actives.
2026-08-21 10:54:15,315 [INFO] [Pipeline]   Page 77...
2026-08-21 10:54:15,567 [INFO] [Pipeline]     10 lignes.
2026-08-21 10:54:15,567 [INFO] [Pipeline]     dont 4 encore actives.
2026-08-21 10:54:20,618 [INFO] [Pipeline]   Page 78...
2026-08-21 10:54:20,853 [INFO] [Pipeline]     10 lignes.
2026-08-21 10:54:20,853 [INFO] [Pipeline]     dont 5 encore actives.
2026-08-21 10:54:26,689 [INFO] [Pipeline]   Page 79...
2026-08-21 10:54:26,938 [INFO] [Pipeline]     10 lignes.
2026-08-21 10:54:26,938 [INFO] [Pipeline]     dont 0 encore actives.
2026-08-21 10:54:32,843 [INFO] [Pipeline]   Page 80...
2026-08-21 10:54:33,089 [INFO] [Pipeline]     10 lignes.
2026-08-21 10:54:33,089 [INFO] [Pipeline]     dont 2 encore actives.
2026-08-21 10:54:38,474 [INFO] [Pipeline]   Page 81...
2026-08-21 10:54:38,710 [INFO] [Pipeline]     10 lignes.
2026-08-21 10:54:38,710 [INFO] [Pipeline]     dont 2 encore actives.
2026-08-21 10:54:43,581 [INFO] [Pipeline]   Page 82...
2026-08-21 10:54:43,836 [INFO] [Pipeline]     10 lignes.
2026-08-21 10:54:43,836 [INFO] [Pipeline]     dont 1 encore actives.
2026-08-21 10:54:48,666 [INFO] [Pipeline]   Page 83...
2026-08-21 10:54:48,902 [INFO] [Pipeline]     10 lignes.
2026-08-21 10:54:48,902 [INFO] [Pipeline]     dont 4 encore actives.
2026-08-21 10:54:53,833 [INFO] [Pipeline]   Page 84...
2026-08-21 10:54:54,071 [INFO] [Pipeline]     10 lignes.
2026-08-21 10:54:54,071 [INFO] [Pipeline]     dont 2 encore actives.
2026-08-21 10:54:58,904 [INFO] [Pipeline]   Page 85...
2026-08-21 10:54:59,148 [INFO] [Pipeline]     10 lignes.
2026-08-21 10:54:59,148 [INFO] [Pipeline]     dont 3 encore actives.
2026-08-21 10:55:05,578 [INFO] [Pipeline]   Page 86...
2026-08-21 10:55:05,836 [INFO] [Pipeline]     10 lignes.
2026-08-21 10:55:05,836 [INFO] [Pipeline]     dont 1 encore actives.
2026-08-21 10:55:10,681 [INFO] [Pipeline]   Page 87...
2026-08-21 10:55:10,926 [INFO] [Pipeline]     10 lignes.
2026-08-21 10:55:10,926 [INFO] [Pipeline]     dont 3 encore actives.
2026-08-21 10:55:15,816 [INFO] [Pipeline]   Page 88...
2026-08-21 10:55:16,070 [INFO] [Pipeline]     10 lignes.
2026-08-21 10:55:16,070 [INFO] [Pipeline]     dont 1 encore actives.
2026-08-21 10:55:20,879 [INFO] [Pipeline]   Page 89...
2026-08-21 10:55:21,137 [INFO] [Pipeline]     10 lignes.
2026-08-21 10:55:21,138 [INFO] [Pipeline]     dont 2 encore actives.
2026-08-21 10:55:26,230 [INFO] [Pipeline]   Page 90...
2026-08-21 10:55:26,324 [INFO] [Pipeline]     1 lignes.
2026-08-21 10:55:26,324 [INFO] [Pipeline]     dont 1 encore actives.
2026-08-21 10:55:32,876 [INFO] [Pipeline]   Page 91...
2026-08-21 10:55:33,167 [INFO] [Pipeline]     10 lignes.
2026-08-21 10:55:33,167 [INFO] [Pipeline]     dont 2 encore actives.
2026-08-21 10:55:38,077 [INFO] [Pipeline]   Page 92...
2026-08-21 10:55:38,335 [INFO] [Pipeline]     10 lignes.
2026-08-21 10:55:38,335 [INFO] [Pipeline]     dont 0 encore actives.
2026-08-21 10:55:43,156 [INFO] [Pipeline]   Page 93...
2026-08-21 10:55:43,394 [INFO] [Pipeline]     10 lignes.
2026-08-21 10:55:43,394 [INFO] [Pipeline]     dont 0 encore actives.
2026-08-21 10:55:43,394 [INFO] [Pipeline]   Plus aucune offre active depuis 2 pages : arrêt anticipé (le reste est expiré).
2026-08-21 10:55:43,410 [INFO] [Pipeline] Sauvegardé : C:\Users\user\Desktop\Aker Service\app\data\raw_avis_ao.json (691 lignes)
2026-08-21 10:55:43,410 [INFO] [Pipeline] Ouverture : https://www.tuneps.tn/portail/consultations
2026-08-21 10:55:50,519 [INFO] [Pipeline]   Taille de page augmentée à 100 lignes/page.
2026-08-21 10:55:50,519 [INFO] [Pipeline]   Page 1...
2026-08-21 10:55:52,962 [INFO] [Pipeline]     100 lignes.
2026-08-21 10:55:52,962 [INFO] [Pipeline]     dont 99 encore actives.
2026-08-21 10:56:04,752 [INFO] [Pipeline]   Page 2...
2026-08-21 10:56:06,684 [INFO] [Pipeline]     10 lignes.
2026-08-21 10:56:06,684 [INFO] [Pipeline]     dont 10 encore actives.
2026-08-21 10:56:20,126 [INFO] [Pipeline]   Page 3...
2026-08-21 10:56:21,101 [INFO] [Pipeline]     17 lignes.
2026-08-21 10:56:21,101 [INFO] [Pipeline]     dont 17 encore actives.
2026-08-21 10:56:33,261 [INFO] [Pipeline]   Page 4...
2026-08-21 10:56:34,210 [INFO] [Pipeline]     19 lignes.
2026-08-21 10:56:34,210 [INFO] [Pipeline]     dont 19 encore actives.
2026-08-21 10:56:49,212 [INFO] [Pipeline]   Page 5...
2026-08-21 10:56:50,994 [INFO] [Pipeline]     32 lignes.
2026-08-21 10:56:50,994 [INFO] [Pipeline]     dont 32 encore actives.
2026-08-21 10:57:03,055 [INFO] [Pipeline]   Page 6...
2026-08-21 10:57:04,327 [INFO] [Pipeline]     36 lignes.
2026-08-21 10:57:04,327 [INFO] [Pipeline]     dont 36 encore actives.
2026-08-21 10:57:16,077 [INFO] [Pipeline]   Page 7...
2026-08-21 10:57:17,453 [INFO] [Pipeline]     32 lignes.
2026-08-21 10:57:17,453 [INFO] [Pipeline]     dont 32 encore actives.
2026-08-21 10:57:29,302 [INFO] [Pipeline]   Page 8...
2026-08-21 10:57:30,985 [INFO] [Pipeline]     57 lignes.
2026-08-21 10:57:30,985 [INFO] [Pipeline]     dont 57 encore actives.
2026-08-21 10:57:42,834 [INFO] [Pipeline]   Page 9...
2026-08-21 10:57:44,980 [INFO] [Pipeline]     82 lignes.
2026-08-21 10:57:44,980 [INFO] [Pipeline]     dont 82 encore actives.
2026-08-21 10:57:56,804 [INFO] [Pipeline]   Page 10...
2026-08-21 10:57:58,054 [INFO] [Pipeline]     38 lignes.
2026-08-21 10:57:58,054 [INFO] [Pipeline]     dont 38 encore actives.
2026-08-21 10:58:10,571 [INFO] [Pipeline]   Page 11...
2026-08-21 10:58:11,887 [INFO] [Pipeline]     35 lignes.
2026-08-21 10:58:11,887 [INFO] [Pipeline]     dont 35 encore actives.
2026-08-21 10:58:24,343 [INFO] [Pipeline]   Page 12...
2026-08-21 10:58:24,975 [INFO] [Pipeline]     5 lignes.
2026-08-21 10:58:24,975 [INFO] [Pipeline]     dont 5 encore actives.
2026-08-21 10:58:37,228 [INFO] [Pipeline]   Page 13...
2026-08-21 10:58:37,912 [INFO] [Pipeline]     7 lignes.
2026-08-21 10:58:37,914 [INFO] [Pipeline]     dont 7 encore actives.
2026-08-21 10:58:50,472 [INFO] [Pipeline]   Page 14...
2026-08-21 10:58:51,407 [INFO] [Pipeline]     13 lignes.
2026-08-21 10:58:51,408 [INFO] [Pipeline]     dont 13 encore actives.
2026-08-21 10:59:04,100 [INFO] [Pipeline]   Page 15...
2026-08-21 10:59:04,705 [INFO] [Pipeline]     6 lignes.
2026-08-21 10:59:04,705 [INFO] [Pipeline]     dont 6 encore actives.
2026-08-21 10:59:16,425 [INFO] [Pipeline]   Page 16...
2026-08-21 10:59:17,286 [INFO] [Pipeline]     18 lignes.
2026-08-21 10:59:17,286 [INFO] [Pipeline]     dont 18 encore actives.
2026-08-21 10:59:29,118 [INFO] [Pipeline]   Page 17...
2026-08-21 10:59:29,783 [INFO] [Pipeline]     8 lignes.
2026-08-21 10:59:29,783 [INFO] [Pipeline]     dont 8 encore actives.
2026-08-21 10:59:41,456 [INFO] [Pipeline]   Page 18...
2026-08-21 10:59:42,534 [INFO] [Pipeline]     29 lignes.
2026-08-21 10:59:42,534 [INFO] [Pipeline]     dont 29 encore actives.
2026-08-21 10:59:54,157 [INFO] [Pipeline]   Page 19...
2026-08-21 10:59:54,720 [INFO] [Pipeline]     4 lignes.
2026-08-21 10:59:54,721 [INFO] [Pipeline]     dont 4 encore actives.
2026-08-21 11:00:06,402 [INFO] [Pipeline]   Page 20...
2026-08-21 11:00:07,869 [INFO] [Pipeline]     46 lignes.
2026-08-21 11:00:07,869 [INFO] [Pipeline]     dont 46 encore actives.
2026-08-21 11:00:19,638 [INFO] [Pipeline]   Page 21...
2026-08-21 11:00:21,946 [INFO] [Pipeline]     86 lignes.
2026-08-21 11:00:21,946 [INFO] [Pipeline]     dont 86 encore actives.
2026-08-21 11:00:34,567 [INFO] [Pipeline]   Page 22...
2026-08-21 11:00:37,179 [INFO] [Pipeline]     96 lignes.
2026-08-21 11:00:37,180 [INFO] [Pipeline]     dont 92 encore actives.
2026-08-21 11:00:50,532 [INFO] [Pipeline]   Page 23...
2026-08-21 11:00:52,783 [INFO] [Pipeline]     67 lignes.
2026-08-21 11:00:52,784 [INFO] [Pipeline]     dont 67 encore actives.
2026-08-21 11:01:06,609 [INFO] [Pipeline]   Page 24...
2026-08-21 11:01:09,483 [INFO] [Pipeline]     100 lignes.
2026-08-21 11:01:09,485 [INFO] [Pipeline]     dont 92 encore actives.
2026-08-21 11:01:23,080 [INFO] [Pipeline]   Page 25...
2026-08-21 11:01:24,113 [INFO] [Pipeline]     21 lignes.
2026-08-21 11:01:24,113 [INFO] [Pipeline]     dont 21 encore actives.
2026-08-21 11:01:37,544 [INFO] [Pipeline]   Page 26...
2026-08-21 11:01:39,579 [INFO] [Pipeline]     57 lignes.
2026-08-21 11:01:39,579 [INFO] [Pipeline]     dont 57 encore actives.
2026-08-21 11:01:53,520 [INFO] [Pipeline]   Page 27...
2026-08-21 11:01:54,509 [INFO] [Pipeline]     22 lignes.
2026-08-21 11:01:54,510 [INFO] [Pipeline]     dont 22 encore actives.
2026-08-21 11:02:07,622 [INFO] [Pipeline]   Page 28...
2026-08-21 11:02:08,900 [INFO] [Pipeline]     16 lignes.
2026-08-21 11:02:08,900 [INFO] [Pipeline]     dont 16 encore actives.
2026-08-21 11:02:27,200 [INFO] [Pipeline]   Page 29...
2026-08-21 11:02:28,085 [INFO] [Pipeline]     7 lignes.
2026-08-21 11:02:28,085 [INFO] [Pipeline]     dont 7 encore actives.
2026-08-21 11:02:43,486 [INFO] [Pipeline]   Page 30...
2026-08-21 11:02:44,558 [INFO] [Pipeline]     27 lignes.
2026-08-21 11:02:44,559 [INFO] [Pipeline]     dont 27 encore actives.
2026-08-21 11:02:58,558 [INFO] [Pipeline]   Page 31...
2026-08-21 11:02:59,465 [INFO] [Pipeline]     19 lignes.
2026-08-21 11:02:59,465 [INFO] [Pipeline]     dont 19 encore actives.
2026-08-21 11:03:13,007 [INFO] [Pipeline]   Page 32...
2026-08-21 11:03:14,645 [INFO] [Pipeline]     50 lignes.
2026-08-21 11:03:14,645 [INFO] [Pipeline]     dont 50 encore actives.
2026-08-21 11:03:28,274 [INFO] [Pipeline]   Page 33...
2026-08-21 11:03:29,501 [INFO] [Pipeline]     33 lignes.
2026-08-21 11:03:29,501 [INFO] [Pipeline]     dont 33 encore actives.
2026-08-21 11:03:42,798 [INFO] [Pipeline]   Page 34...
2026-08-21 11:03:44,863 [INFO] [Pipeline]     64 lignes.
2026-08-21 11:03:44,863 [INFO] [Pipeline]     dont 64 encore actives.
2026-08-21 11:03:58,364 [INFO] [Pipeline]   Page 35...
2026-08-21 11:03:59,338 [INFO] [Pipeline]     22 lignes.
2026-08-21 11:03:59,338 [INFO] [Pipeline]     dont 22 encore actives.
2026-08-21 11:04:14,719 [INFO] [Pipeline]   Page 36...
2026-08-21 11:04:15,451 [INFO] [Pipeline]     4 lignes.
2026-08-21 11:04:15,451 [INFO] [Pipeline]     dont 4 encore actives.
2026-08-21 11:04:30,232 [INFO] [Pipeline]   Page 37...
2026-08-21 11:04:31,162 [INFO] [Pipeline]     18 lignes.
2026-08-21 11:04:31,162 [INFO] [Pipeline]     dont 18 encore actives.
2026-08-21 11:04:44,286 [INFO] [Pipeline]   Page 38...
2026-08-21 11:04:46,156 [INFO] [Pipeline]     66 lignes.
2026-08-21 11:04:46,156 [INFO] [Pipeline]     dont 66 encore actives.
2026-08-21 11:04:58,773 [INFO] [Pipeline]   Page 39...
2026-08-21 11:04:59,950 [INFO] [Pipeline]     34 lignes.
2026-08-21 11:04:59,950 [INFO] [Pipeline]     dont 34 encore actives.
2026-08-21 11:05:12,751 [INFO] [Pipeline]   Page 40...
2026-08-21 11:05:14,036 [INFO] [Pipeline]     38 lignes.
2026-08-21 11:05:14,036 [INFO] [Pipeline]     dont 38 encore actives.
2026-08-21 11:05:26,870 [INFO] [Pipeline]   Page 41...
2026-08-21 11:05:28,467 [INFO] [Pipeline]     54 lignes.
2026-08-21 11:05:28,467 [INFO] [Pipeline]     dont 54 encore actives.
2026-08-21 11:05:40,996 [INFO] [Pipeline]   Page 42...
2026-08-21 11:05:42,237 [INFO] [Pipeline]     34 lignes.
2026-08-21 11:05:42,238 [INFO] [Pipeline]     dont 34 encore actives.
2026-08-21 11:05:54,776 [INFO] [Pipeline]   Page 43...
2026-08-21 11:05:56,223 [INFO] [Pipeline]     46 lignes.
2026-08-21 11:05:56,223 [INFO] [Pipeline]     dont 46 encore actives.
2026-08-21 11:06:09,147 [INFO] [Pipeline]   Page 44...
2026-08-21 11:06:10,048 [INFO] [Pipeline]     20 lignes.
2026-08-21 11:06:10,048 [INFO] [Pipeline]     dont 20 encore actives.
2026-08-21 11:06:22,718 [INFO] [Pipeline]   Page 45...
2026-08-21 11:06:25,189 [INFO] [Pipeline]     100 lignes.
2026-08-21 11:06:25,190 [INFO] [Pipeline]     dont 91 encore actives.
2026-08-21 11:06:37,246 [INFO] [Pipeline]   Page 46...
2026-08-21 11:06:39,864 [INFO] [Pipeline]     100 lignes.
2026-08-21 11:06:39,865 [INFO] [Pipeline]     dont 91 encore actives.
2026-08-21 11:06:52,688 [INFO] [Pipeline]   Page 47...
2026-08-21 11:06:54,455 [INFO] [Pipeline]     60 lignes.
2026-08-21 11:06:54,455 [INFO] [Pipeline]     dont 60 encore actives.
2026-08-21 11:07:07,334 [INFO] [Pipeline]   Page 48...
2026-08-21 11:07:09,825 [INFO] [Pipeline]     100 lignes.
2026-08-21 11:07:09,825 [INFO] [Pipeline]     dont 91 encore actives.
2026-08-21 11:07:22,341 [INFO] [Pipeline]   Page 49...
2026-08-21 11:07:24,829 [INFO] [Pipeline]     100 lignes.
2026-08-21 11:07:24,829 [INFO] [Pipeline]     dont 90 encore actives.
2026-08-21 11:07:40,167 [INFO] [Pipeline]   Page 50...
2026-08-21 11:07:42,554 [INFO] [Pipeline]     93 lignes.
2026-08-21 11:07:42,554 [INFO] [Pipeline]     dont 92 encore actives.
2026-08-21 11:07:55,648 [INFO] [Pipeline]   Page 51...
2026-08-21 11:07:58,237 [INFO] [Pipeline]     100 lignes.
2026-08-21 11:07:58,238 [INFO] [Pipeline]     dont 91 encore actives.
2026-08-21 11:08:12,282 [INFO] [Pipeline]   Page 52...
2026-08-21 11:08:14,717 [INFO] [Pipeline]     100 lignes.
2026-08-21 11:08:14,717 [INFO] [Pipeline]     dont 90 encore actives.
2026-08-21 11:08:27,816 [INFO] [Pipeline]   Page 53...
2026-08-21 11:08:30,258 [INFO] [Pipeline]     100 lignes.
2026-08-21 11:08:30,258 [INFO] [Pipeline]     dont 90 encore actives.
2026-08-21 11:08:44,863 [INFO] [Pipeline]   Page 54...
2026-08-21 11:08:47,367 [INFO] [Pipeline]     100 lignes.
2026-08-21 11:08:47,367 [INFO] [Pipeline]     dont 90 encore actives.
2026-08-21 11:08:59,928 [INFO] [Pipeline]   Page 55...
2026-08-21 11:09:02,069 [INFO] [Pipeline]     82 lignes.
2026-08-21 11:09:02,069 [INFO] [Pipeline]     dont 82 encore actives.
2026-08-21 11:09:14,624 [INFO] [Pipeline]   Page 56...
2026-08-21 11:09:17,187 [INFO] [Pipeline]     100 lignes.
2026-08-21 11:09:17,187 [INFO] [Pipeline]     dont 90 encore actives.
2026-08-21 11:09:29,663 [INFO] [Pipeline]   Page 57...
2026-08-21 11:09:32,103 [INFO] [Pipeline]     100 lignes.
2026-08-21 11:09:32,104 [INFO] [Pipeline]     dont 91 encore actives.
2026-08-21 11:09:47,488 [INFO] [Pipeline]   Page 58...
2026-08-21 11:09:50,051 [INFO] [Pipeline]     100 lignes.
2026-08-21 11:09:50,052 [INFO] [Pipeline]     dont 90 encore actives.
2026-08-21 11:10:04,924 [INFO] [Pipeline]   Page 59...
2026-08-21 11:10:07,376 [INFO] [Pipeline]     100 lignes.
2026-08-21 11:10:07,378 [INFO] [Pipeline]     dont 92 encore actives.
2026-08-21 11:10:20,472 [INFO] [Pipeline]   Page 60...
2026-08-21 11:10:22,423 [INFO] [Pipeline]     71 lignes.
2026-08-21 11:10:22,423 [INFO] [Pipeline]     dont 71 encore actives.
2026-08-21 11:10:35,907 [INFO] [Pipeline]   Page 61...
2026-08-21 11:10:38,742 [INFO] [Pipeline]     100 lignes.
2026-08-21 11:10:38,742 [INFO] [Pipeline]     dont 92 encore actives.
2026-08-21 11:10:53,999 [INFO] [Pipeline]   Page 62...
2026-08-21 11:10:56,468 [INFO] [Pipeline]     100 lignes.
2026-08-21 11:10:56,469 [INFO] [Pipeline]     dont 91 encore actives.
2026-08-21 11:11:10,177 [INFO] [Pipeline]   Page 63...
2026-08-21 11:11:12,664 [INFO] [Pipeline]     100 lignes.
2026-08-21 11:11:12,664 [INFO] [Pipeline]     dont 90 encore actives.
2026-08-21 11:11:24,881 [INFO] [Pipeline]   Page 64...
2026-08-21 11:11:25,476 [INFO] [Pipeline]     5 lignes.
2026-08-21 11:11:25,476 [INFO] [Pipeline]     dont 5 encore actives.
2026-08-21 11:11:38,089 [INFO] [Pipeline]   Page 65...
2026-08-21 11:11:39,392 [INFO] [Pipeline]     38 lignes.
2026-08-21 11:11:39,392 [INFO] [Pipeline]     dont 38 encore actives.
2026-08-21 11:11:52,247 [INFO] [Pipeline]   Page 66...
2026-08-21 11:11:53,843 [INFO] [Pipeline]     47 lignes.
2026-08-21 11:11:53,843 [INFO] [Pipeline]     dont 47 encore actives.
2026-08-21 11:12:06,526 [INFO] [Pipeline]   Page 67...
2026-08-21 11:12:07,097 [INFO] [Pipeline]     5 lignes.
2026-08-21 11:12:07,097 [INFO] [Pipeline]     dont 5 encore actives.
2026-08-21 11:12:19,595 [INFO] [Pipeline]   Page 68...
2026-08-21 11:12:20,240 [INFO] [Pipeline]     9 lignes.
2026-08-21 11:12:20,240 [INFO] [Pipeline]     dont 9 encore actives.
2026-08-21 11:12:32,731 [INFO] [Pipeline]   Page 69...
2026-08-21 11:12:34,295 [INFO] [Pipeline]     51 lignes.
2026-08-21 11:12:34,295 [INFO] [Pipeline]     dont 51 encore actives.
2026-08-21 11:12:49,964 [INFO] [Pipeline]   Page 70...
2026-08-21 11:12:51,443 [INFO] [Pipeline]     43 lignes.
2026-08-21 11:12:51,443 [INFO] [Pipeline]     dont 43 encore actives.
2026-08-21 11:13:03,978 [INFO] [Pipeline]   Page 71...
2026-08-21 11:13:04,558 [INFO] [Pipeline]     5 lignes.
2026-08-21 11:13:04,558 [INFO] [Pipeline]     dont 5 encore actives.
2026-08-21 11:13:17,341 [INFO] [Pipeline]   Page 72...
2026-08-21 11:13:18,206 [INFO] [Pipeline]     19 lignes.
2026-08-21 11:13:18,206 [INFO] [Pipeline]     dont 19 encore actives.
2026-08-21 11:13:30,709 [INFO] [Pipeline]   Page 73...
2026-08-21 11:13:31,673 [INFO] [Pipeline]     21 lignes.
2026-08-21 11:13:31,673 [INFO] [Pipeline]     dont 21 encore actives.
2026-08-21 11:13:44,591 [INFO] [Pipeline]   Page 74...
2026-08-21 11:13:45,716 [INFO] [Pipeline]     31 lignes.
2026-08-21 11:13:45,716 [INFO] [Pipeline]     dont 31 encore actives.
2026-08-21 11:13:58,224 [INFO] [Pipeline]   Page 75...
2026-08-21 11:13:58,892 [INFO] [Pipeline]     10 lignes.
2026-08-21 11:13:58,892 [INFO] [Pipeline]     dont 10 encore actives.
2026-08-21 11:14:11,532 [INFO] [Pipeline]   Page 76...
2026-08-21 11:14:14,007 [INFO] [Pipeline]     100 lignes.
2026-08-21 11:14:14,007 [INFO] [Pipeline]     dont 91 encore actives.
2026-08-21 11:14:27,371 [INFO] [Pipeline]   Page 77...
2026-08-21 11:14:29,862 [INFO] [Pipeline]     100 lignes.
2026-08-21 11:14:29,864 [INFO] [Pipeline]     dont 90 encore actives.
2026-08-21 11:14:43,470 [INFO] [Pipeline]   Page 78...
2026-08-21 11:14:46,011 [INFO] [Pipeline]     100 lignes.
2026-08-21 11:14:46,012 [INFO] [Pipeline]     dont 91 encore actives.
2026-08-21 11:14:59,428 [INFO] [Pipeline]   Page 79...
2026-08-21 11:15:01,876 [INFO] [Pipeline]     100 lignes.
2026-08-21 11:15:01,877 [INFO] [Pipeline]     dont 90 encore actives.
2026-08-21 11:15:15,275 [INFO] [Pipeline]   Page 80...
2026-08-21 11:15:18,203 [INFO] [Pipeline]     100 lignes.
2026-08-21 11:15:18,205 [INFO] [Pipeline]     dont 90 encore actives.
2026-08-21 11:15:32,888 [INFO] [Pipeline]   Page 81...
2026-08-21 11:15:35,944 [INFO] [Pipeline]     100 lignes.
2026-08-21 11:15:35,944 [INFO] [Pipeline]     dont 91 encore actives.
2026-08-21 11:15:50,389 [INFO] [Pipeline]   Page 82...
2026-08-21 11:15:53,508 [INFO] [Pipeline]     100 lignes.
2026-08-21 11:15:53,510 [INFO] [Pipeline]     dont 90 encore actives.
2026-08-21 11:16:07,150 [INFO] [Pipeline]   Page 83...
2026-08-21 11:16:10,426 [INFO] [Pipeline]     98 lignes.
2026-08-21 11:16:10,426 [INFO] [Pipeline]     dont 90 encore actives.
2026-08-21 11:16:25,857 [INFO] [Pipeline]   Page 84...
2026-08-21 11:16:28,412 [INFO] [Pipeline]     73 lignes.
2026-08-21 11:16:28,412 [INFO] [Pipeline]     dont 73 encore actives.
2026-08-21 11:16:43,442 [INFO] [Pipeline]   Page 85...
2026-08-21 11:16:46,476 [INFO] [Pipeline]     100 lignes.
2026-08-21 11:16:46,476 [INFO] [Pipeline]     dont 90 encore actives.
2026-08-21 11:16:59,634 [INFO] [Pipeline]   Page 86...
2026-08-21 11:17:02,889 [INFO] [Pipeline]     100 lignes.
2026-08-21 11:17:02,889 [INFO] [Pipeline]     dont 90 encore actives.
2026-08-21 11:17:17,260 [INFO] [Pipeline]   Page 87...
2026-08-21 11:17:20,261 [INFO] [Pipeline]     100 lignes.
2026-08-21 11:17:20,261 [INFO] [Pipeline]     dont 91 encore actives.
2026-08-21 11:17:34,757 [INFO] [Pipeline]   Page 88...
2026-08-21 11:17:38,957 [INFO] [Pipeline]     100 lignes.
2026-08-21 11:17:38,957 [INFO] [Pipeline]     dont 90 encore actives.
2026-08-21 11:17:54,388 [INFO] [Pipeline]   Page 89...
2026-08-21 11:17:57,337 [INFO] [Pipeline]     100 lignes.
2026-08-21 11:17:57,338 [INFO] [Pipeline]     dont 89 encore actives.
2026-08-21 11:18:11,942 [INFO] [Pipeline]   Page 90...
2026-08-21 11:18:14,326 [INFO] [Pipeline]     54 lignes.
2026-08-21 11:18:14,326 [INFO] [Pipeline]     dont 54 encore actives.
2026-08-21 11:18:29,691 [INFO] [Pipeline]   Page 91...
2026-08-21 11:18:30,674 [INFO] [Pipeline]     13 lignes.
2026-08-21 11:18:30,674 [INFO] [Pipeline]     dont 13 encore actives.
2026-08-21 11:18:46,445 [INFO] [Pipeline]   Page 92...
2026-08-21 11:18:47,783 [INFO] [Pipeline]     32 lignes.
2026-08-21 11:18:47,784 [INFO] [Pipeline]     dont 32 encore actives.
2026-08-21 11:19:03,190 [INFO] [Pipeline]   Page 93...
2026-08-21 11:19:04,013 [INFO] [Pipeline]     10 lignes.
2026-08-21 11:19:04,013 [INFO] [Pipeline]     dont 10 encore actives.
2026-08-21 11:19:19,427 [INFO] [Pipeline]   Page 94...
2026-08-21 11:19:20,886 [INFO] [Pipeline]     36 lignes.
2026-08-21 11:19:20,886 [INFO] [Pipeline]     dont 36 encore actives.
2026-08-21 11:19:36,080 [INFO] [Pipeline]   Page 95...
2026-08-21 11:19:36,854 [INFO] [Pipeline]     3 lignes.
2026-08-21 11:19:36,854 [INFO] [Pipeline]     dont 3 encore actives.
2026-08-21 11:19:51,737 [INFO] [Pipeline]   Page 96...
2026-08-21 11:19:53,401 [INFO] [Pipeline]     44 lignes.
2026-08-21 11:19:53,401 [INFO] [Pipeline]     dont 44 encore actives.
2026-08-21 11:20:08,605 [INFO] [Pipeline]   Page 97...
2026-08-21 11:20:09,509 [INFO] [Pipeline]     14 lignes.
2026-08-21 11:20:09,509 [INFO] [Pipeline]     dont 14 encore actives.
2026-08-21 11:20:24,368 [INFO] [Pipeline]   Page 98...
2026-08-21 11:20:25,744 [INFO] [Pipeline]     32 lignes.
2026-08-21 11:20:25,744 [INFO] [Pipeline]     dont 32 encore actives.
2026-08-21 11:20:41,165 [INFO] [Pipeline]   Page 99...
2026-08-21 11:20:42,212 [INFO] [Pipeline]     20 lignes.
2026-08-21 11:20:42,212 [INFO] [Pipeline]     dont 20 encore actives.
2026-08-21 11:20:57,128 [INFO] [Pipeline]   Page 100...
2026-08-21 11:20:58,852 [INFO] [Pipeline]     41 lignes.
2026-08-21 11:20:58,852 [INFO] [Pipeline]     dont 41 encore actives.
2026-08-21 11:21:14,311 [INFO] [Pipeline]   Page 101...
2026-08-21 11:21:17,102 [INFO] [Pipeline]     82 lignes.
2026-08-21 11:21:17,102 [INFO] [Pipeline]     dont 82 encore actives.
2026-08-21 11:21:32,264 [INFO] [Pipeline]   Page 102...
2026-08-21 11:21:33,194 [INFO] [Pipeline]     15 lignes.
2026-08-21 11:21:33,194 [INFO] [Pipeline]     dont 15 encore actives.
2026-08-21 11:21:48,334 [INFO] [Pipeline]   Page 103...
2026-08-21 11:21:49,499 [INFO] [Pipeline]     25 lignes.
2026-08-21 11:21:49,499 [INFO] [Pipeline]     dont 25 encore actives.
2026-08-21 11:22:04,434 [INFO] [Pipeline]   Page 104...
2026-08-21 11:22:05,994 [INFO] [Pipeline]     39 lignes.
2026-08-21 11:22:05,994 [INFO] [Pipeline]     dont 39 encore actives.
2026-08-21 11:22:20,727 [INFO] [Pipeline]   Page 105...
2026-08-21 11:22:22,610 [INFO] [Pipeline]     47 lignes.
2026-08-21 11:22:22,610 [INFO] [Pipeline]     dont 47 encore actives.
2026-08-21 11:22:37,857 [INFO] [Pipeline]   Page 106...
2026-08-21 11:22:38,861 [INFO] [Pipeline]     15 lignes.
2026-08-21 11:22:38,861 [INFO] [Pipeline]     dont 15 encore actives.
2026-08-21 11:22:53,570 [INFO] [Pipeline]   Page 107...
2026-08-21 11:22:55,305 [INFO] [Pipeline]     43 lignes.
2026-08-21 11:22:55,305 [INFO] [Pipeline]     dont 43 encore actives.
2026-08-21 11:23:10,245 [INFO] [Pipeline]   Page 108...
2026-08-21 11:23:11,017 [INFO] [Pipeline]     8 lignes.
2026-08-21 11:23:11,017 [INFO] [Pipeline]     dont 8 encore actives.
2026-08-21 11:23:26,418 [INFO] [Pipeline]   Page 109...
2026-08-21 11:23:27,435 [INFO] [Pipeline]     20 lignes.
2026-08-21 11:23:27,435 [INFO] [Pipeline]     dont 20 encore actives.
2026-08-21 11:23:42,510 [INFO] [Pipeline]   Page 110...
2026-08-21 11:23:43,184 [INFO] [Pipeline]     5 lignes.
2026-08-21 11:23:43,184 [INFO] [Pipeline]     dont 5 encore actives.
2026-08-21 11:23:58,547 [INFO] [Pipeline]   Page 111...
2026-08-21 11:24:00,178 [INFO] [Pipeline]     30 lignes.
2026-08-21 11:24:00,178 [INFO] [Pipeline]     dont 30 encore actives.
2026-08-21 11:24:14,827 [INFO] [Pipeline]   Page 112...
2026-08-21 11:24:15,677 [INFO] [Pipeline]     5 lignes.
2026-08-21 11:24:15,677 [INFO] [Pipeline]     dont 5 encore actives.
2026-08-21 11:24:31,187 [INFO] [Pipeline]   Page 113...
2026-08-21 11:24:32,292 [INFO] [Pipeline]     20 lignes.
2026-08-21 11:24:32,292 [INFO] [Pipeline]     dont 20 encore actives.
2026-08-21 11:24:48,011 [INFO] [Pipeline]   Page 114...
2026-08-21 11:24:49,077 [INFO] [Pipeline]     19 lignes.
2026-08-21 11:24:49,077 [INFO] [Pipeline]     dont 19 encore actives.
2026-08-21 11:25:04,260 [INFO] [Pipeline]   Page 115...
2026-08-21 11:25:05,102 [INFO] [Pipeline]     9 lignes.
2026-08-21 11:25:05,102 [INFO] [Pipeline]     dont 9 encore actives.
2026-08-21 11:25:20,516 [INFO] [Pipeline]   Page 116...
2026-08-21 11:25:21,503 [INFO] [Pipeline]     13 lignes.
2026-08-21 11:25:21,505 [INFO] [Pipeline]     dont 13 encore actives.
2026-08-21 11:25:37,016 [INFO] [Pipeline]   Page 117...
2026-08-21 11:25:37,728 [INFO] [Pipeline]     2 lignes.
2026-08-21 11:25:37,728 [INFO] [Pipeline]     dont 2 encore actives.
2026-08-21 11:25:56,596 [INFO] [Pipeline]   Page 118...
2026-08-21 11:25:58,646 [INFO] [Pipeline]     18 lignes.
2026-08-21 11:25:58,646 [INFO] [Pipeline]     dont 18 encore actives.
2026-08-21 11:26:21,194 [INFO] [Pipeline]   Page 119...
2026-08-21 11:26:22,220 [INFO] [Pipeline]     4 lignes.
2026-08-21 11:26:22,220 [INFO] [Pipeline]     dont 4 encore actives.
2026-08-21 11:26:43,584 [INFO] [Pipeline]   Page 120...
2026-08-21 11:26:44,569 [INFO] [Pipeline]     5 lignes.
2026-08-21 11:26:44,569 [INFO] [Pipeline]     dont 5 encore actives.
2026-08-21 11:27:05,988 [INFO] [Pipeline]   Page 121...
2026-08-21 11:27:07,539 [INFO] [Pipeline]     17 lignes.
2026-08-21 11:27:07,539 [INFO] [Pipeline]     dont 17 encore actives.
2026-08-21 11:27:29,945 [INFO] [Pipeline]   Page 122...
2026-08-21 11:27:31,154 [INFO] [Pipeline]     11 lignes.
2026-08-21 11:27:31,154 [INFO] [Pipeline]     dont 11 encore actives.
2026-08-21 11:27:54,575 [INFO] [Pipeline]   Page 123...
2026-08-21 11:27:56,016 [INFO] [Pipeline]     14 lignes.
2026-08-21 11:27:56,016 [INFO] [Pipeline]     dont 14 encore actives.
2026-08-21 11:28:19,999 [INFO] [Pipeline]   Page 124...
2026-08-21 11:28:24,430 [INFO] [Pipeline]     69 lignes.
2026-08-21 11:28:24,430 [INFO] [Pipeline]     dont 69 encore actives.
2026-08-21 11:28:47,633 [INFO] [Pipeline]   Page 125...
2026-08-21 11:28:48,668 [INFO] [Pipeline]     4 lignes.
2026-08-21 11:28:48,668 [INFO] [Pipeline]     dont 4 encore actives.
2026-08-21 11:29:10,029 [INFO] [Pipeline]   Page 126...
2026-08-21 11:29:10,983 [INFO] [Pipeline]     2 lignes.
2026-08-21 11:29:10,983 [INFO] [Pipeline]     dont 2 encore actives.
2026-08-21 11:29:34,030 [INFO] [Pipeline]   Page 127...
2026-08-21 11:29:35,195 [INFO] [Pipeline]     6 lignes.
2026-08-21 11:29:35,195 [INFO] [Pipeline]     dont 6 encore actives.
2026-08-21 11:29:59,098 [INFO] [Pipeline]   Page 128...
2026-08-21 11:30:01,406 [INFO] [Pipeline]     25 lignes.
2026-08-21 11:30:01,406 [INFO] [Pipeline]     dont 25 encore actives.
2026-08-21 11:30:22,685 [INFO] [Pipeline]   Page 129...
2026-08-21 11:30:23,498 [INFO] [Pipeline]     0 lignes.
2026-08-21 11:30:23,498 [INFO] [Pipeline]     dont 0 encore actives.
2026-08-21 11:30:45,652 [INFO] [Pipeline]   Page 130...
2026-08-21 11:30:46,691 [INFO] [Pipeline]     5 lignes.
2026-08-21 11:30:46,691 [INFO] [Pipeline]     dont 5 encore actives.
2026-08-21 11:31:04,283 [INFO] [Pipeline]   Page 131...
2026-08-21 11:31:04,894 [INFO] [Pipeline]     5 lignes.
2026-08-21 11:31:04,894 [INFO] [Pipeline]     dont 5 encore actives.
2026-08-21 11:31:17,596 [INFO] [Pipeline]   Page 132...
2026-08-21 11:31:18,462 [INFO] [Pipeline]     17 lignes.
2026-08-21 11:31:18,462 [INFO] [Pipeline]     dont 17 encore actives.
2026-08-21 11:31:31,693 [INFO] [Pipeline]   Page 133...
2026-08-21 11:31:33,742 [INFO] [Pipeline]     67 lignes.
2026-08-21 11:31:33,742 [INFO] [Pipeline]     dont 67 encore actives.
2026-08-21 11:31:47,475 [INFO] [Pipeline]   Page 134...
2026-08-21 11:31:48,401 [INFO] [Pipeline]     21 lignes.
2026-08-21 11:31:48,401 [INFO] [Pipeline]     dont 21 encore actives.
2026-08-21 11:32:02,270 [INFO] [Pipeline]   Page 135...
2026-08-21 11:32:02,793 [INFO] [Pipeline]     2 lignes.
2026-08-21 11:32:02,793 [INFO] [Pipeline]     dont 2 encore actives.
2026-08-21 11:32:15,346 [INFO] [Pipeline]   Page 136...
2026-08-21 11:32:16,232 [INFO] [Pipeline]     20 lignes.
2026-08-21 11:32:16,232 [INFO] [Pipeline]     dont 20 encore actives.
2026-08-21 11:32:29,095 [INFO] [Pipeline]   Page 137...
2026-08-21 11:32:30,139 [INFO] [Pipeline]     27 lignes.
2026-08-21 11:32:30,139 [INFO] [Pipeline]     dont 27 encore actives.
2026-08-21 11:32:43,026 [INFO] [Pipeline]   Page 138...
2026-08-21 11:32:43,661 [INFO] [Pipeline]     8 lignes.
2026-08-21 11:32:43,661 [INFO] [Pipeline]     dont 8 encore actives.
2026-08-21 11:32:56,281 [INFO] [Pipeline]   Page 139...
2026-08-21 11:32:56,892 [INFO] [Pipeline]     7 lignes.
2026-08-21 11:32:56,892 [INFO] [Pipeline]     dont 7 encore actives.
2026-08-21 11:33:09,220 [INFO] [Pipeline]   Page 140...
2026-08-21 11:33:10,687 [INFO] [Pipeline]     47 lignes.
2026-08-21 11:33:10,687 [INFO] [Pipeline]     dont 47 encore actives.
2026-08-21 11:33:23,568 [INFO] [Pipeline]   Page 141...
2026-08-21 11:33:24,461 [INFO] [Pipeline]     19 lignes.
2026-08-21 11:33:24,461 [INFO] [Pipeline]     dont 19 encore actives.
2026-08-21 11:33:36,981 [INFO] [Pipeline]   Page 142...
2026-08-21 11:33:37,643 [INFO] [Pipeline]     9 lignes.
2026-08-21 11:33:37,644 [INFO] [Pipeline]     dont 9 encore actives.
2026-08-21 11:33:50,256 [INFO] [Pipeline]   Page 143...
2026-08-21 11:33:51,249 [INFO] [Pipeline]     23 lignes.
2026-08-21 11:33:51,249 [INFO] [Pipeline]     dont 23 encore actives.
2026-08-21 11:34:04,166 [INFO] [Pipeline]   Page 144...
2026-08-21 11:34:04,904 [INFO] [Pipeline]     12 lignes.
2026-08-21 11:34:04,904 [INFO] [Pipeline]     dont 12 encore actives.
2026-08-21 11:34:17,317 [INFO] [Pipeline]   Page 145...
2026-08-21 11:34:19,764 [INFO] [Pipeline]     100 lignes.
2026-08-21 11:34:19,764 [INFO] [Pipeline]     dont 92 encore actives.
2026-08-21 11:34:32,224 [INFO] [Pipeline]   Page 146...
2026-08-21 11:34:32,914 [INFO] [Pipeline]     9 lignes.
2026-08-21 11:34:32,914 [INFO] [Pipeline]     dont 9 encore actives.
2026-08-21 11:34:45,711 [INFO] [Pipeline]   Page 147...
2026-08-21 11:34:46,577 [INFO] [Pipeline]     19 lignes.
2026-08-21 11:34:46,577 [INFO] [Pipeline]     dont 19 encore actives.
2026-08-21 11:34:58,981 [INFO] [Pipeline]   Page 148...
2026-08-21 11:34:59,841 [INFO] [Pipeline]     12 lignes.
2026-08-21 11:34:59,842 [INFO] [Pipeline]     dont 12 encore actives.
2026-08-21 11:35:12,973 [INFO] [Pipeline]   Page 149...
2026-08-21 11:35:13,582 [INFO] [Pipeline]     7 lignes.
2026-08-21 11:35:13,582 [INFO] [Pipeline]     dont 7 encore actives.
2026-08-21 11:35:26,824 [INFO] [Pipeline]   Page 150...
2026-08-21 11:35:28,327 [INFO] [Pipeline]     45 lignes.
2026-08-21 11:35:28,328 [INFO] [Pipeline]     dont 45 encore actives.
2026-08-21 11:35:41,777 [INFO] [Pipeline]   Page 151...
2026-08-21 11:35:42,676 [INFO] [Pipeline]     20 lignes.
2026-08-21 11:35:42,676 [INFO] [Pipeline]     dont 20 encore actives.
2026-08-21 11:35:55,456 [INFO] [Pipeline]   Page 152...
2026-08-21 11:35:56,427 [INFO] [Pipeline]     24 lignes.
2026-08-21 11:35:56,427 [INFO] [Pipeline]     dont 24 encore actives.
2026-08-21 11:36:09,390 [INFO] [Pipeline]   Page 153...
2026-08-21 11:36:10,158 [INFO] [Pipeline]     14 lignes.
2026-08-21 11:36:10,158 [INFO] [Pipeline]     dont 14 encore actives.
2026-08-21 11:36:22,660 [INFO] [Pipeline]   Page 154...
2026-08-21 11:36:23,599 [INFO] [Pipeline]     21 lignes.
2026-08-21 11:36:23,599 [INFO] [Pipeline]     dont 21 encore actives.
2026-08-21 11:36:36,053 [INFO] [Pipeline]   Page 155...
2026-08-21 11:36:36,914 [INFO] [Pipeline]     17 lignes.
2026-08-21 11:36:36,914 [INFO] [Pipeline]     dont 17 encore actives.
2026-08-21 11:36:49,693 [INFO] [Pipeline]   Page 156...
2026-08-21 11:36:50,380 [INFO] [Pipeline]     6 lignes.
2026-08-21 11:36:50,380 [INFO] [Pipeline]     dont 6 encore actives.
2026-08-21 11:37:03,677 [INFO] [Pipeline]   Page 157...
2026-08-21 11:37:04,253 [INFO] [Pipeline]     4 lignes.
2026-08-21 11:37:04,253 [INFO] [Pipeline]     dont 4 encore actives.
2026-08-21 11:37:16,687 [INFO] [Pipeline]   Page 158...
2026-08-21 11:37:17,644 [INFO] [Pipeline]     24 lignes.
2026-08-21 11:37:17,644 [INFO] [Pipeline]     dont 24 encore actives.
2026-08-21 11:37:30,345 [INFO] [Pipeline]   Page 159...
2026-08-21 11:37:31,168 [INFO] [Pipeline]     17 lignes.
2026-08-21 11:37:31,169 [INFO] [Pipeline]     dont 17 encore actives.
2026-08-21 11:37:44,011 [INFO] [Pipeline]   Page 160...
2026-08-21 11:37:45,182 [INFO] [Pipeline]     33 lignes.
2026-08-21 11:37:45,182 [INFO] [Pipeline]     dont 33 encore actives.
2026-08-21 11:37:57,719 [INFO] [Pipeline]   Page 161...
2026-08-21 11:37:58,893 [INFO] [Pipeline]     35 lignes.
2026-08-21 11:37:58,893 [INFO] [Pipeline]     dont 35 encore actives.
2026-08-21 11:38:11,373 [INFO] [Pipeline]   Page 162...
2026-08-21 11:38:12,598 [INFO] [Pipeline]     36 lignes.
2026-08-21 11:38:12,598 [INFO] [Pipeline]     dont 36 encore actives.
2026-08-21 11:38:25,276 [INFO] [Pipeline]   Page 163...
2026-08-21 11:38:26,069 [INFO] [Pipeline]     13 lignes.
2026-08-21 11:38:26,069 [INFO] [Pipeline]     dont 13 encore actives.
2026-08-21 11:38:39,632 [INFO] [Pipeline]   Page 164...
2026-08-21 11:38:42,124 [INFO] [Pipeline]     100 lignes.
2026-08-21 11:38:42,124 [INFO] [Pipeline]     dont 89 encore actives.
2026-08-21 11:38:54,370 [INFO] [Pipeline]   Page 165...
2026-08-21 11:38:56,169 [INFO] [Pipeline]     62 lignes.
2026-08-21 11:38:56,169 [INFO] [Pipeline]     dont 62 encore actives.
2026-08-21 11:39:08,790 [INFO] [Pipeline]   Page 166...
2026-08-21 11:39:11,274 [INFO] [Pipeline]     100 lignes.
2026-08-21 11:39:11,274 [INFO] [Pipeline]     dont 91 encore actives.
2026-08-21 11:39:23,772 [INFO] [Pipeline]   Page 167...
2026-08-21 11:39:25,007 [INFO] [Pipeline]     36 lignes.
2026-08-21 11:39:25,007 [INFO] [Pipeline]     dont 36 encore actives.
2026-08-21 11:39:38,053 [INFO] [Pipeline]   Page 168...
2026-08-21 11:39:39,417 [INFO] [Pipeline]     43 lignes.
2026-08-21 11:39:39,417 [INFO] [Pipeline]     dont 43 encore actives.
2026-08-21 11:39:52,184 [INFO] [Pipeline]   Page 169...
2026-08-21 11:39:54,667 [INFO] [Pipeline]     100 lignes.
2026-08-21 11:39:54,667 [INFO] [Pipeline]     dont 91 encore actives.
2026-08-21 11:40:08,658 [INFO] [Pipeline]   Page 170...
2026-08-21 11:40:10,343 [INFO] [Pipeline]     40 lignes.
2026-08-21 11:40:10,344 [INFO] [Pipeline]     dont 40 encore actives.
2026-08-21 11:40:23,991 [INFO] [Pipeline]   Page 171...
2026-08-21 11:40:24,861 [INFO] [Pipeline]     18 lignes.
2026-08-21 11:40:24,861 [INFO] [Pipeline]     dont 18 encore actives.
2026-08-21 11:40:37,566 [INFO] [Pipeline]   Page 172...
2026-08-21 11:40:38,728 [INFO] [Pipeline]     34 lignes.
2026-08-21 11:40:38,728 [INFO] [Pipeline]     dont 34 encore actives.
2026-08-21 11:40:53,736 [INFO] [Pipeline]   Page 173...
2026-08-21 11:40:54,720 [INFO] [Pipeline]     11 lignes.
2026-08-21 11:40:54,720 [INFO] [Pipeline]     dont 11 encore actives.
2026-08-21 11:41:12,810 [INFO] [Pipeline]   Page 174...
2026-08-21 11:41:13,505 [INFO] [Pipeline]     3 lignes.
2026-08-21 11:41:13,505 [INFO] [Pipeline]     dont 3 encore actives.
2026-08-21 11:41:28,670 [INFO] [Pipeline]   Page 175...
2026-08-21 11:41:30,188 [INFO] [Pipeline]     35 lignes.
2026-08-21 11:41:30,188 [INFO] [Pipeline]     dont 35 encore actives.
2026-08-21 11:41:48,019 [INFO] [Pipeline]   Page 176...
2026-08-21 11:41:49,101 [INFO] [Pipeline]     18 lignes.
2026-08-21 11:41:49,101 [INFO] [Pipeline]     dont 18 encore actives.
2026-08-21 11:42:06,178 [INFO] [Pipeline]   Page 177...
2026-08-21 11:42:07,652 [INFO] [Pipeline]     26 lignes.
2026-08-21 11:42:07,652 [INFO] [Pipeline]     dont 26 encore actives.
2026-08-21 11:42:25,801 [INFO] [Pipeline]   Page 178...
2026-08-21 11:42:26,870 [INFO] [Pipeline]     16 lignes.
2026-08-21 11:42:26,870 [INFO] [Pipeline]     dont 16 encore actives.
2026-08-21 11:42:45,538 [INFO] [Pipeline]   Page 179...
2026-08-21 11:42:49,251 [INFO] [Pipeline]     100 lignes.
2026-08-21 11:42:49,251 [INFO] [Pipeline]     dont 91 encore actives.
2026-08-21 11:43:08,624 [INFO] [Pipeline]   Page 180...
2026-08-21 11:43:10,297 [INFO] [Pipeline]     17 lignes.
2026-08-21 11:43:10,297 [INFO] [Pipeline]     dont 17 encore actives.
2026-08-21 11:43:29,237 [INFO] [Pipeline]   Page 181...
2026-08-21 11:43:32,555 [INFO] [Pipeline]     94 lignes.
2026-08-21 11:43:32,555 [INFO] [Pipeline]     dont 90 encore actives.
2026-08-21 11:43:48,066 [INFO] [Pipeline]   Page 182...
2026-08-21 11:43:49,102 [INFO] [Pipeline]     16 lignes.
2026-08-21 11:43:49,102 [INFO] [Pipeline]     dont 16 encore actives.
2026-08-21 11:44:07,392 [INFO] [Pipeline]   Page 183...
2026-08-21 11:44:08,886 [INFO] [Pipeline]     29 lignes.
2026-08-21 11:44:08,887 [INFO] [Pipeline]     dont 29 encore actives.
2026-08-21 11:44:23,932 [INFO] [Pipeline]   Page 184...
2026-08-21 11:44:25,132 [INFO] [Pipeline]     25 lignes.
2026-08-21 11:44:25,133 [INFO] [Pipeline]     dont 25 encore actives.
2026-08-21 11:44:39,779 [INFO] [Pipeline]   Page 185...
2026-08-21 11:44:40,651 [INFO] [Pipeline]     14 lignes.
2026-08-21 11:44:40,651 [INFO] [Pipeline]     dont 14 encore actives.
2026-08-21 11:44:56,327 [INFO] [Pipeline]   Page 186...
2026-08-21 11:44:58,109 [INFO] [Pipeline]     48 lignes.
2026-08-21 11:44:58,109 [INFO] [Pipeline]     dont 48 encore actives.
2026-08-21 11:45:13,197 [INFO] [Pipeline]   Page 187...
2026-08-21 11:45:15,224 [INFO] [Pipeline]     62 lignes.
2026-08-21 11:45:15,224 [INFO] [Pipeline]     dont 62 encore actives.
2026-08-21 11:45:30,067 [INFO] [Pipeline]   Page 188...
2026-08-21 11:45:30,758 [INFO] [Pipeline]     5 lignes.
2026-08-21 11:45:30,758 [INFO] [Pipeline]     dont 5 encore actives.
2026-08-21 11:45:45,665 [INFO] [Pipeline]   Page 189...
2026-08-21 11:45:46,506 [INFO] [Pipeline]     11 lignes.
2026-08-21 11:45:46,506 [INFO] [Pipeline]     dont 11 encore actives.
2026-08-21 11:46:01,716 [INFO] [Pipeline]   Page 190...
2026-08-21 11:46:02,907 [INFO] [Pipeline]     18 lignes.
2026-08-21 11:46:02,907 [INFO] [Pipeline]     dont 18 encore actives.
2026-08-21 11:46:17,845 [INFO] [Pipeline]   Page 191...
2026-08-21 11:46:18,855 [INFO] [Pipeline]     16 lignes.
2026-08-21 11:46:18,855 [INFO] [Pipeline]     dont 16 encore actives.
2026-08-21 11:46:33,652 [INFO] [Pipeline]   Page 192...
2026-08-21 11:46:34,777 [INFO] [Pipeline]     17 lignes.
2026-08-21 11:46:34,777 [INFO] [Pipeline]     dont 17 encore actives.
2026-08-21 11:46:49,900 [INFO] [Pipeline]   Page 193...
2026-08-21 11:46:50,608 [INFO] [Pipeline]     7 lignes.
2026-08-21 11:46:50,608 [INFO] [Pipeline]     dont 7 encore actives.
2026-08-21 11:47:06,038 [INFO] [Pipeline]   Page 194...
2026-08-21 11:47:06,769 [INFO] [Pipeline]     6 lignes.
2026-08-21 11:47:06,769 [INFO] [Pipeline]     dont 6 encore actives.
2026-08-21 11:47:21,868 [INFO] [Pipeline]   Page 195...
2026-08-21 11:47:22,580 [INFO] [Pipeline]     7 lignes.
2026-08-21 11:47:22,580 [INFO] [Pipeline]     dont 7 encore actives.
2026-08-21 11:47:37,619 [INFO] [Pipeline]   Page 196...
2026-08-21 11:47:39,587 [INFO] [Pipeline]     53 lignes.
2026-08-21 11:47:39,587 [INFO] [Pipeline]     dont 53 encore actives.
2026-08-21 11:47:54,754 [INFO] [Pipeline]   Page 197...
2026-08-21 11:47:56,625 [INFO] [Pipeline]     43 lignes.
2026-08-21 11:47:56,625 [INFO] [Pipeline]     dont 43 encore actives.
2026-08-21 11:48:11,946 [INFO] [Pipeline]   Page 198...
2026-08-21 11:48:13,563 [INFO] [Pipeline]     40 lignes.
2026-08-21 11:48:13,563 [INFO] [Pipeline]     dont 40 encore actives.
2026-08-21 11:48:28,575 [INFO] [Pipeline]   Page 199...
2026-08-21 11:48:29,594 [INFO] [Pipeline]     15 lignes.
2026-08-21 11:48:29,594 [INFO] [Pipeline]     dont 15 encore actives.
2026-08-21 11:48:44,641 [INFO] [Pipeline]   Page 200...
2026-08-21 11:48:46,564 [INFO] [Pipeline]     51 lignes.
2026-08-21 11:48:46,566 [INFO] [Pipeline]     dont 51 encore actives.
2026-08-21 11:49:01,898 [INFO] [Pipeline]   Page 201...
2026-08-21 11:49:02,624 [INFO] [Pipeline]     6 lignes.
2026-08-21 11:49:02,624 [INFO] [Pipeline]     dont 6 encore actives.
2026-08-21 11:49:17,673 [INFO] [Pipeline]   Page 202...
2026-08-21 11:49:18,475 [INFO] [Pipeline]     9 lignes.
2026-08-21 11:49:18,475 [INFO] [Pipeline]     dont 9 encore actives.
2026-08-21 11:49:33,386 [INFO] [Pipeline]   Page 203...
2026-08-21 11:49:36,139 [INFO] [Pipeline]     90 lignes.
2026-08-21 11:49:36,139 [INFO] [Pipeline]     dont 90 encore actives.
2026-08-21 11:49:51,042 [INFO] [Pipeline]   Page 204...
2026-08-21 11:49:52,311 [INFO] [Pipeline]     25 lignes.
2026-08-21 11:49:52,311 [INFO] [Pipeline]     dont 25 encore actives.
2026-08-21 11:50:07,313 [INFO] [Pipeline]   Page 205...
2026-08-21 11:50:09,290 [INFO] [Pipeline]     51 lignes.
2026-08-21 11:50:09,290 [INFO] [Pipeline]     dont 51 encore actives.
2026-08-21 11:50:24,202 [INFO] [Pipeline]   Page 206...
2026-08-21 11:50:25,653 [INFO] [Pipeline]     31 lignes.
2026-08-21 11:50:25,653 [INFO] [Pipeline]     dont 31 encore actives.
2026-08-21 11:50:40,997 [INFO] [Pipeline]   Page 207...
2026-08-21 11:50:41,800 [INFO] [Pipeline]     9 lignes.
2026-08-21 11:50:41,800 [INFO] [Pipeline]     dont 9 encore actives.
2026-08-21 11:50:56,701 [INFO] [Pipeline]   Page 208...
2026-08-21 11:50:57,853 [INFO] [Pipeline]     23 lignes.
2026-08-21 11:50:57,853 [INFO] [Pipeline]     dont 23 encore actives.
2026-08-21 11:51:12,903 [INFO] [Pipeline]   Page 209...
2026-08-21 11:51:13,702 [INFO] [Pipeline]     5 lignes.
2026-08-21 11:51:13,702 [INFO] [Pipeline]     dont 5 encore actives.
2026-08-21 11:51:28,438 [INFO] [Pipeline]   Page 210...
2026-08-21 11:51:31,483 [INFO] [Pipeline]     100 lignes.
2026-08-21 11:51:31,483 [INFO] [Pipeline]     dont 90 encore actives.
2026-08-21 11:51:46,253 [INFO] [Pipeline]   Page 211...
2026-08-21 11:51:49,305 [INFO] [Pipeline]     100 lignes.
2026-08-21 11:51:49,306 [INFO] [Pipeline]     dont 90 encore actives.
2026-08-21 11:52:02,496 [INFO] [Pipeline]   Page 212...
2026-08-21 11:52:05,804 [INFO] [Pipeline]     100 lignes.
2026-08-21 11:52:05,804 [INFO] [Pipeline]     dont 89 encore actives.
2026-08-21 11:52:20,139 [INFO] [Pipeline]   Page 213...
2026-08-21 11:52:23,250 [INFO] [Pipeline]     100 lignes.
2026-08-21 11:52:23,250 [INFO] [Pipeline]     dont 92 encore actives.
2026-08-21 11:52:36,947 [INFO] [Pipeline]   Page 214...
2026-08-21 11:52:40,334 [INFO] [Pipeline]     100 lignes.
2026-08-21 11:52:40,334 [INFO] [Pipeline]     dont 92 encore actives.
2026-08-21 11:52:55,387 [INFO] [Pipeline]   Page 215...
2026-08-21 11:52:58,293 [INFO] [Pipeline]     85 lignes.
2026-08-21 11:52:58,293 [INFO] [Pipeline]     dont 85 encore actives.
2026-08-21 11:53:13,149 [INFO] [Pipeline]   Page 216...
2026-08-21 11:53:16,012 [INFO] [Pipeline]     100 lignes.
2026-08-21 11:53:16,012 [INFO] [Pipeline]     dont 92 encore actives.
2026-08-21 11:53:31,182 [INFO] [Pipeline]   Page 217...
2026-08-21 11:53:33,966 [INFO] [Pipeline]     100 lignes.
2026-08-21 11:53:33,967 [INFO] [Pipeline]     dont 91 encore actives.
2026-08-21 11:53:47,736 [INFO] [Pipeline]   Page 218...
2026-08-21 11:53:50,678 [INFO] [Pipeline]     100 lignes.
2026-08-21 11:53:50,678 [INFO] [Pipeline]     dont 90 encore actives.
2026-08-21 11:54:10,712 [INFO] [Pipeline]   Page 219...
2026-08-21 11:54:14,099 [INFO] [Pipeline]     100 lignes.
2026-08-21 11:54:14,099 [INFO] [Pipeline]     dont 91 encore actives.
2026-08-21 11:54:32,109 [INFO] [Pipeline]   Page 220...
2026-08-21 11:54:35,004 [INFO] [Pipeline]     70 lignes.
2026-08-21 11:54:35,004 [INFO] [Pipeline]     dont 70 encore actives.
2026-08-21 11:54:50,046 [INFO] [Pipeline]   Page 221...
2026-08-21 11:54:53,030 [INFO] [Pipeline]     100 lignes.
2026-08-21 11:54:53,030 [INFO] [Pipeline]     dont 91 encore actives.
2026-08-21 11:55:06,394 [INFO] [Pipeline]   Page 222...
2026-08-21 11:55:09,389 [INFO] [Pipeline]     100 lignes.
2026-08-21 11:55:09,389 [INFO] [Pipeline]     dont 90 encore actives.
2026-08-21 11:55:25,277 [INFO] [Pipeline]   Page 223...
2026-08-21 11:55:28,267 [INFO] [Pipeline]     100 lignes.
2026-08-21 11:55:28,267 [INFO] [Pipeline]     dont 90 encore actives.
2026-08-21 11:55:43,070 [INFO] [Pipeline]   Page 224...
2026-08-21 11:55:46,173 [INFO] [Pipeline]     100 lignes.
2026-08-21 11:55:46,173 [INFO] [Pipeline]     dont 91 encore actives.
2026-08-21 11:56:01,661 [INFO] [Pipeline]   Page 225...
2026-08-21 11:56:04,771 [INFO] [Pipeline]     100 lignes.
2026-08-21 11:56:04,772 [INFO] [Pipeline]     dont 90 encore actives.
2026-08-21 11:56:18,334 [INFO] [Pipeline]   Page 226...
2026-08-21 11:56:21,186 [INFO] [Pipeline]     88 lignes.
2026-08-21 11:56:21,186 [INFO] [Pipeline]     dont 88 encore actives.
2026-08-21 11:56:36,519 [INFO] [Pipeline]   Page 227...
2026-08-21 11:56:39,350 [INFO] [Pipeline]     100 lignes.
2026-08-21 11:56:39,351 [INFO] [Pipeline]     dont 91 encore actives.
2026-08-21 11:56:54,811 [INFO] [Pipeline]   Page 228...
2026-08-21 11:56:58,047 [INFO] [Pipeline]     100 lignes.
2026-08-21 11:56:58,048 [INFO] [Pipeline]     dont 91 encore actives.
2026-08-21 11:57:12,979 [INFO] [Pipeline]   Page 229...
2026-08-21 11:57:15,823 [INFO] [Pipeline]     84 lignes.
2026-08-21 11:57:15,823 [INFO] [Pipeline]     dont 84 encore actives.
2026-08-21 11:57:31,140 [INFO] [Pipeline]   Page 230...
2026-08-21 11:57:33,791 [INFO] [Pipeline]     81 lignes.
2026-08-21 11:57:33,791 [INFO] [Pipeline]     dont 81 encore actives.
2026-08-21 11:57:48,924 [INFO] [Pipeline]   Page 231...
2026-08-21 11:57:50,047 [INFO] [Pipeline]     23 lignes.
2026-08-21 11:57:50,047 [INFO] [Pipeline]     dont 23 encore actives.
2026-08-21 11:58:04,737 [INFO] [Pipeline]   Page 232...
2026-08-21 11:58:05,854 [INFO] [Pipeline]     20 lignes.
2026-08-21 11:58:05,855 [INFO] [Pipeline]     dont 20 encore actives.
2026-08-21 11:58:20,802 [INFO] [Pipeline]   Page 233...
2026-08-21 11:58:21,886 [INFO] [Pipeline]     18 lignes.
2026-08-21 11:58:21,886 [INFO] [Pipeline]     dont 18 encore actives.
2026-08-21 11:58:36,689 [INFO] [Pipeline]   Page 234...
2026-08-21 11:58:37,870 [INFO] [Pipeline]     25 lignes.
2026-08-21 11:58:37,870 [INFO] [Pipeline]     dont 25 encore actives.
2026-08-21 11:58:53,172 [INFO] [Pipeline]   Page 235...
2026-08-21 11:58:54,305 [INFO] [Pipeline]     23 lignes.
2026-08-21 11:58:54,305 [INFO] [Pipeline]     dont 23 encore actives.
2026-08-21 11:59:09,657 [INFO] [Pipeline]   Page 236...
2026-08-21 11:59:10,614 [INFO] [Pipeline]     13 lignes.
2026-08-21 11:59:10,614 [INFO] [Pipeline]     dont 13 encore actives.
2026-08-21 11:59:25,788 [INFO] [Pipeline]   Page 237...
2026-08-21 11:59:26,489 [INFO] [Pipeline]     7 lignes.
2026-08-21 11:59:26,489 [INFO] [Pipeline]     dont 7 encore actives.
2026-08-21 11:59:41,419 [INFO] [Pipeline]   Page 238...
2026-08-21 11:59:44,735 [INFO] [Pipeline]     100 lignes.
2026-08-21 11:59:44,736 [INFO] [Pipeline]     dont 89 encore actives.
2026-08-21 11:59:59,123 [INFO] [Pipeline]   Page 239...
2026-08-21 11:59:59,965 [INFO] [Pipeline]     10 lignes.
2026-08-21 11:59:59,965 [INFO] [Pipeline]     dont 10 encore actives.
2026-08-21 12:00:15,723 [INFO] [Pipeline]   Page 240...
2026-08-21 12:00:16,877 [INFO] [Pipeline]     21 lignes.
2026-08-21 12:00:16,877 [INFO] [Pipeline]     dont 21 encore actives.
2026-08-21 12:00:31,769 [INFO] [Pipeline]   Page 241...
2026-08-21 12:00:33,950 [INFO] [Pipeline]     59 lignes.
2026-08-21 12:00:33,950 [INFO] [Pipeline]     dont 59 encore actives.
2026-08-21 12:00:49,260 [INFO] [Pipeline]   Page 242...
2026-08-21 12:00:50,448 [INFO] [Pipeline]     23 lignes.
2026-08-21 12:00:50,448 [INFO] [Pipeline]     dont 23 encore actives.
2026-08-21 12:01:05,446 [INFO] [Pipeline]   Page 243...
2026-08-21 12:01:06,562 [INFO] [Pipeline]     21 lignes.
2026-08-21 12:01:06,562 [INFO] [Pipeline]     dont 21 encore actives.
2026-08-21 12:01:21,408 [INFO] [Pipeline]   Page 244...
2026-08-21 12:01:22,530 [INFO] [Pipeline]     24 lignes.
2026-08-21 12:01:22,530 [INFO] [Pipeline]     dont 24 encore actives.
2026-08-21 12:01:37,795 [INFO] [Pipeline]   Page 245...
2026-08-21 12:01:39,147 [INFO] [Pipeline]     30 lignes.
2026-08-21 12:01:39,147 [INFO] [Pipeline]     dont 30 encore actives.
2026-08-21 12:01:53,747 [INFO] [Pipeline]   Page 246...
2026-08-21 12:01:54,896 [INFO] [Pipeline]     21 lignes.
2026-08-21 12:01:54,896 [INFO] [Pipeline]     dont 21 encore actives.
2026-08-21 12:02:09,655 [INFO] [Pipeline]   Page 247...
2026-08-21 12:02:10,919 [INFO] [Pipeline]     30 lignes.
2026-08-21 12:02:10,919 [INFO] [Pipeline]     dont 30 encore actives.
2026-08-21 12:02:25,776 [INFO] [Pipeline]   Page 248...
2026-08-21 12:02:28,359 [INFO] [Pipeline]     77 lignes.
2026-08-21 12:02:28,359 [INFO] [Pipeline]     dont 77 encore actives.
2026-08-21 12:02:43,398 [INFO] [Pipeline]   Page 249...
2026-08-21 12:02:44,723 [INFO] [Pipeline]     31 lignes.
2026-08-21 12:02:44,723 [INFO] [Pipeline]     dont 31 encore actives.
2026-08-21 12:03:00,959 [INFO] [Pipeline]   Page 250...
2026-08-21 12:03:02,544 [INFO] [Pipeline]     36 lignes.
2026-08-21 12:03:02,544 [INFO] [Pipeline]     dont 36 encore actives.
2026-08-21 12:03:17,372 [INFO] [Pipeline]   Page 251...
2026-08-21 12:03:19,019 [INFO] [Pipeline]     40 lignes.
2026-08-21 12:03:19,019 [INFO] [Pipeline]     dont 40 encore actives.
2026-08-21 12:03:37,330 [INFO] [Pipeline]   Page 252...
2026-08-21 12:03:39,482 [INFO] [Pipeline]     38 lignes.
2026-08-21 12:03:39,482 [INFO] [Pipeline]     dont 38 encore actives.
2026-08-21 12:03:55,357 [INFO] [Pipeline]   Page 253...
2026-08-21 12:03:57,261 [INFO] [Pipeline]     54 lignes.
2026-08-21 12:03:57,261 [INFO] [Pipeline]     dont 54 encore actives.
2026-08-21 12:04:12,325 [INFO] [Pipeline]   Page 254...
2026-08-21 12:04:14,861 [INFO] [Pipeline]     79 lignes.
2026-08-21 12:04:14,861 [INFO] [Pipeline]     dont 79 encore actives.
2026-08-21 12:04:31,534 [INFO] [Pipeline]   Page 255...
2026-08-21 12:04:32,915 [INFO] [Pipeline]     33 lignes.
2026-08-21 12:04:32,915 [INFO] [Pipeline]     dont 33 encore actives.
2026-08-21 12:04:47,394 [INFO] [Pipeline]   Page 256...
2026-08-21 12:04:49,074 [INFO] [Pipeline]     52 lignes.
2026-08-21 12:04:49,074 [INFO] [Pipeline]     dont 52 encore actives.
2026-08-21 12:05:02,023 [INFO] [Pipeline]   Page 257...
2026-08-21 12:05:03,740 [INFO] [Pipeline]     54 lignes.
2026-08-21 12:05:03,740 [INFO] [Pipeline]     dont 54 encore actives.
2026-08-21 12:05:17,311 [INFO] [Pipeline]   Page 258...
2026-08-21 12:05:18,764 [INFO] [Pipeline]     41 lignes.
2026-08-21 12:05:18,764 [INFO] [Pipeline]     dont 41 encore actives.
2026-08-21 12:05:32,828 [INFO] [Pipeline]   Page 259...
2026-08-21 12:05:33,899 [INFO] [Pipeline]     29 lignes.
2026-08-21 12:05:33,899 [INFO] [Pipeline]     dont 29 encore actives.
2026-08-21 12:05:46,652 [INFO] [Pipeline]   Page 260...
2026-08-21 12:05:48,272 [INFO] [Pipeline]     56 lignes.
2026-08-21 12:05:48,272 [INFO] [Pipeline]     dont 56 encore actives.
2026-08-21 12:06:00,840 [INFO] [Pipeline]   Page 261...
2026-08-21 12:06:02,816 [INFO] [Pipeline]     72 lignes.
2026-08-21 12:06:02,816 [INFO] [Pipeline]     dont 72 encore actives.
2026-08-21 12:06:15,420 [INFO] [Pipeline]   Page 262...
2026-08-21 12:06:17,920 [INFO] [Pipeline]     100 lignes.
2026-08-21 12:06:17,921 [INFO] [Pipeline]     dont 89 encore actives.
2026-08-21 12:06:30,275 [INFO] [Pipeline]   Page 263...
2026-08-21 12:06:31,034 [INFO] [Pipeline]     13 lignes.
2026-08-21 12:06:31,034 [INFO] [Pipeline]     dont 13 encore actives.
2026-08-21 12:06:44,886 [INFO] [Pipeline]   Page 264...
2026-08-21 12:06:47,409 [INFO] [Pipeline]     92 lignes.
2026-08-21 12:06:47,409 [INFO] [Pipeline]     dont 92 encore actives.
2026-08-21 12:07:00,378 [INFO] [Pipeline]   Page 265...
2026-08-21 12:07:02,344 [INFO] [Pipeline]     66 lignes.
2026-08-21 12:07:02,344 [INFO] [Pipeline]     dont 66 encore actives.
2026-08-21 12:07:15,700 [INFO] [Pipeline]   Page 266...
2026-08-21 12:07:17,158 [INFO] [Pipeline]     43 lignes.
2026-08-21 12:07:17,158 [INFO] [Pipeline]     dont 43 encore actives.
2026-08-21 12:07:31,613 [INFO] [Pipeline]   Page 267...
2026-08-21 12:07:33,035 [INFO] [Pipeline]     36 lignes.
2026-08-21 12:07:33,035 [INFO] [Pipeline]     dont 36 encore actives.
2026-08-21 12:07:46,365 [INFO] [Pipeline]   Page 268...
2026-08-21 12:07:47,339 [INFO] [Pipeline]     25 lignes.
2026-08-21 12:07:47,339 [INFO] [Pipeline]     dont 25 encore actives.
2026-08-21 12:08:00,571 [INFO] [Pipeline]   Page 269...
2026-08-21 12:08:01,710 [INFO] [Pipeline]     30 lignes.
2026-08-21 12:08:01,710 [INFO] [Pipeline]     dont 30 encore actives.
2026-08-21 12:08:14,174 [INFO] [Pipeline]   Page 270...
2026-08-21 12:08:14,843 [INFO] [Pipeline]     10 lignes.
2026-08-21 12:08:14,843 [INFO] [Pipeline]     dont 10 encore actives.
2026-08-21 12:08:27,246 [INFO] [Pipeline]   Page 271...
2026-08-21 12:08:28,458 [INFO] [Pipeline]     34 lignes.
2026-08-21 12:08:28,458 [INFO] [Pipeline]     dont 34 encore actives.
2026-08-21 12:08:41,218 [INFO] [Pipeline]   Page 272...
2026-08-21 12:08:43,814 [INFO] [Pipeline]     100 lignes.
2026-08-21 12:08:43,814 [INFO] [Pipeline]     dont 91 encore actives.
2026-08-21 12:08:59,909 [INFO] [Pipeline]   Page 273...
2026-08-21 12:09:02,412 [INFO] [Pipeline]     100 lignes.
2026-08-21 12:09:02,413 [INFO] [Pipeline]     dont 92 encore actives.
2026-08-21 12:09:15,342 [INFO] [Pipeline]   Page 274...
2026-08-21 12:09:16,745 [INFO] [Pipeline]     44 lignes.
2026-08-21 12:09:16,745 [INFO] [Pipeline]     dont 44 encore actives.
2026-08-21 12:09:29,698 [INFO] [Pipeline]   Page 275...
2026-08-21 12:09:32,159 [INFO] [Pipeline]     100 lignes.
2026-08-21 12:09:32,160 [INFO] [Pipeline]     dont 91 encore actives.
2026-08-21 12:09:45,347 [INFO] [Pipeline]   Page 276...
2026-08-21 12:09:46,607 [INFO] [Pipeline]     38 lignes.
2026-08-21 12:09:46,607 [INFO] [Pipeline]     dont 38 encore actives.
2026-08-21 12:09:59,104 [INFO] [Pipeline]   Page 277...
2026-08-21 12:10:01,161 [INFO] [Pipeline]     73 lignes.
2026-08-21 12:10:01,161 [INFO] [Pipeline]     dont 73 encore actives.
2026-08-21 12:10:13,802 [INFO] [Pipeline]   Page 278...
2026-08-21 12:10:15,214 [INFO] [Pipeline]     44 lignes.
2026-08-21 12:10:15,214 [INFO] [Pipeline]     dont 44 encore actives.
2026-08-21 12:10:27,819 [INFO] [Pipeline]   Page 279...
2026-08-21 12:10:29,226 [INFO] [Pipeline]     45 lignes.
2026-08-21 12:10:29,226 [INFO] [Pipeline]     dont 45 encore actives.
2026-08-21 12:10:42,797 [INFO] [Pipeline]   Page 280...
2026-08-21 12:10:44,794 [INFO] [Pipeline]     72 lignes.
2026-08-21 12:10:44,794 [INFO] [Pipeline]     dont 72 encore actives.
2026-08-21 12:10:57,468 [INFO] [Pipeline]   Page 281...
2026-08-21 12:10:58,064 [INFO] [Pipeline]     7 lignes.
2026-08-21 12:10:58,064 [INFO] [Pipeline]     dont 7 encore actives.
2026-08-21 12:11:10,464 [INFO] [Pipeline]   Page 282...
2026-08-21 12:11:11,191 [INFO] [Pipeline]     11 lignes.
2026-08-21 12:11:11,191 [INFO] [Pipeline]     dont 11 encore actives.
2026-08-21 12:11:23,754 [INFO] [Pipeline]   Page 283...
2026-08-21 12:11:25,572 [INFO] [Pipeline]     65 lignes.
2026-08-21 12:11:25,573 [INFO] [Pipeline]     dont 65 encore actives.
2026-08-21 12:11:38,190 [INFO] [Pipeline]   Page 284...
2026-08-21 12:11:40,373 [INFO] [Pipeline]     84 lignes.
2026-08-21 12:11:40,373 [INFO] [Pipeline]     dont 84 encore actives.
2026-08-21 12:11:54,031 [INFO] [Pipeline]   Page 285...
2026-08-21 12:11:56,116 [INFO] [Pipeline]     79 lignes.
2026-08-21 12:11:56,116 [INFO] [Pipeline]     dont 79 encore actives.
2026-08-21 12:12:08,686 [INFO] [Pipeline]   Page 286...
2026-08-21 12:12:10,582 [INFO] [Pipeline]     70 lignes.
2026-08-21 12:12:10,582 [INFO] [Pipeline]     dont 70 encore actives.
2026-08-21 12:12:23,104 [INFO] [Pipeline]   Page 287...
2026-08-21 12:12:24,787 [INFO] [Pipeline]     58 lignes.
2026-08-21 12:12:24,787 [INFO] [Pipeline]     dont 58 encore actives.
2026-08-21 12:12:37,446 [INFO] [Pipeline]   Page 288...
2026-08-21 12:12:38,431 [INFO] [Pipeline]     23 lignes.
2026-08-21 12:12:38,431 [INFO] [Pipeline]     dont 23 encore actives.
2026-08-21 12:12:51,036 [INFO] [Pipeline]   Page 289...
2026-08-21 12:12:51,821 [INFO] [Pipeline]     15 lignes.
2026-08-21 12:12:51,821 [INFO] [Pipeline]     dont 15 encore actives.
2026-08-21 12:13:04,573 [INFO] [Pipeline]   Page 290...
2026-08-21 12:13:06,422 [INFO] [Pipeline]     63 lignes.
2026-08-21 12:13:06,422 [INFO] [Pipeline]     dont 63 encore actives.
2026-08-21 12:13:19,662 [INFO] [Pipeline]   Page 291...
2026-08-21 12:13:20,913 [INFO] [Pipeline]     38 lignes.
2026-08-21 12:13:20,914 [INFO] [Pipeline]     dont 38 encore actives.
2026-08-21 12:13:33,551 [INFO] [Pipeline]   Page 292...
2026-08-21 12:13:36,025 [INFO] [Pipeline]     100 lignes.
2026-08-21 12:13:36,025 [INFO] [Pipeline]     dont 90 encore actives.
2026-08-21 12:13:49,302 [INFO] [Pipeline]   Page 293...
2026-08-21 12:13:51,802 [INFO] [Pipeline]     100 lignes.
2026-08-21 12:13:51,803 [INFO] [Pipeline]     dont 91 encore actives.
2026-08-21 12:14:05,089 [INFO] [Pipeline]   Page 294...
2026-08-21 12:14:07,562 [INFO] [Pipeline]     100 lignes.
2026-08-21 12:14:07,562 [INFO] [Pipeline]     dont 90 encore actives.
2026-08-21 12:14:25,295 [INFO] [Pipeline]   Page 295...
2026-08-21 12:14:28,095 [INFO] [Pipeline]     100 lignes.
2026-08-21 12:14:28,095 [INFO] [Pipeline]     dont 90 encore actives.
2026-08-21 12:14:44,406 [INFO] [Pipeline]   Page 296...
2026-08-21 12:14:45,086 [INFO] [Pipeline]     9 lignes.
2026-08-21 12:14:45,086 [INFO] [Pipeline]     dont 9 encore actives.
2026-08-21 12:14:57,669 [INFO] [Pipeline]   Page 297...
2026-08-21 12:14:58,716 [INFO] [Pipeline]     27 lignes.
2026-08-21 12:14:58,716 [INFO] [Pipeline]     dont 27 encore actives.
2026-08-21 12:15:11,197 [INFO] [Pipeline]   Page 298...
2026-08-21 12:15:12,088 [INFO] [Pipeline]     21 lignes.
2026-08-21 12:15:12,088 [INFO] [Pipeline]     dont 21 encore actives.
2026-08-21 12:15:24,783 [INFO] [Pipeline]   Page 299...
2026-08-21 12:15:25,630 [INFO] [Pipeline]     18 lignes.
2026-08-21 12:15:25,630 [INFO] [Pipeline]     dont 18 encore actives.
2026-08-21 12:15:38,023 [INFO] [Pipeline]   Page 300...
2026-08-21 12:15:38,696 [INFO] [Pipeline]     9 lignes.
2026-08-21 12:15:38,696 [INFO] [Pipeline]     dont 9 encore actives.
2026-08-21 12:15:51,090 [INFO] [Pipeline]   Page 301...
2026-08-21 12:15:52,540 [INFO] [Pipeline]     25 lignes.
2026-08-21 12:15:52,540 [INFO] [Pipeline]     dont 25 encore actives.
2026-08-21 12:16:05,546 [INFO] [Pipeline]   Page 302...
2026-08-21 12:16:06,371 [INFO] [Pipeline]     16 lignes.
2026-08-21 12:16:06,371 [INFO] [Pipeline]     dont 16 encore actives.
2026-08-21 12:16:18,888 [INFO] [Pipeline]   Page 303...
2026-08-21 12:16:19,970 [INFO] [Pipeline]     29 lignes.
2026-08-21 12:16:19,970 [INFO] [Pipeline]     dont 29 encore actives.
2026-08-21 12:16:32,487 [INFO] [Pipeline]   Page 304...
2026-08-21 12:16:34,446 [INFO] [Pipeline]     72 lignes.
2026-08-21 12:16:34,446 [INFO] [Pipeline]     dont 72 encore actives.
2026-08-21 12:16:47,161 [INFO] [Pipeline]   Page 305...
2026-08-21 12:16:48,416 [INFO] [Pipeline]     36 lignes.
2026-08-21 12:16:48,416 [INFO] [Pipeline]     dont 36 encore actives.
2026-08-21 12:17:01,250 [INFO] [Pipeline]   Page 306...
2026-08-21 12:17:02,624 [INFO] [Pipeline]     38 lignes.
2026-08-21 12:17:02,624 [INFO] [Pipeline]     dont 38 encore actives.
2026-08-21 12:17:15,493 [INFO] [Pipeline]   Page 307...
2026-08-21 12:17:16,544 [INFO] [Pipeline]     29 lignes.
2026-08-21 12:17:16,544 [INFO] [Pipeline]     dont 29 encore actives.
2026-08-21 12:17:29,808 [INFO] [Pipeline]   Page 308...
2026-08-21 12:17:30,399 [INFO] [Pipeline]     6 lignes.
2026-08-21 12:17:30,399 [INFO] [Pipeline]     dont 6 encore actives.
2026-08-21 12:17:42,734 [INFO] [Pipeline]   Page 309...
2026-08-21 12:17:43,408 [INFO] [Pipeline]     9 lignes.
2026-08-21 12:17:43,408 [INFO] [Pipeline]     dont 9 encore actives.
2026-08-21 12:17:56,147 [INFO] [Pipeline]   Page 310...
2026-08-21 12:17:56,997 [INFO] [Pipeline]     16 lignes.
2026-08-21 12:17:56,997 [INFO] [Pipeline]     dont 16 encore actives.
2026-08-21 12:18:09,798 [INFO] [Pipeline]   Page 311...
2026-08-21 12:18:10,550 [INFO] [Pipeline]     13 lignes.
2026-08-21 12:18:10,550 [INFO] [Pipeline]     dont 13 encore actives.
2026-08-21 12:18:22,943 [INFO] [Pipeline]   Page 312...
2026-08-21 12:18:24,461 [INFO] [Pipeline]     49 lignes.
2026-08-21 12:18:24,461 [INFO] [Pipeline]     dont 49 encore actives.
2026-08-21 12:18:37,178 [INFO] [Pipeline]   Page 313...
2026-08-21 12:18:38,064 [INFO] [Pipeline]     19 lignes.
2026-08-21 12:18:38,064 [INFO] [Pipeline]     dont 19 encore actives.
2026-08-21 12:18:51,363 [INFO] [Pipeline]   Page 314...
2026-08-21 12:18:52,389 [INFO] [Pipeline]     27 lignes.
2026-08-21 12:18:52,389 [INFO] [Pipeline]     dont 27 encore actives.
2026-08-21 12:19:04,968 [INFO] [Pipeline]   Page 315...
2026-08-21 12:19:05,713 [INFO] [Pipeline]     13 lignes.
2026-08-21 12:19:05,713 [INFO] [Pipeline]     dont 13 encore actives.
2026-08-21 12:19:18,043 [INFO] [Pipeline]   Page 316...
2026-08-21 12:19:18,978 [INFO] [Pipeline]     19 lignes.
2026-08-21 12:19:18,978 [INFO] [Pipeline]     dont 19 encore actives.
2026-08-21 12:19:31,382 [INFO] [Pipeline]   Page 317...
2026-08-21 12:19:32,102 [INFO] [Pipeline]     11 lignes.
2026-08-21 12:19:32,102 [INFO] [Pipeline]     dont 11 encore actives.
2026-08-21 12:19:45,255 [INFO] [Pipeline]   Page 318...
2026-08-21 12:19:46,977 [INFO] [Pipeline]     59 lignes.
2026-08-21 12:19:46,978 [INFO] [Pipeline]     dont 59 encore actives.
2026-08-21 12:19:59,864 [INFO] [Pipeline]   Page 319...
2026-08-21 12:20:00,596 [INFO] [Pipeline]     12 lignes.
2026-08-21 12:20:00,596 [INFO] [Pipeline]     dont 12 encore actives.
2026-08-21 12:20:13,292 [INFO] [Pipeline]   Page 320...
2026-08-21 12:20:14,351 [INFO] [Pipeline]     29 lignes.
2026-08-21 12:20:14,351 [INFO] [Pipeline]     dont 29 encore actives.
2026-08-21 12:20:27,755 [INFO] [Pipeline]   Page 321...
2026-08-21 12:20:28,898 [INFO] [Pipeline]     32 lignes.
2026-08-21 12:20:28,898 [INFO] [Pipeline]     dont 32 encore actives.
2026-08-21 12:20:41,367 [INFO] [Pipeline]   Page 322...
2026-08-21 12:20:42,404 [INFO] [Pipeline]     27 lignes.
2026-08-21 12:20:42,404 [INFO] [Pipeline]     dont 27 encore actives.
2026-08-21 12:20:54,983 [INFO] [Pipeline]   Page 323...
2026-08-21 12:20:55,805 [INFO] [Pipeline]     17 lignes.
2026-08-21 12:20:55,805 [INFO] [Pipeline]     dont 17 encore actives.
2026-08-21 12:21:08,324 [INFO] [Pipeline]   Page 324...
2026-08-21 12:21:08,949 [INFO] [Pipeline]     7 lignes.
2026-08-21 12:21:08,949 [INFO] [Pipeline]     dont 7 encore actives.
2026-08-21 12:21:21,525 [INFO] [Pipeline]   Page 325...
2026-08-21 12:21:22,215 [INFO] [Pipeline]     9 lignes.
2026-08-21 12:21:22,215 [INFO] [Pipeline]     dont 9 encore actives.
2026-08-21 12:21:34,924 [INFO] [Pipeline]   Page 326...
2026-08-21 12:21:35,956 [INFO] [Pipeline]     27 lignes.
2026-08-21 12:21:35,956 [INFO] [Pipeline]     dont 27 encore actives.
2026-08-21 12:21:49,184 [INFO] [Pipeline]   Page 327...
2026-08-21 12:21:50,274 [INFO] [Pipeline]     29 lignes.
2026-08-21 12:21:50,274 [INFO] [Pipeline]     dont 29 encore actives.
2026-08-21 12:22:04,041 [INFO] [Pipeline]   Page 328...
2026-08-21 12:22:04,939 [INFO] [Pipeline]     20 lignes.
2026-08-21 12:22:04,939 [INFO] [Pipeline]     dont 20 encore actives.
2026-08-21 12:22:17,298 [INFO] [Pipeline]   Page 329...
2026-08-21 12:22:17,971 [INFO] [Pipeline]     10 lignes.
2026-08-21 12:22:17,971 [INFO] [Pipeline]     dont 10 encore actives.
2026-08-21 12:22:30,689 [INFO] [Pipeline]   Page 330...
2026-08-21 12:22:31,205 [INFO] [Pipeline]     3 lignes.
2026-08-21 12:22:31,205 [INFO] [Pipeline]     dont 3 encore actives.
2026-08-21 12:22:44,089 [INFO] [Pipeline]   Page 331...
2026-08-21 12:22:44,923 [INFO] [Pipeline]     16 lignes.
2026-08-21 12:22:44,923 [INFO] [Pipeline]     dont 16 encore actives.
2026-08-21 12:22:58,526 [INFO] [Pipeline]   Page 332...
2026-08-21 12:23:00,135 [INFO] [Pipeline]     26 lignes.
2026-08-21 12:23:00,135 [INFO] [Pipeline]     dont 26 encore actives.
2026-08-21 12:23:14,450 [INFO] [Pipeline]   Page 333...
2026-08-21 12:23:15,449 [INFO] [Pipeline]     25 lignes.
2026-08-21 12:23:15,449 [INFO] [Pipeline]     dont 25 encore actives.
2026-08-21 12:23:29,730 [INFO] [Pipeline]   Page 334...
2026-08-21 12:23:30,688 [INFO] [Pipeline]     23 lignes.
2026-08-21 12:23:30,688 [INFO] [Pipeline]     dont 23 encore actives.
2026-08-21 12:23:43,273 [INFO] [Pipeline]   Page 335...
2026-08-21 12:23:43,890 [INFO] [Pipeline]     7 lignes.
2026-08-21 12:23:43,890 [INFO] [Pipeline]     dont 7 encore actives.
2026-08-21 12:23:56,469 [INFO] [Pipeline]   Page 336...
2026-08-21 12:23:57,219 [INFO] [Pipeline]     13 lignes.
2026-08-21 12:23:57,219 [INFO] [Pipeline]     dont 13 encore actives.
2026-08-21 12:24:09,844 [INFO] [Pipeline]   Page 337...
2026-08-21 12:24:10,973 [INFO] [Pipeline]     29 lignes.
2026-08-21 12:24:10,973 [INFO] [Pipeline]     dont 29 encore actives.
2026-08-21 12:24:24,482 [INFO] [Pipeline]   Page 338...
2026-08-21 12:24:26,927 [INFO] [Pipeline]     92 lignes.
2026-08-21 12:24:26,933 [INFO] [Pipeline]     dont 89 encore actives.
2026-08-21 12:24:39,663 [INFO] [Pipeline]   Page 339...
2026-08-21 12:24:40,581 [INFO] [Pipeline]     21 lignes.
2026-08-21 12:24:40,581 [INFO] [Pipeline]     dont 21 encore actives.
2026-08-21 12:24:53,113 [INFO] [Pipeline]   Page 340...
2026-08-21 12:24:55,568 [INFO] [Pipeline]     100 lignes.
2026-08-21 12:24:55,569 [INFO] [Pipeline]     dont 90 encore actives.
2026-08-21 12:25:09,998 [INFO] [Pipeline]   Page 341...
2026-08-21 12:25:11,030 [INFO] [Pipeline]     28 lignes.
2026-08-21 12:25:11,030 [INFO] [Pipeline]     dont 28 encore actives.
2026-08-21 12:25:23,444 [INFO] [Pipeline]   Page 342...
2026-08-21 12:25:25,334 [INFO] [Pipeline]     63 lignes.
2026-08-21 12:25:25,334 [INFO] [Pipeline]     dont 63 encore actives.
2026-08-21 12:25:37,984 [INFO] [Pipeline]   Page 343...
2026-08-21 12:25:39,863 [INFO] [Pipeline]     68 lignes.
2026-08-21 12:25:39,863 [INFO] [Pipeline]     dont 68 encore actives.
2026-08-21 12:25:52,517 [INFO] [Pipeline]   Page 344...
2026-08-21 12:25:53,290 [INFO] [Pipeline]     14 lignes.
2026-08-21 12:25:53,290 [INFO] [Pipeline]     dont 14 encore actives.
2026-08-21 12:26:05,817 [INFO] [Pipeline]   Page 345...
2026-08-21 12:26:06,593 [INFO] [Pipeline]     13 lignes.
2026-08-21 12:26:06,593 [INFO] [Pipeline]     dont 13 encore actives.
2026-08-21 12:26:19,394 [INFO] [Pipeline]   Page 346...
2026-08-21 12:26:20,328 [INFO] [Pipeline]     23 lignes.
2026-08-21 12:26:20,328 [INFO] [Pipeline]     dont 23 encore actives.
2026-08-21 12:26:32,877 [INFO] [Pipeline]   Page 347...
2026-08-21 12:26:33,696 [INFO] [Pipeline]     17 lignes.
2026-08-21 12:26:33,696 [INFO] [Pipeline]     dont 17 encore actives.
2026-08-21 12:26:47,048 [INFO] [Pipeline]   Page 348...
2026-08-21 12:26:47,839 [INFO] [Pipeline]     15 lignes.
2026-08-21 12:26:47,839 [INFO] [Pipeline]     dont 15 encore actives.
2026-08-21 12:27:00,409 [INFO] [Pipeline]   Page 349...
2026-08-21 12:27:01,841 [INFO] [Pipeline]     45 lignes.
2026-08-21 12:27:01,841 [INFO] [Pipeline]     dont 45 encore actives.
2026-08-21 12:27:14,547 [INFO] [Pipeline]   Page 350...
2026-08-21 12:27:15,367 [INFO] [Pipeline]     16 lignes.
2026-08-21 12:27:15,367 [INFO] [Pipeline]     dont 16 encore actives.
2026-08-21 12:27:28,114 [INFO] [Pipeline]   Page 351...
2026-08-21 12:27:29,110 [INFO] [Pipeline]     26 lignes.
2026-08-21 12:27:29,110 [INFO] [Pipeline]     dont 26 encore actives.
2026-08-21 12:27:41,506 [INFO] [Pipeline]   Page 352...
2026-08-21 12:27:42,535 [INFO] [Pipeline]     24 lignes.
2026-08-21 12:27:42,535 [INFO] [Pipeline]     dont 24 encore actives.
2026-08-21 12:27:55,591 [INFO] [Pipeline]   Page 353...
2026-08-21 12:27:56,854 [INFO] [Pipeline]     33 lignes.
2026-08-21 12:27:56,854 [INFO] [Pipeline]     dont 33 encore actives.
2026-08-21 12:28:09,394 [INFO] [Pipeline]   Page 354...
2026-08-21 12:28:11,856 [INFO] [Pipeline]     100 lignes.
2026-08-21 12:28:11,858 [INFO] [Pipeline]     dont 90 encore actives.
2026-08-21 12:28:25,030 [INFO] [Pipeline]   Page 355...
2026-08-21 12:28:26,706 [INFO] [Pipeline]     57 lignes.
2026-08-21 12:28:26,708 [INFO] [Pipeline]     dont 57 encore actives.
2026-08-21 12:28:40,638 [INFO] [Pipeline]   Page 356...
2026-08-21 12:28:42,069 [INFO] [Pipeline]     47 lignes.
2026-08-21 12:28:42,069 [INFO] [Pipeline]     dont 47 encore actives.
2026-08-21 12:28:54,559 [INFO] [Pipeline]   Page 357...
2026-08-21 12:28:55,825 [INFO] [Pipeline]     38 lignes.
2026-08-21 12:28:55,825 [INFO] [Pipeline]     dont 38 encore actives.
2026-08-21 12:29:08,377 [INFO] [Pipeline]   Page 358...
2026-08-21 12:29:09,259 [INFO] [Pipeline]     19 lignes.
2026-08-21 12:29:09,259 [INFO] [Pipeline]     dont 19 encore actives.
2026-08-21 12:29:21,663 [INFO] [Pipeline]   Page 359...
2026-08-21 12:29:22,457 [INFO] [Pipeline]     14 lignes.
2026-08-21 12:29:22,457 [INFO] [Pipeline]     dont 14 encore actives.
2026-08-21 12:29:34,954 [INFO] [Pipeline]   Page 360...
2026-08-21 12:29:36,071 [INFO] [Pipeline]     29 lignes.
2026-08-21 12:29:36,071 [INFO] [Pipeline]     dont 29 encore actives.
2026-08-21 12:29:48,675 [INFO] [Pipeline]   Page 361...
2026-08-21 12:29:49,642 [INFO] [Pipeline]     23 lignes.
2026-08-21 12:29:49,642 [INFO] [Pipeline]     dont 23 encore actives.
2026-08-21 12:30:02,122 [INFO] [Pipeline]   Page 362...
2026-08-21 12:30:04,586 [INFO] [Pipeline]     100 lignes.
2026-08-21 12:30:04,587 [INFO] [Pipeline]     dont 90 encore actives.
2026-08-21 12:30:17,914 [INFO] [Pipeline]   Page 363...
2026-08-21 12:30:18,604 [INFO] [Pipeline]     10 lignes.
2026-08-21 12:30:18,604 [INFO] [Pipeline]     dont 10 encore actives.
2026-08-21 12:30:31,313 [INFO] [Pipeline]   Page 364...
2026-08-21 12:30:32,289 [INFO] [Pipeline]     25 lignes.
2026-08-21 12:30:32,289 [INFO] [Pipeline]     dont 25 encore actives.
2026-08-21 12:30:44,783 [INFO] [Pipeline]   Page 365...
2026-08-21 12:30:46,355 [INFO] [Pipeline]     53 lignes.
2026-08-21 12:30:46,355 [INFO] [Pipeline]     dont 53 encore actives.
2026-08-21 12:30:58,864 [INFO] [Pipeline]   Page 366...
2026-08-21 12:30:59,521 [INFO] [Pipeline]     9 lignes.
2026-08-21 12:30:59,521 [INFO] [Pipeline]     dont 9 encore actives.
2026-08-21 12:31:12,021 [INFO] [Pipeline]   Page 367...
2026-08-21 12:31:13,274 [INFO] [Pipeline]     37 lignes.
2026-08-21 12:31:13,274 [INFO] [Pipeline]     dont 37 encore actives.
2026-08-21 12:31:25,980 [INFO] [Pipeline]   Page 368...
2026-08-21 12:31:26,988 [INFO] [Pipeline]     25 lignes.
2026-08-21 12:31:26,988 [INFO] [Pipeline]     dont 25 encore actives.
2026-08-21 12:31:39,481 [INFO] [Pipeline]   Page 369...
2026-08-21 12:31:40,822 [INFO] [Pipeline]     39 lignes.
2026-08-21 12:31:40,822 [INFO] [Pipeline]     dont 39 encore actives.
2026-08-21 12:31:54,307 [INFO] [Pipeline]   Page 370...
2026-08-21 12:31:55,090 [INFO] [Pipeline]     15 lignes.
2026-08-21 12:31:55,090 [INFO] [Pipeline]     dont 15 encore actives.
2026-08-21 12:32:08,330 [INFO] [Pipeline]   Page 371...
2026-08-21 12:32:08,984 [INFO] [Pipeline]     9 lignes.
2026-08-21 12:32:08,984 [INFO] [Pipeline]     dont 9 encore actives.
2026-08-21 12:32:22,260 [INFO] [Pipeline]   Page 372...
2026-08-21 12:32:24,034 [INFO] [Pipeline]     57 lignes.
2026-08-21 12:32:24,034 [INFO] [Pipeline]     dont 57 encore actives.
2026-08-21 12:32:37,999 [INFO] [Pipeline]   Page 373...
2026-08-21 12:32:39,200 [INFO] [Pipeline]     29 lignes.
2026-08-21 12:32:39,200 [INFO] [Pipeline]     dont 29 encore actives.
2026-08-21 12:32:52,244 [INFO] [Pipeline]   Page 374...
2026-08-21 12:32:53,520 [INFO] [Pipeline]     39 lignes.
2026-08-21 12:32:53,520 [INFO] [Pipeline]     dont 39 encore actives.
2026-08-21 12:33:06,519 [INFO] [Pipeline]   Page 375...
2026-08-21 12:33:07,731 [INFO] [Pipeline]     33 lignes.
2026-08-21 12:33:07,731 [INFO] [Pipeline]     dont 33 encore actives.
2026-08-21 12:33:22,012 [INFO] [Pipeline]   Page 376...
2026-08-21 12:33:22,930 [INFO] [Pipeline]     20 lignes.
2026-08-21 12:33:22,930 [INFO] [Pipeline]     dont 20 encore actives.
2026-08-21 12:33:38,157 [INFO] [Pipeline]   Page 377...
2026-08-21 12:33:39,137 [INFO] [Pipeline]     21 lignes.
2026-08-21 12:33:39,137 [INFO] [Pipeline]     dont 21 encore actives.
2026-08-21 12:33:52,189 [INFO] [Pipeline]   Page 378...
2026-08-21 12:33:53,262 [INFO] [Pipeline]     28 lignes.
2026-08-21 12:33:53,262 [INFO] [Pipeline]     dont 28 encore actives.
2026-08-21 12:34:06,213 [INFO] [Pipeline]   Page 379...
2026-08-21 12:34:06,890 [INFO] [Pipeline]     10 lignes.
2026-08-21 12:34:06,890 [INFO] [Pipeline]     dont 10 encore actives.
2026-08-21 12:34:19,472 [INFO] [Pipeline]   Page 380...
2026-08-21 12:34:20,250 [INFO] [Pipeline]     12 lignes.
2026-08-21 12:34:20,250 [INFO] [Pipeline]     dont 12 encore actives.
2026-08-21 12:34:32,684 [INFO] [Pipeline]   Page 381...
2026-08-21 12:34:33,801 [INFO] [Pipeline]     31 lignes.
2026-08-21 12:34:33,801 [INFO] [Pipeline]     dont 31 encore actives.
2026-08-21 12:34:46,301 [INFO] [Pipeline]   Page 382...
2026-08-21 12:34:47,344 [INFO] [Pipeline]     28 lignes.
2026-08-21 12:34:47,344 [INFO] [Pipeline]     dont 28 encore actives.
2026-08-21 12:34:59,907 [INFO] [Pipeline]   Page 383...
2026-08-21 12:35:00,755 [INFO] [Pipeline]     17 lignes.
2026-08-21 12:35:00,755 [INFO] [Pipeline]     dont 17 encore actives.
2026-08-21 12:35:13,862 [INFO] [Pipeline]   Page 384...
2026-08-21 12:35:14,932 [INFO] [Pipeline]     28 lignes.
2026-08-21 12:35:14,933 [INFO] [Pipeline]     dont 28 encore actives.
2026-08-21 12:35:29,029 [INFO] [Pipeline]   Page 385...
2026-08-21 12:35:29,675 [INFO] [Pipeline]     9 lignes.
2026-08-21 12:35:29,675 [INFO] [Pipeline]     dont 9 encore actives.
2026-08-21 12:35:42,220 [INFO] [Pipeline]   Page 386...
2026-08-21 12:35:43,062 [INFO] [Pipeline]     17 lignes.
2026-08-21 12:35:43,062 [INFO] [Pipeline]     dont 17 encore actives.
2026-08-21 12:35:55,420 [INFO] [Pipeline]   Page 387...
2026-08-21 12:35:57,744 [INFO] [Pipeline]     90 lignes.
2026-08-21 12:35:57,744 [INFO] [Pipeline]     dont 90 encore actives.
2026-08-21 12:36:10,566 [INFO] [Pipeline]   Page 388...
2026-08-21 12:36:11,459 [INFO] [Pipeline]     20 lignes.
2026-08-21 12:36:11,459 [INFO] [Pipeline]     dont 20 encore actives.
2026-08-21 12:36:24,226 [INFO] [Pipeline]   Page 389...
2026-08-21 12:36:25,577 [INFO] [Pipeline]     42 lignes.
2026-08-21 12:36:25,577 [INFO] [Pipeline]     dont 42 encore actives.
2026-08-21 12:36:38,351 [INFO] [Pipeline]   Page 390...
2026-08-21 12:36:39,227 [INFO] [Pipeline]     19 lignes.
2026-08-21 12:36:39,227 [INFO] [Pipeline]     dont 19 encore actives.
2026-08-21 12:36:51,792 [INFO] [Pipeline]   Page 391...
2026-08-21 12:36:52,493 [INFO] [Pipeline]     11 lignes.
2026-08-21 12:36:52,493 [INFO] [Pipeline]     dont 11 encore actives.
2026-08-21 12:37:04,854 [INFO] [Pipeline]   Page 392...
2026-08-21 12:37:06,479 [INFO] [Pipeline]     22 lignes.
2026-08-21 12:37:06,479 [INFO] [Pipeline]     dont 22 encore actives.
2026-08-21 12:37:20,158 [INFO] [Pipeline]   Page 393...
2026-08-21 12:37:22,015 [INFO] [Pipeline]     44 lignes.
2026-08-21 12:37:22,015 [INFO] [Pipeline]     dont 44 encore actives.
2026-08-21 12:37:35,384 [INFO] [Pipeline]   Page 394...
2026-08-21 12:37:36,132 [INFO] [Pipeline]     12 lignes.
2026-08-21 12:37:36,132 [INFO] [Pipeline]     dont 12 encore actives.
2026-08-21 12:37:49,007 [INFO] [Pipeline]   Page 395...
2026-08-21 12:37:49,997 [INFO] [Pipeline]     25 lignes.
2026-08-21 12:37:49,997 [INFO] [Pipeline]     dont 25 encore actives.
2026-08-21 12:38:02,935 [INFO] [Pipeline]   Page 396...
2026-08-21 12:38:03,990 [INFO] [Pipeline]     29 lignes.
2026-08-21 12:38:03,990 [INFO] [Pipeline]     dont 29 encore actives.
2026-08-21 12:38:17,981 [INFO] [Pipeline]   Page 397...
2026-08-21 12:38:18,904 [INFO] [Pipeline]     21 lignes.
2026-08-21 12:38:18,904 [INFO] [Pipeline]     dont 21 encore actives.
2026-08-21 12:38:32,092 [INFO] [Pipeline]   Page 398...
2026-08-21 12:38:34,020 [INFO] [Pipeline]     51 lignes.
2026-08-21 12:38:34,020 [INFO] [Pipeline]     dont 51 encore actives.
2026-08-21 12:38:47,260 [INFO] [Pipeline]   Page 399...
2026-08-21 12:38:49,732 [INFO] [Pipeline]     100 lignes.
2026-08-21 12:38:49,735 [INFO] [Pipeline]     dont 89 encore actives.
2026-08-21 12:39:03,213 [INFO] [Pipeline]   Page 400...
2026-08-21 12:39:05,686 [INFO] [Pipeline]     100 lignes.
2026-08-21 12:39:05,687 [INFO] [Pipeline]     dont 90 encore actives.
2026-08-21 12:39:19,584 [INFO] [Pipeline]   Page 401...
2026-08-21 12:39:22,142 [INFO] [Pipeline]     100 lignes.
2026-08-21 12:39:22,143 [INFO] [Pipeline]     dont 90 encore actives.
2026-08-21 12:39:36,453 [INFO] [Pipeline]   Page 402...
2026-08-21 12:39:38,890 [INFO] [Pipeline]     100 lignes.
2026-08-21 12:39:38,890 [INFO] [Pipeline]     dont 89 encore actives.
2026-08-21 12:39:55,305 [INFO] [Pipeline]   Page 403...
2026-08-21 12:39:57,121 [INFO] [Pipeline]     63 lignes.
2026-08-21 12:39:57,121 [INFO] [Pipeline]     dont 63 encore actives.
2026-08-21 12:40:10,301 [INFO] [Pipeline]   Page 404...
2026-08-21 12:40:12,624 [INFO] [Pipeline]     86 lignes.
2026-08-21 12:40:12,625 [INFO] [Pipeline]     dont 86 encore actives.
2026-08-21 12:40:25,764 [INFO] [Pipeline]   Page 405...
2026-08-21 12:40:28,359 [INFO] [Pipeline]     98 lignes.
2026-08-21 12:40:28,359 [INFO] [Pipeline]     dont 91 encore actives.
2026-08-21 12:40:41,548 [INFO] [Pipeline]   Page 406...
2026-08-21 12:40:44,044 [INFO] [Pipeline]     100 lignes.
2026-08-21 12:40:44,044 [INFO] [Pipeline]     dont 91 encore actives.
2026-08-21 12:40:57,849 [INFO] [Pipeline]   Page 407...
2026-08-21 12:41:00,297 [INFO] [Pipeline]     100 lignes.
2026-08-21 12:41:00,297 [INFO] [Pipeline]     dont 90 encore actives.
2026-08-21 12:41:13,148 [INFO] [Pipeline]   Page 408...
2026-08-21 12:41:15,678 [INFO] [Pipeline]     100 lignes.
2026-08-21 12:41:15,678 [INFO] [Pipeline]     dont 92 encore actives.
2026-08-21 12:41:29,499 [INFO] [Pipeline]   Page 409...
2026-08-21 12:41:31,568 [INFO] [Pipeline]     78 lignes.
2026-08-21 12:41:31,568 [INFO] [Pipeline]     dont 78 encore actives.
2026-08-21 12:41:44,981 [INFO] [Pipeline]   Page 410...
2026-08-21 12:41:46,792 [INFO] [Pipeline]     64 lignes.
2026-08-21 12:41:46,792 [INFO] [Pipeline]     dont 64 encore actives.
2026-08-21 12:41:59,978 [INFO] [Pipeline]   Page 411...
2026-08-21 12:42:02,985 [INFO] [Pipeline]     100 lignes.
2026-08-21 12:42:02,985 [INFO] [Pipeline]     dont 90 encore actives.
2026-08-21 12:42:16,933 [INFO] [Pipeline]   Page 412...
2026-08-21 12:42:18,113 [INFO] [Pipeline]     18 lignes.
2026-08-21 12:42:18,113 [INFO] [Pipeline]     dont 18 encore actives.
2026-08-21 12:42:32,656 [INFO] [Pipeline]   Page 413...
2026-08-21 12:42:33,423 [INFO] [Pipeline]     13 lignes.
2026-08-21 12:42:33,423 [INFO] [Pipeline]     dont 13 encore actives.
2026-08-21 12:42:46,958 [INFO] [Pipeline]   Page 414...
2026-08-21 12:42:47,792 [INFO] [Pipeline]     17 lignes.
2026-08-21 12:42:47,792 [INFO] [Pipeline]     dont 17 encore actives.
2026-08-21 12:43:01,040 [INFO] [Pipeline]   Page 415...
2026-08-21 12:43:03,308 [INFO] [Pipeline]     67 lignes.
2026-08-21 12:43:03,308 [INFO] [Pipeline]     dont 67 encore actives.
2026-08-21 12:43:29,082 [INFO] [Pipeline]   Page 416...
2026-08-21 12:43:30,827 [INFO] [Pipeline]     17 lignes.
2026-08-21 12:43:30,827 [INFO] [Pipeline]     dont 17 encore actives.
2026-08-21 12:43:55,364 [INFO] [Pipeline]   Page 417...
2026-08-21 12:43:56,250 [INFO] [Pipeline]     3 lignes.
2026-08-21 12:43:56,250 [INFO] [Pipeline]     dont 3 encore actives.
2026-08-21 12:44:19,979 [INFO] [Pipeline]   Page 418...
2026-08-21 12:44:21,282 [INFO] [Pipeline]     9 lignes.
2026-08-21 12:44:21,282 [INFO] [Pipeline]     dont 9 encore actives.
2026-08-21 12:44:45,232 [INFO] [Pipeline]   Page 419...
2026-08-21 12:44:46,521 [INFO] [Pipeline]     7 lignes.
2026-08-21 12:44:46,521 [INFO] [Pipeline]     dont 7 encore actives.
2026-08-21 12:45:10,694 [INFO] [Pipeline]   Page 420...
2026-08-21 12:45:11,894 [INFO] [Pipeline]     4 lignes.
2026-08-21 12:45:11,894 [INFO] [Pipeline]     dont 4 encore actives.
2026-08-21 12:45:35,060 [INFO] [Pipeline]   Page 421...
2026-08-21 12:45:36,258 [INFO] [Pipeline]     4 lignes.
2026-08-21 12:45:36,258 [INFO] [Pipeline]     dont 4 encore actives.
2026-08-21 12:45:56,556 [INFO] [Pipeline]   Page 422...
2026-08-21 12:45:57,742 [INFO] [Pipeline]     5 lignes.
2026-08-21 12:45:57,742 [INFO] [Pipeline]     dont 5 encore actives.
2026-08-21 12:46:16,993 [INFO] [Pipeline]   Page 423...
2026-08-21 12:46:18,168 [INFO] [Pipeline]     9 lignes.
2026-08-21 12:46:18,168 [INFO] [Pipeline]     dont 9 encore actives.
2026-08-21 12:46:41,489 [INFO] [Pipeline]   Page 424...
2026-08-21 12:46:42,255 [INFO] [Pipeline]     2 lignes.
2026-08-21 12:46:42,255 [INFO] [Pipeline]     dont 2 encore actives.
2026-08-21 12:47:06,055 [INFO] [Pipeline]   Page 425...
2026-08-21 12:47:07,212 [INFO] [Pipeline]     5 lignes.
2026-08-21 12:47:07,212 [INFO] [Pipeline]     dont 5 encore actives.
2026-08-21 12:47:30,887 [INFO] [Pipeline]   Page 426...
2026-08-21 12:47:32,333 [INFO] [Pipeline]     12 lignes.
2026-08-21 12:47:32,333 [INFO] [Pipeline]     dont 12 encore actives.
2026-08-21 12:47:55,833 [INFO] [Pipeline]   Page 427...
2026-08-21 12:47:56,767 [INFO] [Pipeline]     5 lignes.
2026-08-21 12:47:56,767 [INFO] [Pipeline]     dont 5 encore actives.
2026-08-21 12:48:20,536 [INFO] [Pipeline]   Page 428...
2026-08-21 12:48:22,170 [INFO] [Pipeline]     12 lignes.
2026-08-21 12:48:22,170 [INFO] [Pipeline]     dont 12 encore actives.
2026-08-21 12:48:43,509 [INFO] [Pipeline]   Page 429...
2026-08-21 12:48:44,586 [INFO] [Pipeline]     10 lignes.
2026-08-21 12:48:44,586 [INFO] [Pipeline]     dont 10 encore actives.
2026-08-21 12:49:06,680 [INFO] [Pipeline]   Page 430...
2026-08-21 12:49:08,486 [INFO] [Pipeline]     12 lignes.
2026-08-21 12:49:08,486 [INFO] [Pipeline]     dont 12 encore actives.
2026-08-21 12:49:32,266 [INFO] [Pipeline]   Page 431...
2026-08-21 12:49:35,545 [INFO] [Pipeline]     24 lignes.
2026-08-21 12:49:35,545 [INFO] [Pipeline]     dont 24 encore actives.
2026-08-21 12:49:58,982 [INFO] [Pipeline]   Page 432...
2026-08-21 12:49:59,930 [INFO] [Pipeline]     7 lignes.
2026-08-21 12:49:59,930 [INFO] [Pipeline]     dont 7 encore actives.
2026-08-21 12:50:18,308 [INFO] [Pipeline]   Page 433...
2026-08-21 12:50:19,597 [INFO] [Pipeline]     20 lignes.
2026-08-21 12:50:19,597 [INFO] [Pipeline]     dont 20 encore actives.
2026-08-21 12:50:41,215 [INFO] [Pipeline]   Page 434...
2026-08-21 12:50:42,292 [INFO] [Pipeline]     7 lignes.
2026-08-21 12:50:42,292 [INFO] [Pipeline]     dont 7 encore actives.
2026-08-21 12:51:03,363 [INFO] [Pipeline]   Page 435...
2026-08-21 12:51:04,602 [INFO] [Pipeline]     16 lignes.
2026-08-21 12:51:04,602 [INFO] [Pipeline]     dont 16 encore actives.
2026-08-21 12:51:25,494 [INFO] [Pipeline]   Page 436...
2026-08-21 12:51:26,652 [INFO] [Pipeline]     12 lignes.
2026-08-21 12:51:26,652 [INFO] [Pipeline]     dont 12 encore actives.
2026-08-21 12:51:46,759 [INFO] [Pipeline]   Page 437...
2026-08-21 12:51:47,961 [INFO] [Pipeline]     12 lignes.
2026-08-21 12:51:47,961 [INFO] [Pipeline]     dont 12 encore actives.
2026-08-21 12:52:08,822 [INFO] [Pipeline]   Page 438...
2026-08-21 12:52:09,986 [INFO] [Pipeline]     12 lignes.
2026-08-21 12:52:09,986 [INFO] [Pipeline]     dont 12 encore actives.
2026-08-21 12:52:32,110 [INFO] [Pipeline]   Page 439...
2026-08-21 12:52:33,350 [INFO] [Pipeline]     10 lignes.
2026-08-21 12:52:33,350 [INFO] [Pipeline]     dont 10 encore actives.
2026-08-21 12:52:54,292 [INFO] [Pipeline]   Page 440...
2026-08-21 12:52:55,817 [INFO] [Pipeline]     15 lignes.
2026-08-21 12:52:55,817 [INFO] [Pipeline]     dont 15 encore actives.
2026-08-21 12:53:15,717 [INFO] [Pipeline]   Page 441...
2026-08-21 12:53:16,676 [INFO] [Pipeline]     8 lignes.
2026-08-21 12:53:16,676 [INFO] [Pipeline]     dont 8 encore actives.
2026-08-21 12:53:35,180 [INFO] [Pipeline]   Page 442...
2026-08-21 12:53:36,411 [INFO] [Pipeline]     13 lignes.
2026-08-21 12:53:36,411 [INFO] [Pipeline]     dont 13 encore actives.
2026-08-21 12:53:59,424 [INFO] [Pipeline]   Page 443...
2026-08-21 12:54:00,723 [INFO] [Pipeline]     14 lignes.
2026-08-21 12:54:00,723 [INFO] [Pipeline]     dont 14 encore actives.
2026-08-21 12:54:23,296 [INFO] [Pipeline]   Page 444...
2026-08-21 12:54:26,783 [INFO] [Pipeline]     61 lignes.
2026-08-21 12:54:26,783 [INFO] [Pipeline]     dont 61 encore actives.
2026-08-21 12:54:47,559 [INFO] [Pipeline]   Page 445...
2026-08-21 12:54:51,660 [INFO] [Pipeline]     91 lignes.
2026-08-21 12:54:51,660 [INFO] [Pipeline]     dont 91 encore actives.
2026-08-21 12:55:13,087 [INFO] [Pipeline]   Page 446...
2026-08-21 12:55:15,819 [INFO] [Pipeline]     54 lignes.
2026-08-21 12:55:15,820 [INFO] [Pipeline]     dont 54 encore actives.
2026-08-21 12:55:36,984 [INFO] [Pipeline]   Page 447...
2026-08-21 12:55:39,146 [INFO] [Pipeline]     34 lignes.
2026-08-21 12:55:39,146 [INFO] [Pipeline]     dont 34 encore actives.
2026-08-21 12:56:00,893 [INFO] [Pipeline]   Page 448...
2026-08-21 12:56:02,754 [INFO] [Pipeline]     25 lignes.
2026-08-21 12:56:02,754 [INFO] [Pipeline]     dont 25 encore actives.
2026-08-21 12:56:23,103 [INFO] [Pipeline]   Page 449...
2026-08-21 12:56:24,079 [INFO] [Pipeline]     9 lignes.
2026-08-21 12:56:24,079 [INFO] [Pipeline]     dont 9 encore actives.
2026-08-21 12:56:46,545 [INFO] [Pipeline]   Page 450...
2026-08-21 12:56:47,796 [INFO] [Pipeline]     11 lignes.
2026-08-21 12:56:47,796 [INFO] [Pipeline]     dont 11 encore actives.
2026-08-21 12:57:11,046 [INFO] [Pipeline]   Page 451...
2026-08-21 12:57:12,069 [INFO] [Pipeline]     10 lignes.
2026-08-21 12:57:12,069 [INFO] [Pipeline]     dont 10 encore actives.
2026-08-21 12:57:33,114 [INFO] [Pipeline]   Page 452...
2026-08-21 12:57:34,145 [INFO] [Pipeline]     6 lignes.
2026-08-21 12:57:34,145 [INFO] [Pipeline]     dont 6 encore actives.
2026-08-21 12:57:56,202 [INFO] [Pipeline]   Page 453...
2026-08-21 12:57:59,187 [INFO] [Pipeline]     55 lignes.
2026-08-21 12:57:59,187 [INFO] [Pipeline]     dont 55 encore actives.
2026-08-21 12:58:19,563 [INFO] [Pipeline]   Page 454...
2026-08-21 12:58:20,596 [INFO] [Pipeline]     8 lignes.
2026-08-21 12:58:20,596 [INFO] [Pipeline]     dont 8 encore actives.
2026-08-21 12:58:41,720 [INFO] [Pipeline]   Page 455...
2026-08-21 12:58:43,059 [INFO] [Pipeline]     12 lignes.
2026-08-21 12:58:43,059 [INFO] [Pipeline]     dont 12 encore actives.
2026-08-21 12:59:04,957 [INFO] [Pipeline]   Page 456...
2026-08-21 12:59:05,998 [INFO] [Pipeline]     8 lignes.
2026-08-21 12:59:05,999 [INFO] [Pipeline]     dont 8 encore actives.
2026-08-21 12:59:27,589 [INFO] [Pipeline]   Page 457...
2026-08-21 12:59:28,677 [INFO] [Pipeline]     4 lignes.
2026-08-21 12:59:28,692 [INFO] [Pipeline]     dont 4 encore actives.
2026-08-21 12:59:45,435 [WARNING] [Pipeline] Retrying (Retry(total=2, connect=None, read=None, redirect=None, status=None)) after connection broken by 'ConnectionResetError(10054, 'Une connexion existante a dû être fermée par l’hôte distant', None, 10054, None)': /session/ba45dc023d9f8022beaa3acacf5a95c6/element/f.DF0CCA5A7C3B6BD5AB1C48954C45E165.d.05954C588A45CA25A746D5A080C0DDCB.e.585093/text
